Date,Open,High,Low,Close,Adj Close,Volume
1996-05-09,22.200000762939453,24.399999618530273,22.200000762939453,23.200000762939453,23.200000762939453,4290000
1996-05-10,24.0,24.200000762939453,23.600000381469727,24.0,24.0,1060000
1996-05-13,24.0,24.100000381469727,23.299999237060547,23.899999618530273,23.899999618530273,700000
1996-05-14,24.0,24.100000381469727,23.100000381469727,23.600000381469727,23.600000381469727,310000
1996-05-15,23.600000381469727,23.700000762939453,23.0,23.200000762939453,23.200000762939453,545000
1996-05-16,23.100000381469727,23.100000381469727,22.299999237060547,22.600000381469727,22.600000381469727,360000
1996-05-17,22.600000381469727,23.0,22.600000381469727,22.799999237060547,22.799999237060547,325000
1996-05-20,22.899999618530273,23.0,22.399999618530273,22.5,22.5,240000
1996-05-21,22.700000762939453,22.799999237060547,22.299999237060547,22.600000381469727,22.600000381469727,235000
1996-05-22,22.700000762939453,22.700000762939453,21.799999237060547,22.0,22.0,250000
1996-05-23,22.0,22.200000762939453,21.700000762939453,22.100000381469727,22.100000381469727,205000
1996-05-24,22.100000381469727,22.100000381469727,21.399999618530273,21.600000381469727,21.600000381469727,155000
1996-05-28,21.899999618530273,22.100000381469727,21.200000762939453,21.200000762939453,21.200000762939453,205000
1996-05-29,21.0,21.299999237060547,20.700000762939453,20.799999237060547,20.799999237060547,105000
1996-05-30,20.700000762939453,20.799999237060547,20.0,20.5,20.5,320000
1996-05-31,20.200000762939453,20.399999618530273,19.799999237060547,20.399999618530273,20.399999618530273,230000
1996-06-03,20.399999618530273,20.5,20.0,20.100000381469727,20.100000381469727,80000
1996-06-04,20.100000381469727,21.399999618530273,20.100000381469727,21.399999618530273,21.399999618530273,115000
1996-06-05,21.399999618530273,22.0,21.299999237060547,21.860000610351562,21.860000610351562,165000
1996-06-06,21.860000610351562,22.0,21.700000762939453,21.700000762939453,21.700000762939453,90000
1996-06-07,21.5,21.799999237060547,21.200000762939453,21.600000381469727,21.600000381469727,85000
1996-06-10,21.700000762939453,21.899999618530273,21.100000381469727,21.200000762939453,21.200000762939453,80000
1996-06-11,21.200000762939453,21.700000762939453,21.200000762939453,21.399999618530273,21.399999618530273,65000
1996-06-12,21.600000381469727,22.0,21.399999618530273,22.0,22.0,110000
1996-06-13,22.0,22.200000762939453,21.899999618530273,22.059999465942383,22.059999465942383,65000
1996-06-14,22.200000762939453,22.200000762939453,21.700000762939453,22.0,22.0,40000
1996-06-17,22.0,22.059999465942383,21.700000762939453,21.81999969482422,21.81999969482422,40000
1996-06-18,21.860000610351562,21.860000610351562,21.5,21.65999984741211,21.65999984741211,45000
1996-06-19,21.600000381469727,21.700000762939453,21.239999771118164,21.299999237060547,21.299999237060547,40000
1996-06-20,21.399999618530273,21.459999084472656,20.5,20.700000762939453,20.700000762939453,55000
1996-06-21,20.5,20.700000762939453,20.479999542236328,20.700000762939453,20.700000762939453,70000
1996-06-24,20.65999984741211,20.799999237060547,20.5,20.600000381469727,20.600000381469727,75000
1996-06-25,20.600000381469727,20.700000762939453,20.100000381469727,20.399999618530273,20.399999618530273,120000
1996-06-26,20.520000457763672,20.600000381469727,20.299999237060547,20.399999618530273,20.399999618530273,60000
1996-06-27,20.299999237060547,20.360000610351562,20.059999465942383,20.200000762939453,20.200000762939453,85000
1996-06-28,20.100000381469727,20.65999984741211,20.100000381469727,20.65999984741211,20.65999984741211,105000
1996-07-01,20.65999984741211,21.5,20.600000381469727,21.5,21.5,135000
1996-07-02,21.65999984741211,21.799999237060547,21.459999084472656,21.700000762939453,21.700000762939453,80000
1996-07-03,21.760000228881836,21.760000228881836,21.100000381469727,21.299999237060547,21.299999237060547,40000
1996-07-05,21.0,21.100000381469727,20.600000381469727,20.700000762939453,20.700000762939453,80000
1996-07-08,20.799999237060547,21.5,20.600000381469727,20.959999084472656,20.959999084472656,80000
1996-07-09,21.0,21.399999618530273,20.65999984741211,21.200000762939453,21.200000762939453,170000
1996-07-10,21.299999237060547,21.360000610351562,20.700000762939453,20.979999542236328,20.979999542236328,70000
1996-07-11,21.059999465942383,21.059999465942383,20.600000381469727,20.799999237060547,20.799999237060547,120000
1996-07-12,20.600000381469727,21.059999465942383,20.600000381469727,20.84000015258789,20.84000015258789,90000
1996-07-15,20.799999237060547,20.899999618530273,20.440000534057617,20.65999984741211,20.65999984741211,105000
1996-07-16,20.5,21.100000381469727,20.100000381469727,20.700000762939453,20.700000762939453,145000
1996-07-17,20.860000610351562,21.299999237060547,20.639999389648438,21.100000381469727,21.100000381469727,130000
1996-07-18,21.0,21.299999237060547,21.0,21.200000762939453,21.200000762939453,50000
1996-07-19,21.200000762939453,21.360000610351562,21.0,21.100000381469727,21.100000381469727,60000
1996-07-22,21.0,21.100000381469727,20.84000015258789,20.84000015258789,20.84000015258789,55000
1996-07-23,20.84000015258789,21.200000762939453,20.399999618530273,20.399999618530273,20.399999618530273,55000
1996-07-24,20.100000381469727,20.5,20.100000381469727,20.5,20.5,70000
1996-07-25,20.600000381469727,20.719999313354492,20.399999618530273,20.5,20.5,70000
1996-07-26,20.399999618530273,20.600000381469727,20.399999618530273,20.399999618530273,20.399999618530273,30000
1996-07-29,20.399999618530273,20.65999984741211,20.399999618530273,20.5,20.5,35000
1996-07-30,20.399999618530273,20.899999618530273,20.399999618530273,20.540000915527344,20.540000915527344,55000
1996-07-31,20.540000915527344,20.540000915527344,20.399999618530273,20.520000457763672,20.520000457763672,25000
1996-08-01,20.5,20.65999984741211,20.440000534057617,20.540000915527344,20.540000915527344,25000
1996-08-02,20.68000030517578,20.959999084472656,20.65999984741211,20.959999084472656,20.959999084472656,65000
1996-08-05,20.959999084472656,21.1200008392334,20.799999237060547,20.799999237060547,20.799999237060547,60000
1996-08-06,20.799999237060547,20.860000610351562,20.5,20.799999237060547,20.799999237060547,45000
1996-08-07,20.860000610351562,20.8799991607666,20.65999984741211,20.84000015258789,20.84000015258789,60000
1996-08-08,20.84000015258789,20.8799991607666,20.700000762939453,20.8799991607666,20.8799991607666,50000
1996-08-09,20.719999313354492,20.860000610351562,20.700000762939453,20.799999237060547,20.799999237060547,45000
1996-08-12,20.799999237060547,20.860000610351562,20.700000762939453,20.860000610351562,20.860000610351562,25000
1996-08-13,20.760000228881836,20.799999237060547,20.639999389648438,20.719999313354492,20.719999313354492,50000
1996-08-14,20.68000030517578,21.600000381469727,20.68000030517578,21.600000381469727,21.600000381469727,85000
1996-08-15,21.700000762939453,22.200000762939453,21.600000381469727,22.200000762939453,22.200000762939453,150000
1996-08-16,22.200000762939453,22.34000015258789,21.760000228881836,21.860000610351562,21.860000610351562,90000
1996-08-19,22.0,22.0,21.600000381469727,21.68000030517578,21.68000030517578,50000
1996-08-20,21.600000381469727,21.799999237060547,21.360000610351562,21.399999618530273,21.399999618530273,55000
1996-08-21,21.420000076293945,21.420000076293945,21.200000762939453,21.200000762939453,21.200000762939453,30000
1996-08-22,21.299999237060547,21.479999542236328,21.299999237060547,21.299999237060547,21.299999237060547,45000
1996-08-23,21.34000015258789,21.34000015258789,21.239999771118164,21.34000015258789,21.34000015258789,30000
1996-08-26,21.34000015258789,21.34000015258789,21.079999923706055,21.139999389648438,21.139999389648438,25000
1996-08-27,21.260000228881836,21.34000015258789,21.1200008392334,21.200000762939453,21.200000762939453,30000
1996-08-28,21.200000762939453,21.200000762939453,20.899999618530273,20.979999542236328,20.979999542236328,40000
1996-08-29,21.020000457763672,21.020000457763672,20.700000762939453,20.700000762939453,20.700000762939453,60000
1996-08-30,20.760000228881836,20.8799991607666,20.68000030517578,20.81999969482422,20.81999969482422,35000
1996-09-03,20.899999618530273,20.979999542236328,20.719999313354492,20.959999084472656,20.959999084472656,15000
1996-09-04,20.959999084472656,21.079999923706055,20.8799991607666,21.0,21.0,25000
1996-09-05,21.059999465942383,21.059999465942383,20.780000686645508,20.899999618530273,20.899999618530273,45000
1996-09-06,20.899999618530273,21.1200008392334,20.860000610351562,21.040000915527344,21.040000915527344,30000
1996-09-09,21.100000381469727,21.479999542236328,21.0,21.360000610351562,21.360000610351562,70000
1996-09-10,21.459999084472656,21.459999084472656,21.100000381469727,21.200000762939453,21.200000762939453,55000
1996-09-11,21.239999771118164,21.3799991607666,21.079999923706055,21.31999969482422,21.31999969482422,40000
1996-09-12,21.3799991607666,21.440000534057617,21.299999237060547,21.440000534057617,21.440000534057617,40000
1996-09-13,21.440000534057617,21.639999389648438,21.360000610351562,21.459999084472656,21.459999084472656,55000
1996-09-16,21.5,21.84000015258789,21.459999084472656,21.84000015258789,21.84000015258789,70000
1996-09-17,21.920000076293945,21.920000076293945,21.399999618530273,21.65999984741211,21.65999984741211,145000
1996-09-18,21.760000228881836,21.799999237060547,21.559999465942383,21.559999465942383,21.559999465942383,105000
1996-09-19,21.459999084472656,21.799999237060547,21.440000534057617,21.65999984741211,21.65999984741211,65000
1996-09-20,21.760000228881836,21.799999237060547,21.65999984741211,21.739999771118164,21.739999771118164,40000
1996-09-23,21.65999984741211,21.65999984741211,21.440000534057617,21.520000457763672,21.520000457763672,30000
1996-09-24,21.459999084472656,21.639999389648438,21.280000686645508,21.559999465942383,21.559999465942383,65000
1996-09-25,21.479999542236328,21.600000381469727,21.399999618530273,21.479999542236328,21.479999542236328,50000
1996-09-26,21.579999923706055,21.6200008392334,21.399999618530273,21.479999542236328,21.479999542236328,45000
1996-09-27,21.479999542236328,21.479999542236328,21.239999771118164,21.360000610351562,21.360000610351562,55000
1996-09-30,21.280000686645508,21.600000381469727,21.280000686645508,21.459999084472656,21.459999084472656,55000
1996-10-01,21.459999084472656,21.459999084472656,21.15999984741211,21.239999771118164,21.239999771118164,70000
1996-10-02,21.200000762939453,21.440000534057617,21.200000762939453,21.420000076293945,21.420000076293945,75000
1996-10-03,21.459999084472656,21.459999084472656,21.34000015258789,21.399999618530273,21.399999618530273,40000
1996-10-04,21.360000610351562,21.459999084472656,21.31999969482422,21.399999618530273,21.399999618530273,70000
1996-10-07,21.440000534057617,21.440000534057617,21.299999237060547,21.299999237060547,21.299999237060547,95000
1996-10-08,21.239999771118164,21.34000015258789,21.15999984741211,21.15999984741211,21.15999984741211,50000
1996-10-09,21.15999984741211,21.280000686645508,21.100000381469727,21.280000686645508,21.280000686645508,130000
1996-10-10,21.31999969482422,21.31999969482422,21.15999984741211,21.219999313354492,21.219999313354492,35000
1996-10-11,21.200000762939453,21.399999618530273,21.15999984741211,21.15999984741211,21.15999984741211,60000
1996-10-14,21.200000762939453,21.399999618530273,21.15999984741211,21.299999237060547,21.299999237060547,70000
1996-10-15,21.200000762939453,21.280000686645508,21.1200008392334,21.200000762939453,21.200000762939453,70000
1996-10-16,21.219999313354492,21.459999084472656,21.200000762939453,21.459999084472656,21.459999084472656,95000
1996-10-17,21.479999542236328,21.719999313354492,21.360000610351562,21.639999389648438,21.639999389648438,90000
1996-10-18,21.739999771118164,21.799999237060547,21.600000381469727,21.68000030517578,21.68000030517578,60000
1996-10-21,21.68000030517578,21.68000030517578,21.440000534057617,21.520000457763672,21.520000457763672,25000
1996-10-22,21.5,21.760000228881836,21.5,21.760000228881836,21.760000228881836,80000
1996-10-23,21.639999389648438,21.639999389648438,21.440000534057617,21.579999923706055,21.579999923706055,20000
1996-10-24,21.600000381469727,21.780000686645508,21.600000381469727,21.780000686645508,21.780000686645508,25000
1996-10-25,21.780000686645508,21.8799991607666,21.719999313354492,21.719999313354492,21.719999313354492,40000
1996-10-28,21.739999771118164,21.799999237060547,21.559999465942383,21.559999465942383,21.559999465942383,50000
1996-10-29,21.459999084472656,21.68000030517578,21.459999084472656,21.6200008392334,21.6200008392334,40000
1996-10-30,21.639999389648438,21.700000762939453,21.479999542236328,21.479999542236328,21.479999542236328,35000
1996-10-31,21.559999465942383,21.639999389648438,21.479999542236328,21.579999923706055,21.579999923706055,25000
1996-11-01,21.65999984741211,21.799999237060547,21.6200008392334,21.6200008392334,21.6200008392334,85000
1996-11-04,21.520000457763672,21.719999313354492,21.479999542236328,21.719999313354492,21.719999313354492,35000
1996-11-05,21.700000762939453,21.979999542236328,21.700000762939453,21.940000534057617,21.940000534057617,75000
1996-11-06,21.979999542236328,22.0,21.84000015258789,21.920000076293945,21.920000076293945,60000
1996-11-07,21.940000534057617,21.940000534057617,21.719999313354492,21.860000610351562,21.860000610351562,70000
1996-11-08,21.799999237060547,21.920000076293945,21.600000381469727,21.8799991607666,21.8799991607666,95000
1996-11-11,21.799999237060547,21.959999084472656,21.799999237060547,21.920000076293945,21.920000076293945,70000
1996-11-12,22.0,22.34000015258789,21.975624084472656,22.219999313354492,22.219999313354492,110000
1996-11-13,22.299999237060547,22.579999923706055,22.1200008392334,22.18000030517578,22.18000030517578,165000
1996-11-14,22.139999389648438,22.280000686645508,21.979999542236328,22.239999771118164,22.239999771118164,60000
1996-11-15,22.200000762939453,22.280000686645508,22.079999923706055,22.079999923706055,22.079999923706055,75000
1996-11-18,22.139999389648438,22.15999984741211,21.899999618530273,22.15999984741211,22.15999984741211,95000
1996-11-19,22.15999984741211,22.280000686645508,22.079999923706055,22.239999771118164,22.239999771118164,45000
1996-11-20,22.100000381469727,22.200000762939453,21.940000534057617,22.1200008392334,22.1200008392334,75000
1996-11-21,22.1200008392334,22.219999313354492,22.020000457763672,22.100000381469727,22.100000381469727,85000
1996-11-22,22.059999465942383,22.18000030517578,22.040000915527344,22.15999984741211,22.15999984741211,55000
1996-11-25,22.059999465942383,22.18000030517578,22.0,22.020000457763672,22.020000457763672,75000
1996-11-26,21.959999084472656,22.040000915527344,21.860000610351562,22.0,22.0,75000
1996-11-27,22.0,22.020000457763672,21.920000076293945,22.0,22.0,45000
1996-11-29,22.0,22.059999465942383,21.940000534057617,22.059999465942383,22.059999465942383,80000
1996-12-02,21.940000534057617,22.15999984741211,21.940000534057617,22.15999984741211,22.15999984741211,230000
1996-12-03,22.100000381469727,22.15999984741211,22.0,22.059999465942383,22.059999465942383,60000
1996-12-04,21.940000534057617,21.940000534057617,21.700000762939453,21.860000610351562,21.860000610351562,140000
1996-12-05,21.860000610351562,21.860000610351562,21.639999389648438,21.799999237060547,21.799999237060547,195000
1996-12-06,21.700000762939453,22.0,21.559999465942383,21.719999313354492,21.719999313354492,190000
1996-12-09,22.0,22.139999389648438,21.940000534057617,22.020000457763672,22.020000457763672,90000
1996-12-10,21.940000534057617,22.260000228881836,21.920000076293945,22.100000381469727,22.100000381469727,205000
1996-12-11,22.040000915527344,22.280000686645508,22.0,22.059999465942383,22.059999465942383,90000
1996-12-12,22.020000457763672,22.139999389648438,21.860000610351562,21.8799991607666,21.8799991607666,140000
1996-12-13,21.799999237060547,22.040000915527344,21.799999237060547,21.940000534057617,21.940000534057617,110000
1996-12-16,21.8799991607666,22.079999923706055,21.8799991607666,21.899999618530273,21.899999618530273,150000
1996-12-17,21.799999237060547,21.920000076293945,21.65999984741211,21.799999237060547,21.799999237060547,105000
1996-12-18,21.799999237060547,22.0,21.799999237060547,21.81999969482422,21.81999969482422,155000
1996-12-19,21.899999618530273,22.15999984741211,21.860000610351562,22.079999923706055,22.079999923706055,260000
1996-12-20,22.200000762939453,22.200000762939453,22.059999465942383,22.059999465942383,22.059999465942383,190000
1996-12-23,22.059999465942383,22.139999389648438,21.979999542236328,21.979999542236328,21.979999542236328,95000
1996-12-24,22.0,22.239999771118164,22.0,22.239999771118164,22.239999771118164,180000
1996-12-26,22.299999237060547,23.5,22.299999237060547,22.639999389648438,22.639999389648438,330000
1996-12-27,22.600000381469727,22.760000228881836,22.540000915527344,22.600000381469727,22.600000381469727,150000
1996-12-30,22.559999465942383,22.559999465942383,22.360000610351562,22.420000076293945,22.420000076293945,85000
1996-12-31,22.360000610351562,22.360000610351562,22.100000381469727,22.239999771118164,22.239999771118164,255000
1997-01-02,22.200000762939453,22.200000762939453,21.899999618530273,21.940000534057617,21.940000534057617,385000
1997-01-03,22.0,22.18000030517578,22.0,22.1200008392334,22.1200008392334,90000
1997-01-06,22.1200008392334,22.280000686645508,22.1200008392334,22.18000030517578,22.18000030517578,105000
1997-01-07,22.139999389648438,22.18000030517578,22.0,22.079999923706055,22.079999923706055,100000
1997-01-08,22.1200008392334,22.260000228881836,21.760000228881836,21.920000076293945,21.920000076293945,605000
1997-01-09,21.860000610351562,22.1200008392334,21.860000610351562,22.1200008392334,22.1200008392334,210000
1997-01-10,22.040000915527344,22.200000762939453,22.0,22.1200008392334,22.1200008392334,150000
1997-01-13,22.040000915527344,22.200000762939453,22.040000915527344,22.139999389648438,22.139999389648438,225000
1997-01-14,22.139999389648438,22.540000915527344,22.139999389648438,22.520000457763672,22.520000457763672,320000
1997-01-15,22.479999542236328,22.579999923706055,22.34000015258789,22.540000915527344,22.540000915527344,175000
1997-01-16,22.600000381469727,22.780000686645508,22.559999465942383,22.780000686645508,22.780000686645508,180000
1997-01-17,22.719999313354492,23.0,22.719999313354492,23.0,23.0,105000
1997-01-20,22.959999084472656,23.18000030517578,22.920000076293945,23.18000030517578,23.18000030517578,230000
1997-01-21,23.139999389648438,23.260000228881836,23.079999923706055,23.18000030517578,23.18000030517578,160000
1997-01-22,23.15999984741211,23.280000686645508,23.139999389648438,23.260000228881836,23.260000228881836,110000
1997-01-23,23.200000762939453,23.260000228881836,23.100000381469727,23.139999389648438,23.139999389648438,105000
1997-01-24,23.1200008392334,23.1200008392334,22.760000228881836,22.860000610351562,22.860000610351562,185000
1997-01-27,22.780000686645508,22.899999618530273,22.600000381469727,22.719999313354492,22.719999313354492,160000
1997-01-28,22.700000762939453,22.8799991607666,22.700000762939453,22.780000686645508,22.780000686645508,155000
1997-01-29,22.760000228881836,23.239999771118164,22.739999771118164,23.239999771118164,23.239999771118164,95000
1997-01-30,23.239999771118164,23.299999237060547,23.139999389648438,23.18000030517578,23.18000030517578,80000
1997-01-31,23.100000381469727,23.200000762939453,23.040000915527344,23.100000381469727,23.100000381469727,115000
1997-02-03,23.200000762939453,23.239999771118164,23.059999465942383,23.239999771118164,23.239999771118164,90000
1997-02-04,23.31999969482422,23.440000534057617,23.260000228881836,23.34000015258789,23.34000015258789,425000
1997-02-05,23.459999084472656,23.940000534057617,23.459999084472656,23.68000030517578,23.68000030517578,200000
1997-02-06,23.6200008392334,23.639999389648438,23.459999084472656,23.579999923706055,23.579999923706055,75000
1997-02-07,23.639999389648438,23.940000534057617,23.639999389648438,23.940000534057617,23.940000534057617,110000
1997-02-10,23.959999084472656,24.020000457763672,23.940000534057617,24.0,24.0,70000
1997-02-11,24.020000457763672,24.020000457763672,23.899999618530273,23.979999542236328,23.979999542236328,80000
1997-02-12,23.979999542236328,24.280000686645508,23.979999542236328,24.280000686645508,24.280000686645508,170000
1997-02-13,24.399999618530273,25.0,24.399999618530273,24.760000228881836,24.760000228881836,505000
1997-02-14,24.780000686645508,24.780000686645508,24.299999237060547,24.360000610351562,24.360000610351562,115000
1997-02-18,24.059999465942383,24.100000381469727,23.8799991607666,23.959999084472656,23.959999084472656,125000
1997-02-19,24.020000457763672,24.139999389648438,23.860000610351562,24.1200008392334,24.1200008392334,170000
1997-02-20,24.31999969482422,24.31999969482422,23.899999618530273,24.040000915527344,24.040000915527344,140000
1997-02-21,24.0,24.239999771118164,23.940000534057617,24.1200008392334,24.1200008392334,45000
1997-02-24,24.059999465942383,24.1200008392334,24.0,24.059999465942383,24.059999465942383,55000
1997-02-25,24.1200008392334,24.18000030517578,24.059999465942383,24.18000030517578,24.18000030517578,35000
1997-02-26,24.200000762939453,24.239999771118164,24.040000915527344,24.040000915527344,24.040000915527344,40000
1997-02-27,24.079999923706055,24.079999923706055,23.899999618530273,23.899999618530273,23.899999618530273,70000
1997-02-28,23.719999313354492,23.760000228881836,23.559999465942383,23.760000228881836,23.760000228881836,95000
1997-03-03,23.780000686645508,24.079999923706055,23.739999771118164,24.079999923706055,24.079999923706055,115000
1997-03-04,24.020000457763672,24.1200008392334,23.8799991607666,24.020000457763672,24.020000457763672,100000
1997-03-05,23.959999084472656,24.200000762939453,23.959999084472656,24.200000762939453,24.200000762939453,40000
1997-03-06,24.31999969482422,24.959999084472656,24.260000228881836,24.280000686645508,24.280000686645508,135000
1997-03-07,24.65999984741211,24.940000534057617,24.559999465942383,24.860000610351562,24.860000610351562,150000
1997-03-10,24.920000076293945,24.920000076293945,24.459999084472656,24.739999771118164,24.739999771118164,75000
1997-03-11,24.719999313354492,24.860000610351562,24.700000762939453,24.860000610351562,24.860000610351562,55000
1997-03-12,24.8799991607666,25.040000915527344,24.81999969482422,24.940000534057617,24.940000534057617,195000
1997-03-13,24.920000076293945,24.920000076293945,24.459999084472656,24.540000915527344,24.540000915527344,120000
1997-03-14,24.520000457763672,24.81999969482422,24.520000457763672,24.65999984741211,24.65999984741211,60000
1997-03-17,24.459999084472656,24.520000457763672,24.020000457763672,24.31999969482422,24.31999969482422,165000
1997-03-18,24.31999969482422,24.459999084472656,24.100000381469727,24.219999313354492,24.219999313354492,95000
1997-03-19,24.239999771118164,24.799999237060547,24.200000762939453,24.700000762939453,24.700000762939453,205000
1997-03-20,24.6200008392334,24.719999313354492,24.440000534057617,24.65999984741211,24.65999984741211,125000
1997-03-21,24.719999313354492,25.0,24.719999313354492,25.0,25.0,180000
1997-03-24,25.0,25.0,24.479999542236328,24.799999237060547,24.799999237060547,130000
1997-03-25,24.65999984741211,25.15999984741211,24.65999984741211,25.059999465942383,25.059999465942383,135000
1997-03-26,25.059999465942383,25.219999313354492,25.020000457763672,25.219999313354492,25.219999313354492,55000
1997-03-27,25.239999771118164,25.280000686645508,24.899999618530273,24.979999542236328,24.979999542236328,85000
1997-03-31,24.899999618530273,24.899999618530273,24.200000762939453,24.200000762939453,24.200000762939453,175000
1997-04-01,24.15999984741211,24.34000015258789,24.059999465942383,24.280000686645508,24.280000686645508,265000
1997-04-02,24.299999237060547,24.299999237060547,24.059999465942383,24.100000381469727,24.100000381469727,100000
1997-04-03,24.020000457763672,24.079999923706055,23.940000534057617,24.059999465942383,24.059999465942383,145000
1997-04-04,24.100000381469727,24.479999542236328,23.940000534057617,24.479999542236328,24.479999542236328,115000
1997-04-07,24.6200008392334,25.280000686645508,24.600000381469727,25.200000762939453,25.200000762939453,165000
1997-04-08,25.200000762939453,25.219999313354492,25.079999923706055,25.219999313354492,25.219999313354492,65000
1997-04-09,24.920000076293945,24.940000534057617,24.5,24.799999237060547,24.799999237060547,120000
1997-04-10,24.799999237060547,24.959999084472656,24.780000686645508,24.959999084472656,24.959999084472656,65000
1997-04-11,24.8799991607666,24.8799991607666,24.34000015258789,24.459999084472656,24.459999084472656,55000
1997-04-14,24.5,24.84000015258789,24.459999084472656,24.760000228881836,24.760000228881836,55000
1997-04-15,24.959999084472656,25.15999984741211,24.940000534057617,25.139999389648438,25.139999389648438,130000
1997-04-16,25.139999389648438,25.200000762939453,24.979999542236328,25.200000762939453,25.200000762939453,60000
1997-04-17,25.239999771118164,25.299999237060547,25.200000762939453,25.280000686645508,25.280000686645508,75000
1997-04-18,25.280000686645508,25.360000610351562,25.1200008392334,25.299999237060547,25.299999237060547,105000
1997-04-21,25.31999969482422,25.360000610351562,25.18000030517578,25.18000030517578,25.18000030517578,90000
1997-04-22,25.219999313354492,25.299999237060547,25.079999923706055,25.239999771118164,25.239999771118164,115000
1997-04-23,25.299999237060547,25.360000610351562,25.15999984741211,25.200000762939453,25.200000762939453,100000
1997-04-24,25.239999771118164,25.299999237060547,25.079999923706055,25.139999389648438,25.139999389648438,115000
1997-04-25,25.15999984741211,25.200000762939453,25.020000457763672,25.200000762939453,25.200000762939453,60000
1997-04-28,25.200000762939453,25.360000610351562,25.18000030517578,25.360000610351562,25.360000610351562,70000
1997-04-29,25.399999618530273,25.700000762939453,25.399999618530273,25.459999084472656,25.459999084472656,190000
1997-04-30,25.459999084472656,25.459999084472656,25.360000610351562,25.420000076293945,25.420000076293945,145000
1997-05-01,25.420000076293945,25.420000076293945,25.100000381469727,25.200000762939453,25.200000762939453,135000
1997-05-02,25.299999237060547,25.420000076293945,25.219999313354492,25.399999618530273,25.399999618530273,160000
1997-05-05,25.5,26.100000381469727,25.5,26.100000381469727,26.100000381469727,160000
1997-05-06,26.360000610351562,26.600000381469727,26.299999237060547,26.420000076293945,26.420000076293945,150000
1997-05-07,26.3799991607666,26.420000076293945,26.0,26.040000915527344,26.040000915527344,170000
1997-05-08,26.040000915527344,26.459999084472656,25.940000534057617,26.399999618530273,26.399999618530273,165000
1997-05-09,26.399999618530273,26.440000534057617,26.15999984741211,26.31999969482422,26.31999969482422,125000
1997-05-12,26.440000534057617,26.559999465942383,26.31999969482422,26.440000534057617,26.440000534057617,145000
1997-05-13,26.479999542236328,26.6200008392334,26.440000534057617,26.6200008392334,26.6200008392334,110000
1997-05-14,26.700000762939453,26.84000015258789,26.700000762939453,26.739999771118164,26.739999771118164,230000
1997-05-15,26.739999771118164,26.739999771118164,26.479999542236328,26.6200008392334,26.6200008392334,130000
1997-05-16,26.65999984741211,26.739999771118164,26.600000381469727,26.719999313354492,26.719999313354492,100000
1997-05-19,26.719999313354492,26.81999969482422,26.700000762939453,26.760000228881836,26.760000228881836,70000
1997-05-20,26.760000228881836,26.979999542236328,26.600000381469727,26.979999542236328,26.979999542236328,160000
1997-05-21,27.040000915527344,27.860000610351562,27.040000915527344,27.739999771118164,27.739999771118164,205000
1997-05-22,28.1200008392334,28.280000686645508,28.100000381469727,28.260000228881836,28.260000228881836,335000
1997-05-23,28.34000015258789,28.81999969482422,28.34000015258789,28.639999389648438,28.639999389648438,290000
1997-05-27,28.700000762939453,29.700000762939453,28.65999984741211,28.68000030517578,28.68000030517578,360000
1997-05-28,28.719999313354492,28.719999313354492,28.360000610351562,28.399999618530273,28.399999618530273,160000
1997-05-29,28.399999618530273,28.440000534057617,28.260000228881836,28.3799991607666,28.3799991607666,145000
1997-05-30,28.3799991607666,28.899999618530273,28.18000030517578,28.899999618530273,28.899999618530273,165000
1997-06-02,29.0,29.139999389648438,28.799999237060547,28.920000076293945,28.920000076293945,140000
1997-06-03,28.920000076293945,28.920000076293945,28.559999465942383,28.600000381469727,28.600000381469727,175000
1997-06-04,28.700000762939453,29.1200008392334,28.700000762939453,29.100000381469727,29.100000381469727,170000
1997-06-05,29.0,29.81999969482422,29.0,29.799999237060547,29.799999237060547,195000
1997-06-06,29.899999618530273,30.559999465942383,29.899999618530273,30.31999969482422,30.31999969482422,345000
1997-06-09,30.520000457763672,30.8799991607666,30.520000457763672,30.760000228881836,30.760000228881836,290000
1997-06-10,31.0,31.459999084472656,30.920000076293945,31.3799991607666,31.3799991607666,775000
1997-06-11,31.459999084472656,31.719999313354492,31.239999771118164,31.360000610351562,31.360000610351562,335000
1997-06-12,31.600000381469727,31.799999237060547,31.459999084472656,31.780000686645508,31.780000686645508,275000
1997-06-13,32.13999938964844,32.47999954223633,32.040000915527344,32.459999084472656,32.459999084472656,325000
1997-06-16,32.459999084472656,32.459999084472656,30.399999618530273,30.860000610351562,30.860000610351562,415000
1997-06-17,30.899999618530273,31.100000381469727,30.760000228881836,31.100000381469727,31.100000381469727,395000
1997-06-18,31.040000915527344,31.65999984741211,31.040000915527344,31.65999984741211,31.65999984741211,135000
1997-06-19,32.0,32.08000183105469,31.940000534057617,32.060001373291016,32.060001373291016,145000
1997-06-20,32.099998474121094,32.099998474121094,31.399999618530273,31.639999389648438,31.639999389648438,195000
1997-06-23,31.68000030517578,31.719999313354492,31.440000534057617,31.5,31.5,105000
1997-06-24,31.799999237060547,32.060001373291016,31.739999771118164,32.0,32.0,140000
1997-06-25,32.0,32.040000915527344,31.68000030517578,31.899999618530273,31.899999618530273,145000
1997-06-26,31.899999618530273,31.959999084472656,31.600000381469727,31.719999313354492,31.719999313354492,65000
1997-06-27,31.719999313354492,31.899999618530273,31.68000030517578,31.899999618530273,31.899999618530273,100000
1997-06-30,31.899999618530273,31.940000534057617,31.5,31.600000381469727,31.600000381469727,130000
1997-07-01,31.68000030517578,31.760000228881836,31.520000457763672,31.65999984741211,31.65999984741211,105000
1997-07-02,31.760000228881836,31.81999969482422,31.719999313354492,31.780000686645508,31.780000686645508,105000
1997-07-03,31.780000686645508,31.81999969482422,31.260000228881836,31.5,31.5,135000
1997-07-07,31.760000228881836,31.780000686645508,31.520000457763672,31.780000686645508,31.780000686645508,130000
1997-07-08,31.799999237060547,31.8799991607666,31.719999313354492,31.799999237060547,31.799999237060547,100000
1997-07-09,31.899999618530273,31.899999618530273,31.520000457763672,31.600000381469727,31.600000381469727,150000
1997-07-10,31.68000030517578,31.719999313354492,31.299999237060547,31.299999237060547,31.299999237060547,95000
1997-07-11,31.360000610351562,31.559999465942383,31.200000762939453,31.479999542236328,31.479999542236328,130000
1997-07-14,31.399999618530273,31.399999618530273,30.760000228881836,31.020000457763672,31.020000457763672,175000
1997-07-15,31.15999984741211,31.200000762939453,30.760000228881836,31.040000915527344,31.040000915527344,220000
1997-07-16,31.100000381469727,32.13999938964844,31.100000381469727,31.81999969482422,31.81999969482422,175000
1997-07-17,31.899999618530273,31.959999084472656,31.399999618530273,31.540000915527344,31.540000915527344,140000
1997-07-18,31.600000381469727,31.600000381469727,30.799999237060547,30.940000534057617,30.940000534057617,270000
1997-07-21,30.899999618530273,31.5,30.899999618530273,31.5,31.5,115000
1997-07-22,31.68000030517578,31.979999542236328,31.399999618530273,31.899999618530273,31.899999618530273,135000
1997-07-23,32.08000183105469,32.08000183105469,31.540000915527344,31.959999084472656,31.959999084472656,130000
1997-07-24,31.979999542236328,31.979999542236328,31.600000381469727,31.84000015258789,31.84000015258789,60000
1997-07-25,31.920000076293945,32.040000915527344,31.739999771118164,32.040000915527344,32.040000915527344,75000
1997-07-28,32.060001373291016,32.060001373291016,31.920000076293945,31.940000534057617,31.940000534057617,140000
1997-07-29,31.899999618530273,31.899999618530273,31.6200008392334,31.860000610351562,31.860000610351562,80000
1997-07-30,31.979999542236328,32.08000183105469,31.8799991607666,31.959999084472656,31.959999084472656,85000
1997-07-31,31.959999084472656,31.959999084472656,31.600000381469727,31.6200008392334,31.6200008392334,100000
1997-08-01,31.700000762939453,31.799999237060547,31.639999389648438,31.780000686645508,31.780000686645508,75000
1997-08-04,31.84000015258789,31.899999618530273,31.65999984741211,31.68000030517578,31.68000030517578,80000
1997-08-05,31.639999389648438,31.65999984741211,31.459999084472656,31.5,31.5,75000
1997-08-06,31.600000381469727,31.65999984741211,31.579999923706055,31.600000381469727,31.600000381469727,40000
1997-08-07,31.639999389648438,31.639999389648438,31.200000762939453,31.219999313354492,31.219999313354492,105000
1997-08-08,31.0,31.0,30.520000457763672,30.639999389648438,30.639999389648438,180000
1997-08-11,30.31999969482422,30.360000610351562,29.15999984741211,29.959999084472656,29.959999084472656,335000
1997-08-12,29.799999237060547,29.979999542236328,29.719999313354492,29.739999771118164,29.739999771118164,80000
1997-08-13,29.799999237060547,30.0,29.540000915527344,29.6200008392334,29.6200008392334,120000
1997-08-14,29.760000228881836,29.920000076293945,29.5,29.520000457763672,29.520000457763672,120000
1997-08-15,29.5,29.5,28.899999618530273,29.139999389648438,29.139999389648438,280000
1997-08-18,29.059999465942383,29.5,28.940000534057617,29.360000610351562,29.360000610351562,145000
1997-08-19,29.440000534057617,30.520000457763672,29.440000534057617,30.200000762939453,30.200000762939453,190000
1997-08-20,30.200000762939453,30.200000762939453,29.65999984741211,30.0,30.0,140000
1997-08-21,29.899999618530273,29.940000534057617,29.440000534057617,29.479999542236328,29.479999542236328,60000
1997-08-22,29.100000381469727,29.15999984741211,28.280000686645508,28.979999542236328,28.979999542236328,230000
1997-08-25,29.059999465942383,29.399999618530273,29.0,29.260000228881836,29.260000228881836,95000
1997-08-26,29.139999389648438,29.18000030517578,28.860000610351562,29.040000915527344,29.040000915527344,55000
1997-08-27,28.719999313354492,28.81999969482422,28.540000915527344,28.760000228881836,28.760000228881836,120000
1997-08-28,28.760000228881836,28.760000228881836,28.0,28.059999465942383,28.059999465942383,230000
1997-08-29,27.799999237060547,27.860000610351562,27.540000915527344,27.84000015258789,27.84000015258789,165000
1997-09-02,27.860000610351562,28.239999771118164,27.860000610351562,28.239999771118164,28.239999771118164,180000
1997-09-03,28.299999237060547,29.200000762939453,28.299999237060547,29.139999389648438,29.139999389648438,115000
1997-09-04,29.15999984741211,29.200000762939453,28.940000534057617,28.940000534057617,28.940000534057617,70000
1997-09-05,29.040000915527344,29.360000610351562,29.0,29.059999465942383,29.059999465942383,85000
1997-09-08,29.15999984741211,29.15999984741211,28.700000762939453,28.719999313354492,28.719999313354492,80000
1997-09-09,28.799999237060547,28.979999542236328,28.739999771118164,28.940000534057617,28.940000534057617,60000
1997-09-10,29.1200008392334,29.200000762939453,28.399999618530273,28.559999465942383,28.559999465942383,60000
1997-09-11,28.399999618530273,28.459999084472656,27.899999618530273,28.219999313354492,28.219999313354492,105000
1997-09-12,28.219999313354492,28.479999542236328,28.0,28.420000076293945,28.420000076293945,90000
1997-09-15,28.440000534057617,28.68000030517578,28.420000076293945,28.5,28.5,35000
1997-09-16,28.600000381469727,29.479999542236328,28.579999923706055,29.479999542236328,29.479999542236328,125000
1997-09-17,29.799999237060547,29.899999618530273,29.34000015258789,29.540000915527344,29.540000915527344,85000
1997-09-18,29.5,29.719999313354492,29.420000076293945,29.520000457763672,29.520000457763672,65000
1997-09-19,29.520000457763672,29.65999984741211,29.440000534057617,29.5,29.5,30000
1997-09-22,29.600000381469727,29.700000762939453,29.520000457763672,29.600000381469727,29.600000381469727,100000
1997-09-23,29.600000381469727,29.959999084472656,29.579999923706055,29.959999084472656,29.959999084472656,105000
1997-09-24,30.100000381469727,30.280000686645508,30.0,30.0,30.0,130000
1997-09-25,29.81999969482422,30.100000381469727,29.700000762939453,29.860000610351562,29.860000610351562,110000
1997-09-26,29.860000610351562,29.979999542236328,29.860000610351562,29.860000610351562,29.860000610351562,70000
1997-09-29,29.899999618530273,30.0,29.68000030517578,29.899999618530273,29.899999618530273,45000
1997-09-30,29.920000076293945,30.0,29.84000015258789,29.899999618530273,29.899999618530273,80000
1997-10-01,29.959999084472656,30.0,29.780000686645508,29.920000076293945,29.920000076293945,70000
1997-10-02,29.860000610351562,30.559999465942383,29.860000610351562,30.5,30.5,200000
1997-10-03,30.68000030517578,31.299999237060547,30.600000381469727,30.600000381469727,30.600000381469727,170000
1997-10-06,30.760000228881836,30.8799991607666,30.719999313354492,30.8799991607666,30.8799991607666,65000
1997-10-07,30.8799991607666,30.8799991607666,30.65999984741211,30.780000686645508,30.780000686645508,45000
1997-10-08,30.84000015258789,30.84000015258789,30.34000015258789,30.479999542236328,30.479999542236328,80000
1997-10-09,30.479999542236328,30.479999542236328,30.200000762939453,30.239999771118164,30.239999771118164,100000
1997-10-10,30.18000030517578,30.18000030517578,29.760000228881836,29.84000015258789,29.84000015258789,90000
1997-10-13,29.84000015258789,29.8799991607666,29.479999542236328,29.700000762939453,29.700000762939453,50000
1997-10-14,29.520000457763672,30.059999465942383,29.459999084472656,30.040000915527344,30.040000915527344,115000
1997-10-15,29.920000076293945,30.059999465942383,29.780000686645508,30.020000457763672,30.020000457763672,105000
1997-10-16,29.940000534057617,30.360000610351562,29.860000610351562,29.979999542236328,29.979999542236328,85000
1997-10-17,29.940000534057617,30.0,29.34000015258789,29.68000030517578,29.68000030517578,90000
1997-10-20,29.799999237060547,29.799999237060547,29.5,29.700000762939453,29.700000762939453,70000
1997-10-21,29.799999237060547,30.18000030517578,29.799999237060547,30.020000457763672,30.020000457763672,55000
1997-10-22,30.020000457763672,30.020000457763672,29.799999237060547,29.920000076293945,29.920000076293945,40000
1997-10-23,29.459999084472656,29.84000015258789,29.399999618530273,29.600000381469727,29.600000381469727,125000
1997-10-24,29.799999237060547,29.920000076293945,29.540000915527344,29.719999313354492,29.719999313354492,70000
1997-10-27,29.600000381469727,29.739999771118164,28.84000015258789,28.860000610351562,28.860000610351562,150000
1997-10-28,28.0,29.860000610351562,28.0,29.860000610351562,29.860000610351562,300000
1997-10-29,30.200000762939453,30.299999237060547,29.65999984741211,29.700000762939453,29.700000762939453,205000
1997-10-30,29.5,29.700000762939453,29.440000534057617,29.5,29.5,35000
1997-10-31,29.5,29.780000686645508,29.299999237060547,29.3799991607666,29.3799991607666,65000
1997-11-03,29.420000076293945,29.65999984741211,29.360000610351562,29.639999389648438,29.639999389648438,90000
1997-11-04,29.5,29.6200008392334,29.31999969482422,29.540000915527344,29.540000915527344,60000
1997-11-05,29.600000381469727,29.65999984741211,29.34000015258789,29.399999618530273,29.399999618530273,85000
1997-11-06,29.5,29.520000457763672,29.34000015258789,29.399999618530273,29.399999618530273,50000
1997-11-07,29.200000762939453,29.399999618530273,29.139999389648438,29.219999313354492,29.219999313354492,85000
1997-11-10,29.219999313354492,29.440000534057617,29.18000030517578,29.34000015258789,29.34000015258789,75000
1997-11-11,29.360000610351562,29.420000076293945,29.239999771118164,29.239999771118164,29.239999771118164,25000
1997-11-12,29.360000610351562,29.5,29.079999923706055,29.079999923706055,29.079999923706055,35000
1997-11-13,29.200000762939453,29.31999969482422,29.1200008392334,29.280000686645508,29.280000686645508,70000
1997-11-14,29.399999618530273,29.700000762939453,29.399999618530273,29.700000762939453,29.700000762939453,80000
1997-11-17,29.860000610351562,30.799999237060547,29.860000610351562,30.399999618530273,30.399999618530273,180000
1997-11-18,30.459999084472656,30.65999984741211,30.399999618530273,30.399999618530273,30.399999618530273,50000
1997-11-19,30.3799991607666,30.579999923706055,30.3799991607666,30.540000915527344,30.540000915527344,70000
1997-11-20,30.600000381469727,30.780000686645508,30.5,30.719999313354492,30.719999313354492,65000
1997-11-21,30.719999313354492,30.899999618530273,29.5,29.860000610351562,29.860000610351562,100000
1997-11-24,29.600000381469727,29.899999618530273,29.600000381469727,29.760000228881836,29.760000228881836,80000
1997-11-25,29.920000076293945,30.040000915527344,29.639999389648438,29.780000686645508,29.780000686645508,65000
1997-11-26,29.84000015258789,29.84000015258789,29.559999465942383,29.700000762939453,29.700000762939453,50000
1997-11-28,29.860000610351562,30.15999984741211,29.81999969482422,30.15999984741211,30.15999984741211,10000
1997-12-01,30.399999618530273,30.600000381469727,30.34000015258789,30.399999618530273,30.399999618530273,225000
1997-12-02,30.399999618530273,30.959999084472656,30.3799991607666,30.559999465942383,30.559999465942383,160000
1997-12-03,30.5,30.540000915527344,30.299999237060547,30.3799991607666,30.3799991607666,55000
1997-12-04,30.3799991607666,30.780000686645508,30.299999237060547,30.600000381469727,30.600000381469727,220000
1997-12-05,30.6200008392334,30.81999969482422,30.600000381469727,30.799999237060547,30.799999237060547,155000
1997-12-08,31.0,31.0,30.700000762939453,30.799999237060547,30.799999237060547,65000
1997-12-09,30.799999237060547,30.860000610351562,30.5,30.5,30.5,60000
1997-12-10,30.440000534057617,30.559999465942383,30.239999771118164,30.239999771118164,30.239999771118164,40000
1997-12-11,30.15999984741211,30.239999771118164,29.959999084472656,30.15999984741211,30.15999984741211,85000
1997-12-12,30.200000762939453,30.239999771118164,30.100000381469727,30.200000762939453,30.200000762939453,50000
1997-12-15,30.200000762939453,30.719999313354492,30.200000762939453,30.700000762939453,30.700000762939453,185000
1997-12-16,30.600000381469727,30.920000076293945,30.540000915527344,30.799999237060547,30.799999237060547,110000
1997-12-17,30.799999237060547,31.059999465942383,30.799999237060547,30.8799991607666,30.8799991607666,90000
1997-12-18,30.920000076293945,30.920000076293945,30.600000381469727,30.739999771118164,30.739999771118164,45000
1997-12-19,30.459999084472656,30.84000015258789,30.100000381469727,30.84000015258789,30.84000015258789,150000
1997-12-22,30.639999389648438,30.799999237060547,30.559999465942383,30.579999923706055,30.579999923706055,60000
1997-12-23,30.65999984741211,30.719999313354492,30.520000457763672,30.520000457763672,30.520000457763672,45000
1997-12-24,30.520000457763672,30.700000762939453,30.520000457763672,30.559999465942383,30.559999465942383,35000
1997-12-26,30.600000381469727,30.600000381469727,30.540000915527344,30.600000381469727,30.600000381469727,10000
1997-12-29,30.700000762939453,30.799999237060547,30.559999465942383,30.739999771118164,30.739999771118164,55000
1997-12-30,30.739999771118164,30.780000686645508,30.540000915527344,30.780000686645508,30.780000686645508,95000
1997-12-31,30.760000228881836,30.780000686645508,30.520000457763672,30.780000686645508,30.780000686645508,105000
1998-01-02,30.780000686645508,30.780000686645508,30.579999923706055,30.579999923706055,30.579999923706055,65000
1998-01-05,30.920000076293945,31.1200008392334,30.84000015258789,31.100000381469727,31.100000381469727,320000
1998-01-06,31.200000762939453,31.280000686645508,30.780000686645508,31.18000030517578,31.18000030517578,300000
1998-01-07,31.219999313354492,31.459999084472656,30.799999237060547,31.459999084472656,31.459999084472656,175000
1998-01-08,31.639999389648438,31.84000015258789,31.420000076293945,31.799999237060547,31.799999237060547,165000
1998-01-09,31.899999618530273,31.899999618530273,31.440000534057617,31.440000534057617,31.440000534057617,250000
1998-01-12,30.700000762939453,31.239999771118164,30.700000762939453,31.239999771118164,31.239999771118164,295000
1998-01-13,31.280000686645508,31.440000534057617,31.280000686645508,31.440000534057617,31.440000534057617,100000
1998-01-14,31.459999084472656,31.5,31.200000762939453,31.3799991607666,31.3799991607666,145000
1998-01-15,31.399999618530273,31.440000534057617,31.280000686645508,31.440000534057617,31.440000534057617,105000
1998-01-16,31.559999465942383,31.799999237060547,31.440000534057617,31.739999771118164,31.739999771118164,295000
1998-01-20,32.060001373291016,32.65999984741211,31.940000534057617,32.63999938964844,32.63999938964844,185000
1998-01-21,32.86000061035156,33.5,32.86000061035156,33.36000061035156,33.36000061035156,315000
1998-01-22,33.400001525878906,33.400001525878906,32.959999084472656,33.0,33.0,225000
1998-01-23,33.119998931884766,33.29999923706055,32.900001525878906,32.939998626708984,32.939998626708984,215000
1998-01-26,33.040000915527344,33.060001373291016,32.880001068115234,32.880001068115234,32.880001068115234,75000
1998-01-27,32.959999084472656,33.279998779296875,32.84000015258789,33.279998779296875,33.279998779296875,115000
1998-01-28,33.36000061035156,33.400001525878906,33.2400016784668,33.400001525878906,33.400001525878906,85000
1998-01-29,33.400001525878906,33.7400016784668,33.36000061035156,33.7400016784668,33.7400016784668,215000
1998-01-30,33.79999923706055,33.86000061035156,33.540000915527344,33.540000915527344,33.540000915527344,115000
1998-02-02,33.86000061035156,34.79999923706055,33.84000015258789,34.599998474121094,34.599998474121094,195000
1998-02-03,34.86000061035156,35.20000076293945,34.79999923706055,35.20000076293945,35.20000076293945,170000
1998-02-04,35.20000076293945,35.2599983215332,35.119998931884766,35.15999984741211,35.15999984741211,290000
1998-02-05,35.36000061035156,35.84000015258789,35.2599983215332,35.65999984741211,35.65999984741211,275000
1998-02-06,35.70000076293945,35.880001068115234,35.560001373291016,35.58000183105469,35.58000183105469,185000
1998-02-09,35.79999923706055,35.79999923706055,35.65562438964844,35.720001220703125,35.720001220703125,200000
1998-02-10,35.720001220703125,35.7599983215332,35.63999938964844,35.7400016784668,35.7400016784668,155000
1998-02-11,35.91999816894531,36.29999923706055,35.86000061035156,36.060001373291016,36.060001373291016,235000
1998-02-12,36.060001373291016,36.060001373291016,35.7400016784668,35.880001068115234,35.880001068115234,145000
1998-02-13,35.65999984741211,36.08000183105469,35.65999984741211,36.08000183105469,36.08000183105469,185000
1998-02-17,36.439998626708984,36.7599983215332,36.400001525878906,36.68000030517578,36.68000030517578,260000
1998-02-18,36.68000030517578,36.68000030517578,36.459999084472656,36.63999938964844,36.63999938964844,190000
1998-02-19,36.68000030517578,36.68000030517578,36.459999084472656,36.599998474121094,36.599998474121094,190000
1998-02-20,36.599998474121094,36.68000030517578,36.540000915527344,36.65999984741211,36.65999984741211,125000
1998-02-23,36.7599983215332,37.13999938964844,36.70000076293945,37.099998474121094,37.099998474121094,270000
1998-02-24,37.13999938964844,37.279998779296875,36.5,36.5,36.5,290000
1998-02-25,36.599998474121094,36.959999084472656,36.599998474121094,36.91999816894531,36.91999816894531,115000
1998-02-26,37.08000183105469,37.13999938964844,36.7400016784668,36.959999084472656,36.959999084472656,145000
1998-02-27,37.0,37.20000076293945,36.91999816894531,37.20000076293945,37.20000076293945,135000
1998-03-02,37.380001068115234,37.65999984741211,37.31999969482422,37.63999938964844,37.63999938964844,210000
1998-03-03,37.560001373291016,38.099998474121094,37.540000915527344,38.099998474121094,38.099998474121094,295000
1998-03-04,38.31999969482422,38.47999954223633,38.099998474121094,38.47999954223633,38.47999954223633,300000
1998-03-05,38.47999954223633,38.65999984741211,38.2400016784668,38.599998474121094,38.599998474121094,240000
1998-03-06,38.79999923706055,39.86000061035156,38.779998779296875,39.400001525878906,39.400001525878906,560000
1998-03-09,39.540000915527344,39.86000061035156,39.0,39.220001220703125,39.220001220703125,515000
1998-03-10,39.459999084472656,40.0,39.220001220703125,39.959999084472656,39.959999084472656,300000
1998-03-11,40.119998931884766,41.5,40.119998931884766,41.439998626708984,41.439998626708984,375000
1998-03-12,41.5,41.5,40.220001220703125,40.81999969482422,40.81999969482422,545000
1998-03-13,40.880001068115234,40.91999816894531,39.58000183105469,39.70000076293945,39.70000076293945,465000
1998-03-16,41.29999923706055,41.400001525878906,40.65999984741211,41.0,41.0,455000
1998-03-17,41.459999084472656,42.20000076293945,41.29999923706055,42.18000030517578,42.18000030517578,315000
1998-03-18,42.400001525878906,43.2599983215332,42.400001525878906,43.20000076293945,43.20000076293945,535000
1998-03-19,43.52000045776367,45.459999084472656,43.52000045776367,45.099998474121094,45.099998474121094,850000
1998-03-20,45.560001373291016,46.47999954223633,45.560001373291016,46.08000183105469,46.08000183105469,890000
1998-03-23,45.84000015258789,45.84000015258789,44.70000076293945,44.900001525878906,44.900001525878906,730000
1998-03-24,44.70000076293945,44.7400016784668,42.939998626708984,43.65999984741211,43.65999984741211,1025000
1998-03-25,44.119998931884766,44.779998779296875,43.939998626708984,44.119998931884766,44.119998931884766,545000
1998-03-26,44.2599983215332,44.720001220703125,44.2400016784668,44.68000030517578,44.68000030517578,380000
1998-03-27,45.0,45.31999969482422,44.84000015258789,44.900001525878906,44.900001525878906,325000
1998-03-30,45.2599983215332,45.2599983215332,44.040000915527344,44.20000076293945,44.20000076293945,370000
1998-03-31,44.400001525878906,44.959999084472656,44.400001525878906,44.900001525878906,44.900001525878906,320000
1998-04-01,45.0,45.060001373291016,44.70000076293945,44.79999923706055,44.79999923706055,335000
1998-04-02,45.0,45.060001373291016,44.720001220703125,44.900001525878906,44.900001525878906,280000
1998-04-03,45.119998931884766,45.20000076293945,44.939998626708984,45.18000030517578,45.18000030517578,240000
1998-04-06,45.400001525878906,45.7599983215332,45.31999969482422,45.7599983215332,45.7599983215332,255000
1998-04-07,45.939998626708984,45.939998626708984,45.540000915527344,45.84000015258789,45.84000015258789,240000
1998-04-08,46.0,46.279998779296875,46.0,46.2400016784668,46.2400016784668,275000
1998-04-09,46.65999984741211,46.70000076293945,46.52000045776367,46.63999938964844,46.63999938964844,250000
1998-04-13,46.20000076293945,46.65999984741211,46.15999984741211,46.65999984741211,46.65999984741211,305000
1998-04-14,46.91999816894531,47.220001220703125,46.86000061035156,47.20000076293945,47.20000076293945,505000
1998-04-15,47.29999923706055,47.41999816894531,47.060001373291016,47.41999816894531,47.41999816894531,355000
1998-04-16,47.459999084472656,47.459999084472656,47.0,47.13999938964844,47.13999938964844,245000
1998-04-17,47.13999938964844,47.15999984741211,46.939998626708984,47.15999984741211,47.15999984741211,130000
1998-04-20,47.0,47.2599983215332,46.900001525878906,46.959999084472656,46.959999084472656,335000
1998-04-21,46.599998474121094,46.599998474121094,45.68000030517578,45.880001068115234,45.880001068115234,400000
1998-04-22,45.7599983215332,45.779998779296875,43.68000030517578,44.34000015258789,44.34000015258789,775000
1998-04-23,44.29999923706055,44.29999923706055,43.70000076293945,44.15999984741211,44.15999984741211,350000
1998-04-24,44.2400016784668,45.65999984741211,44.2400016784668,45.599998474121094,45.599998474121094,320000
1998-04-27,44.79999923706055,44.79999923706055,43.7400016784668,44.29999923706055,44.29999923706055,415000
1998-04-28,44.779998779296875,45.58000183105469,44.779998779296875,45.15999984741211,45.15999984741211,305000
1998-04-29,45.15999984741211,45.540000915527344,45.099998474121094,45.400001525878906,45.400001525878906,210000
1998-04-30,45.86000061035156,46.29999923706055,45.81999969482422,45.900001525878906,45.900001525878906,360000
1998-05-01,46.0,46.279998779296875,45.900001525878906,46.099998474121094,46.099998474121094,175000
1998-05-04,46.720001220703125,46.86000061035156,45.15999984741211,46.15999984741211,46.15999984741211,445000
1998-05-05,46.2400016784668,46.560001373291016,46.13999938964844,46.220001220703125,46.220001220703125,295000
1998-05-06,46.34000015258789,46.560001373291016,46.18000030517578,46.35562515258789,46.35562515258789,255000
1998-05-07,46.65999984741211,46.68000030517578,46.459999084472656,46.65999984741211,46.65999984741211,205000
1998-05-08,46.65999984741211,46.7599983215332,46.58000183105469,46.7400016784668,46.7400016784668,225000
1998-05-11,47.099998474121094,47.099998474121094,46.79999923706055,46.91999816894531,46.91999816894531,205000
1998-05-12,47.0,47.119998931884766,46.619998931884766,46.900001525878906,46.900001525878906,155000
1998-05-13,47.20000076293945,47.2599983215332,47.099998474121094,47.18000030517578,47.18000030517578,200000
1998-05-14,47.34000015258789,48.7599983215332,47.13999938964844,48.7599983215332,48.7599983215332,425000
1998-05-15,49.20000076293945,49.7599983215332,48.91999816894531,49.619998931884766,49.619998931884766,470000
1998-05-18,49.619998931884766,49.720001220703125,48.08000183105469,48.400001525878906,48.400001525878906,550000
1998-05-19,49.08000183105469,49.08000183105469,47.560001373291016,48.119998931884766,48.119998931884766,450000
1998-05-20,48.34000015258789,48.58000183105469,48.13999938964844,48.31999969482422,48.31999969482422,240000
1998-05-21,48.439998626708984,48.439998626708984,48.2599983215332,48.34000015258789,48.34000015258789,135000
1998-05-22,48.400001525878906,48.47999954223633,47.040000915527344,47.58000183105469,47.58000183105469,370000
1998-05-26,48.060001373291016,48.18000030517578,47.560001373291016,47.65999984741211,47.65999984741211,240000
1998-05-27,47.13999938964844,47.34000015258789,46.70000076293945,46.900001525878906,46.900001525878906,350000
1998-05-28,46.900001525878906,46.900001525878906,46.5,46.7599983215332,46.7599983215332,240000
1998-05-29,46.79999923706055,46.959999084472656,46.41999816894531,46.959999084472656,46.959999084472656,215000
1998-06-01,46.79999923706055,47.29999923706055,46.79999923706055,47.15999984741211,47.15999984741211,140000
1998-06-02,47.20000076293945,49.119998931884766,47.060001373291016,49.119998931884766,49.119998931884766,590000
1998-06-03,49.20000076293945,50.68000030517578,48.63999938964844,50.20000076293945,50.20000076293945,650000
1998-06-04,50.34000015258789,50.959999084472656,50.0,50.959999084472656,50.959999084472656,565000
1998-06-05,50.959999084472656,51.29999923706055,50.540000915527344,51.20000076293945,51.20000076293945,295000
1998-06-08,51.79999923706055,52.31999969482422,50.880001068115234,52.20000076293945,52.20000076293945,500000
1998-06-09,52.15999984741211,52.2599983215332,51.400001525878906,51.91999816894531,51.91999816894531,1030000
1998-06-10,51.79999923706055,51.900001525878906,50.900001525878906,51.34000015258789,51.34000015258789,465000
1998-06-11,51.36000061035156,51.720001220703125,50.86000061035156,51.20000076293945,51.20000076293945,255000
1998-06-12,51.13999938964844,51.5,50.20000076293945,51.08000183105469,51.08000183105469,265000
1998-06-15,51.08000183105469,51.08000183105469,50.0,50.099998474121094,50.099998474121094,395000
1998-06-16,50.099998474121094,51.2599983215332,50.02000045776367,51.2400016784668,51.2400016784668,305000
1998-06-17,51.91999816894531,53.65999984741211,51.91999816894531,52.31999969482422,52.31999969482422,580000
1998-06-18,52.279998779296875,53.099998474121094,52.20000076293945,52.7599983215332,52.7599983215332,320000
1998-06-19,52.900001525878906,54.279998779296875,52.720001220703125,54.099998474121094,54.099998474121094,415000
1998-06-22,55.31999969482422,55.900001525878906,51.900001525878906,51.900001525878906,51.900001525878906,2300000
1998-06-23,52.279998779296875,52.7599983215332,52.279998779296875,52.41999816894531,52.41999816894531,830000
1998-06-24,52.599998474121094,52.599998474121094,52.13999938964844,52.2599983215332,52.2599983215332,475000
1998-06-25,52.34000015258789,52.459999084472656,52.0,52.040000915527344,52.040000915527344,445000
1998-06-26,52.15999984741211,52.29999923706055,52.08000183105469,52.119998931884766,52.119998931884766,230000
1998-06-29,52.36000061035156,52.41999816894531,52.20000076293945,52.279998779296875,52.279998779296875,330000
1998-06-30,52.31999969482422,52.31999969482422,52.119998931884766,52.2599983215332,52.2599983215332,190000
1998-07-01,52.2599983215332,52.31999969482422,52.0,52.060001373291016,52.060001373291016,280000
1998-07-02,52.2599983215332,52.2599983215332,51.619998931884766,51.7599983215332,51.7599983215332,300000
1998-07-06,52.060001373291016,52.439998626708984,51.81999969482422,52.31999969482422,52.31999969482422,550000
1998-07-07,52.400001525878906,52.400001525878906,51.84000015258789,51.959999084472656,51.959999084472656,285000
1998-07-08,52.02000045776367,52.02000045776367,51.70000076293945,51.97999954223633,51.97999954223633,265000
1998-07-09,52.0,52.060001373291016,51.63999938964844,51.7400016784668,51.7400016784668,270000
1998-07-10,51.79999923706055,51.900001525878906,51.439998626708984,51.58000183105469,51.58000183105469,325000
1998-07-13,51.65999984741211,51.65999984741211,51.13999938964844,51.36000061035156,51.36000061035156,345000
1998-07-14,51.400001525878906,51.84000015258789,51.2400016784668,51.400001525878906,51.400001525878906,505000
1998-07-15,51.439998626708984,51.459999084472656,50.900001525878906,50.97999954223633,50.97999954223633,380000
1998-07-16,51.02000045776367,51.02000045776367,50.0,50.70000076293945,50.70000076293945,635000
1998-07-17,50.70000076293945,50.70000076293945,50.279998779296875,50.47999954223633,50.47999954223633,495000
1998-07-20,50.47999954223633,50.900001525878906,50.220001220703125,50.900001525878906,50.900001525878906,395000
1998-07-21,51.20000076293945,51.459999084472656,50.099998474121094,50.15999984741211,50.15999984741211,365000
1998-07-22,50.15999984741211,50.15999984741211,48.7599983215332,49.02000045776367,49.02000045776367,690000
1998-07-23,48.900001525878906,49.0,47.540000915527344,48.060001373291016,48.060001373291016,625000
1998-07-24,48.0,48.400001525878906,47.86000061035156,48.2599983215332,48.2599983215332,445000
1998-07-27,47.79999923706055,47.84000015258789,46.81999969482422,47.279998779296875,47.279998779296875,545000
1998-07-28,47.31999969482422,47.31999969482422,46.060001373291016,46.18000030517578,46.18000030517578,450000
1998-07-29,46.220001220703125,46.720001220703125,45.91999816894531,45.959999084472656,45.959999084472656,470000
1998-07-30,45.959999084472656,46.400001525878906,45.439998626708984,46.400001525878906,46.400001525878906,490000
1998-07-31,46.52000045776367,47.18000030517578,46.29999923706055,46.84000015258789,46.84000015258789,565000
1998-08-03,47.0,47.400001525878906,46.900001525878906,47.29999923706055,47.29999923706055,250000
1998-08-04,47.380001068115234,47.439998626708984,46.060001373291016,46.2400016784668,46.2400016784668,415000
1998-08-05,46.20000076293945,46.220001220703125,45.68000030517578,46.08000183105469,46.08000183105469,550000
1998-08-06,46.0,46.02000045776367,45.31999969482422,45.52000045776367,45.52000045776367,305000
1998-08-07,45.52000045776367,46.79999923706055,45.31999969482422,46.79999923706055,46.79999923706055,360000
1998-08-10,46.84000015258789,46.97999954223633,46.47999954223633,46.900001525878906,46.900001525878906,310000
1998-08-11,46.7400016784668,46.7400016784668,45.63999938964844,46.15999984741211,46.15999984741211,355000
1998-08-12,46.15999984741211,46.36000061035156,45.560001373291016,45.97999954223633,45.97999954223633,310000
1998-08-13,46.119998931884766,46.65999984741211,46.119998931884766,46.5,46.5,245000
1998-08-14,46.79999923706055,46.86000061035156,46.34000015258789,46.540000915527344,46.540000915527344,195000
1998-08-17,46.31999969482422,46.52000045776367,46.13999938964844,46.459999084472656,46.459999084472656,200000
1998-08-18,46.52000045776367,48.119998931884766,46.52000045776367,48.060001373291016,48.060001373291016,335000
1998-08-19,48.2400016784668,48.70000076293945,48.18000030517578,48.20000076293945,48.20000076293945,410000
1998-08-20,48.2599983215332,48.2599983215332,47.41999816894531,47.540000915527344,47.540000915527344,435000
1998-08-21,47.540000915527344,47.540000915527344,45.86000061035156,46.31999969482422,46.31999969482422,510000
1998-08-24,46.31999969482422,46.400001525878906,46.02000045776367,46.2599983215332,46.2599983215332,205000
1998-08-25,46.400001525878906,47.220001220703125,46.400001525878906,46.65999984741211,46.65999984741211,435000
1998-08-26,46.400001525878906,47.040000915527344,45.81999969482422,46.47999954223633,46.47999954223633,360000
1998-08-27,46.279998779296875,46.279998779296875,44.900001525878906,45.060001373291016,45.060001373291016,465000
1998-08-28,44.959999084472656,45.0,42.459999084472656,42.560001373291016,42.560001373291016,1010000
1998-08-31,42.400001525878906,42.58000183105469,40.099998474121094,40.15999984741211,40.15999984741211,1725000
1998-09-01,40.040000915527344,41.20000076293945,38.880001068115234,40.68000030517578,40.68000030517578,1505000
1998-09-02,41.36000061035156,43.619998931884766,41.29999923706055,42.599998474121094,42.599998474121094,1425000
1998-09-03,42.0,42.0,40.20000076293945,40.5,40.5,830000
1998-09-04,41.0,41.279998779296875,39.02000045776367,39.79999923706055,39.79999923706055,825000
1998-09-08,43.2400016784668,43.2400016784668,40.20000076293945,40.619998931884766,40.619998931884766,1150000
1998-09-09,40.560001373291016,40.619998931884766,39.68000030517578,40.0,40.0,745000
1998-09-10,38.20000076293945,38.81999969482422,38.13999938964844,38.540000915527344,38.540000915527344,560000
1998-09-11,38.119998931884766,38.439998626708984,37.86000061035156,38.400001525878906,38.400001525878906,735000
1998-09-14,39.08000183105469,40.31999969482422,39.08000183105469,40.099998474121094,40.099998474121094,805000
1998-09-15,40.2400016784668,40.29999923706055,39.5,39.58000183105469,39.58000183105469,565000
1998-09-16,39.599998474121094,40.400001525878906,39.119998931884766,40.36000061035156,40.36000061035156,520000
1998-09-17,40.0,40.040000915527344,39.5,39.63999938964844,39.63999938964844,445000
1998-09-18,39.619998931884766,39.84000015258789,39.34000015258789,39.400001525878906,39.400001525878906,335000
1998-09-21,38.79999923706055,39.41999816894531,38.779998779296875,39.31999969482422,39.31999969482422,405000
1998-09-22,39.65999984741211,39.880001068115234,39.2599983215332,39.400001525878906,39.400001525878906,370000
1998-09-23,39.65999984741211,40.70000076293945,39.439998626708984,40.63999938964844,40.63999938964844,485000
1998-09-24,40.720001220703125,41.47999954223633,40.560001373291016,40.58000183105469,40.58000183105469,680000
1998-09-25,40.279998779296875,40.279998779296875,39.79999923706055,40.0,40.0,530000
1998-09-28,40.52000045776367,40.79999923706055,40.380001068115234,40.7400016784668,40.7400016784668,335000
1998-09-29,40.79999923706055,40.86000061035156,40.060001373291016,40.7599983215332,40.7599983215332,605000
1998-09-30,40.52000045776367,40.619998931884766,39.720001220703125,39.86000061035156,39.86000061035156,230000
1998-10-01,39.20000076293945,39.52000045776367,38.65999984741211,38.7400016784668,38.7400016784668,465000
1998-10-02,38.7400016784668,39.84000015258789,38.31999969482422,39.29999923706055,39.29999923706055,585000
1998-10-05,39.220001220703125,39.79999923706055,38.65999984741211,39.65999984741211,39.65999984741211,430000
1998-10-06,40.400001525878906,40.540000915527344,40.08000183105469,40.380001068115234,40.380001068115234,715000
1998-10-07,40.540000915527344,40.540000915527344,39.41999816894531,39.900001525878906,39.900001525878906,565000
1998-10-08,39.20000076293945,39.380001068115234,38.63999938964844,39.099998474121094,39.099998474121094,710000
1998-10-09,39.20000076293945,40.86000061035156,39.0,40.86000061035156,40.86000061035156,755000
1998-10-12,41.599998474121094,41.97999954223633,41.34000015258789,41.380001068115234,41.380001068115234,580000
1998-10-13,41.2599983215332,41.959999084472656,41.099998474121094,41.720001220703125,41.720001220703125,275000
1998-10-14,41.79999923706055,43.52000045776367,41.65999984741211,43.439998626708984,43.439998626708984,565000
1998-10-15,43.720001220703125,45.2400016784668,43.29999923706055,45.20000076293945,45.20000076293945,825000
1998-10-16,45.5,45.63999938964844,44.099998474121094,44.400001525878906,44.400001525878906,765000
1998-10-19,44.20000076293945,44.70000076293945,44.0,44.18000030517578,44.18000030517578,345000
1998-10-20,44.279998779296875,44.36000061035156,43.400001525878906,43.52000045776367,43.52000045776367,545000
1998-10-21,43.400001525878906,43.459999084472656,42.380001068115234,42.720001220703125,42.720001220703125,425000
1998-10-22,42.720001220703125,42.720001220703125,42.040000915527344,42.279998779296875,42.279998779296875,370000
1998-10-23,42.20000076293945,42.2599983215332,41.68000030517578,41.959999084472656,41.959999084472656,225000
1998-10-26,42.0,42.0,41.439998626708984,41.63999938964844,41.63999938964844,255000
1998-10-27,41.79999923706055,42.0,41.400001525878906,41.5,41.5,635000
1998-10-28,41.5,41.5,41.119998931884766,41.18000030517578,41.18000030517578,375000
1998-10-29,41.459999084472656,42.18000030517578,41.040000915527344,42.15999984741211,42.15999984741211,435000
1998-10-30,42.52000045776367,42.959999084472656,42.400001525878906,42.959999084472656,42.959999084472656,495000
1998-11-02,43.2599983215332,43.380001068115234,43.0,43.13999938964844,43.13999938964844,525000
1998-11-03,43.13999938964844,45.0,43.13999938964844,44.720001220703125,44.720001220703125,620000
1998-11-04,46.31999969482422,46.599998474121094,45.70000076293945,45.70000076293945,45.70000076293945,760000
1998-11-05,45.720001220703125,45.7599983215332,45.0,45.34000015258789,45.34000015258789,565000
1998-11-06,45.560001373291016,45.560001373291016,45.0,45.31999969482422,45.31999969482422,430000
1998-11-09,45.31999969482422,45.380001068115234,44.720001220703125,44.79999923706055,44.79999923706055,285000
1998-11-10,44.959999084472656,44.959999084472656,44.439998626708984,44.560001373291016,44.560001373291016,215000
1998-11-11,44.5,44.79999923706055,44.47999954223633,44.52000045776367,44.52000045776367,280000
1998-11-12,44.52000045776367,44.560001373291016,44.08000183105469,44.560001373291016,44.560001373291016,180000
1998-11-13,44.560001373291016,44.599998474121094,44.20000076293945,44.2599983215332,44.2599983215332,245000
1998-11-16,44.34000015258789,44.63999938964844,44.18000030517578,44.540000915527344,44.540000915527344,270000
1998-11-17,44.540000915527344,44.599998474121094,44.060001373291016,44.47999954223633,44.47999954223633,500000
1998-11-18,44.65999984741211,44.68000030517578,44.29999923706055,44.65999984741211,44.65999984741211,320000
1998-11-19,44.599998474121094,44.619998931884766,44.400001525878906,44.5,44.5,265000
1998-11-20,44.79999923706055,44.900001525878906,44.619998931884766,44.880001068115234,44.880001068115234,285000
1998-11-23,45.0,46.720001220703125,44.880001068115234,46.720001220703125,46.720001220703125,720000
1998-11-24,46.720001220703125,46.720001220703125,45.880001068115234,46.099998474121094,46.099998474121094,590000
1998-11-25,46.099998474121094,46.20000076293945,45.91999816894531,46.15999984741211,46.15999984741211,300000
1998-11-27,46.400001525878906,46.400001525878906,46.060001373291016,46.13999938964844,46.13999938964844,180000
1998-11-30,46.0,46.040000915527344,45.0,45.02000045776367,45.02000045776367,335000
1998-12-01,44.91999816894531,45.2400016784668,44.220001220703125,45.18000030517578,45.18000030517578,735000
1998-12-02,45.220001220703125,45.2400016784668,44.29999923706055,44.599998474121094,44.599998474121094,345000
1998-12-03,44.68000030517578,45.040000915527344,44.439998626708984,44.47999954223633,44.47999954223633,305000
1998-12-04,44.400001525878906,44.599998474121094,44.279998779296875,44.540000915527344,44.540000915527344,290000
1998-12-07,44.68000030517578,44.7400016784668,44.13999938964844,44.279998779296875,44.279998779296875,195000
1998-12-08,44.20000076293945,44.20000076293945,43.0,43.02000045776367,43.02000045776367,385000
1998-12-09,43.02000045776367,43.060001373291016,42.2599983215332,42.47999954223633,42.47999954223633,605000
1998-12-10,42.400001525878906,42.400001525878906,41.47999954223633,41.7400016784668,41.7400016784668,465000
1998-12-11,40.099998474121094,41.2599983215332,40.060001373291016,40.47999954223633,40.47999954223633,825000
1998-12-14,40.58000183105469,42.400001525878906,40.02000045776367,41.81999969482422,41.81999969482422,855000
1998-12-15,42.31999969482422,42.540000915527344,42.0,42.20000076293945,42.20000076293945,770000
1998-12-16,42.31999969482422,42.5,42.13999938964844,42.34000015258789,42.34000015258789,260000
1998-12-17,42.36000061035156,42.36000061035156,39.900001525878906,41.099998474121094,41.099998474121094,1260000
1998-12-18,41.099998474121094,41.31999969482422,40.119998931884766,40.2400016784668,40.2400016784668,1120000
1998-12-21,40.18000030517578,40.2400016784668,39.099998474121094,39.119998931884766,39.119998931884766,2720000
1998-12-22,39.099998474121094,40.540000915527344,39.0,39.70000076293945,39.70000076293945,2460000
1998-12-23,39.7400016784668,43.15999984741211,39.599998474121094,42.79999923706055,42.79999923706055,2280000
1998-12-24,43.5,45.68000030517578,43.5,45.060001373291016,45.060001373291016,825000
1998-12-28,45.52000045776367,45.63999938964844,44.29999923706055,45.060001373291016,45.060001373291016,785000
1998-12-29,45.2400016784668,45.779998779296875,44.880001068115234,45.08000183105469,45.08000183105469,1090000
1998-12-30,45.65999984741211,45.84000015258789,45.2599983215332,45.70000076293945,45.70000076293945,1195000
1998-12-31,45.619998931884766,47.5,45.560001373291016,47.0,47.0,780000
1999-01-04,47.08000183105469,47.400001525878906,46.380001068115234,46.599998474121094,46.599998474121094,1705000
1999-01-05,46.65999984741211,46.70000076293945,45.400001525878906,45.540000915527344,45.540000915527344,1320000
1999-01-06,45.599998474121094,45.79999923706055,44.599998474121094,45.13999938964844,45.13999938964844,1005000
1999-01-07,44.52000045776367,44.900001525878906,43.5,44.08000183105469,44.08000183105469,1440000
1999-01-08,44.08000183105469,44.13999938964844,43.099998474121094,43.5,43.5,895000
1999-01-11,43.0,43.060001373291016,41.400001525878906,41.7599983215332,41.7599983215332,1920000
1999-01-12,41.560001373291016,42.58000183105469,41.36000061035156,41.779998779296875,41.779998779296875,1405000
1999-01-13,41.439998626708984,42.5,41.20000076293945,41.7599983215332,41.7599983215332,1565000
1999-01-14,41.79999923706055,43.2599983215332,41.540000915527344,42.099998474121094,42.099998474121094,1500000
1999-01-15,42.70000076293945,43.040000915527344,42.34000015258789,42.560001373291016,42.560001373291016,1245000
1999-01-19,43.900001525878906,43.959999084472656,42.060001373291016,42.119998931884766,42.119998931884766,2560000
1999-01-20,42.70000076293945,43.060001373291016,41.540000915527344,42.540000915527344,42.540000915527344,1570000
1999-01-21,42.400001525878906,42.5,41.400001525878906,41.70000076293945,41.70000076293945,1130000
1999-01-22,41.119998931884766,41.86000061035156,40.959999084472656,41.5,41.5,660000
1999-01-25,42.599998474121094,42.86000061035156,41.36000061035156,42.599998474121094,42.599998474121094,1660000
1999-01-26,42.599998474121094,42.599998474121094,41.0,42.31999969482422,42.31999969482422,1880000
1999-01-27,42.0,43.099998474121094,42.0,42.13999938964844,42.13999938964844,1665000
1999-01-28,42.36000061035156,42.880001068115234,42.02000045776367,42.880001068115234,42.880001068115234,1190000
1999-01-29,43.20000076293945,43.380001068115234,42.41999816894531,43.0,43.0,1255000
1999-02-01,44.599998474121094,47.29999923706055,44.0,45.97999954223633,45.97999954223633,2340000
1999-02-02,46.400001525878906,49.720001220703125,46.400001525878906,49.36000061035156,49.36000061035156,2885000
1999-02-03,49.20000076293945,51.70000076293945,49.13999938964844,50.560001373291016,50.560001373291016,1700000
1999-02-04,50.560001373291016,50.560001373291016,47.400001525878906,47.65999984741211,47.65999984741211,1545000
1999-02-05,47.0,48.599998474121094,46.79999923706055,47.52000045776367,47.52000045776367,990000
1999-02-08,48.599998474121094,48.84000015258789,48.040000915527344,48.560001373291016,48.560001373291016,1005000
1999-02-09,48.13999938964844,48.2400016784668,47.7400016784668,47.97999954223633,47.97999954223633,630000
1999-02-10,48.599998474121094,48.65999984741211,47.900001525878906,48.18000030517578,48.18000030517578,875000
1999-02-11,48.459999084472656,48.459999084472656,48.0,48.29999923706055,48.29999923706055,620000
1999-02-12,47.65999984741211,47.959999084472656,47.18000030517578,47.47999954223633,47.47999954223633,550000
1999-02-16,47.84000015258789,48.08000183105469,47.720001220703125,47.7400016784668,47.7400016784668,645000
1999-02-17,47.7599983215332,47.959999084472656,47.13999938964844,47.41999816894531,47.41999816894531,415000
1999-02-18,47.70000076293945,47.959999084472656,47.459999084472656,47.720001220703125,47.720001220703125,515000
1999-02-19,47.84000015258789,48.18000030517578,47.63999938964844,48.099998474121094,48.099998474121094,635000
1999-02-22,48.0,48.15999984741211,47.880001068115234,48.040000915527344,48.040000915527344,700000
1999-02-23,48.13999938964844,48.20000076293945,47.41999816894531,47.84000015258789,47.84000015258789,825000
1999-02-24,47.599998474121094,48.099998474121094,47.5,48.099998474121094,48.099998474121094,780000
1999-02-25,47.84000015258789,48.02000045776367,47.52000045776367,47.959999084472656,47.959999084472656,325000
1999-02-26,47.7599983215332,47.880001068115234,47.29999923706055,47.58000183105469,47.58000183105469,475000
1999-03-01,47.400001525878906,48.099998474121094,47.400001525878906,47.79999923706055,47.79999923706055,675000
1999-03-02,47.91999816894531,49.099998474121094,47.91999816894531,48.459999084472656,48.459999084472656,810000
1999-03-03,48.47999954223633,49.08000183105469,48.0,48.18000030517578,48.18000030517578,1180000
1999-03-04,48.5,48.900001525878906,48.040000915527344,48.47999954223633,48.47999954223633,820000
1999-03-05,48.68000030517578,49.08000183105469,48.15999984741211,48.2599983215332,48.2599983215332,940000
1999-03-08,48.459999084472656,48.7400016784668,48.29999923706055,48.7400016784668,48.7400016784668,500000
1999-03-09,48.52000045776367,48.619998931884766,47.86000061035156,48.380001068115234,48.380001068115234,700000
1999-03-10,48.65999984741211,49.36000061035156,48.47999954223633,49.08000183105469,49.08000183105469,980000
1999-03-11,49.5,50.20000076293945,49.15999984741211,50.060001373291016,50.060001373291016,995000
1999-03-12,50.36000061035156,54.2599983215332,50.36000061035156,52.84000015258789,52.84000015258789,1630000
1999-03-15,52.18000030517578,52.29999923706055,49.560001373291016,49.599998474121094,49.599998474121094,1815000
1999-03-16,49.79999923706055,50.220001220703125,47.86000061035156,48.0,48.0,1385000
1999-03-17,47.939998626708984,51.900001525878906,47.20000076293945,50.0,50.0,1640000
1999-03-18,49.91999816894531,52.0,49.91999816894531,51.79999923706055,51.79999923706055,825000
1999-03-19,51.900001525878906,51.97999954223633,50.5,50.939998626708984,50.939998626708984,685000
1999-03-22,50.720001220703125,51.119998931884766,50.41999816894531,50.70000076293945,50.70000076293945,350000
1999-03-23,50.060001373291016,50.2400016784668,48.0,49.0,49.0,860000
1999-03-24,48.84000015258789,49.7599983215332,48.540000915527344,48.63999938964844,48.63999938964844,550000
1999-03-25,49.400001525878906,50.0,48.15999984741211,48.560001373291016,48.560001373291016,1025000
1999-03-26,48.63999938964844,48.959999084472656,48.0,48.0,48.0,570000
1999-03-29,48.15999984741211,48.65999984741211,47.959999084472656,48.52000045776367,48.52000045776367,495000
1999-03-30,47.70000076293945,47.97999954223633,47.060001373291016,47.34000015258789,47.34000015258789,855000
1999-03-31,48.400001525878906,48.540000915527344,47.02000045776367,47.02000045776367,47.02000045776367,675000
1999-04-01,47.439998626708984,49.20000076293945,47.18000030517578,48.599998474121094,48.599998474121094,760000
1999-04-05,48.79999923706055,48.86000061035156,47.540000915527344,47.63999938964844,47.63999938964844,860000
1999-04-06,47.619998931884766,47.79999923706055,46.91999816894531,47.0,47.0,655000
1999-04-07,48.0,48.060001373291016,46.040000915527344,46.599998474121094,46.599998474121094,1740000
1999-04-08,46.20000076293945,47.060001373291016,46.13999938964844,47.040000915527344,47.040000915527344,570000
1999-04-09,47.040000915527344,47.060001373291016,46.58000183105469,46.959999084472656,46.959999084472656,510000
1999-04-12,46.79999923706055,47.400001525878906,46.619998931884766,47.279998779296875,47.279998779296875,810000
1999-04-13,47.279998779296875,47.400001525878906,46.7400016784668,46.97999954223633,46.97999954223633,550000
1999-04-14,46.97999954223633,47.5,46.81999969482422,46.900001525878906,46.900001525878906,1095000
1999-04-15,46.91999816894531,47.439998626708984,46.70000076293945,47.13999938964844,47.13999938964844,705000
1999-04-16,47.29999923706055,48.34000015258789,47.0,48.0,48.0,710000
1999-04-19,49.400001525878906,49.5,48.0,48.119998931884766,48.119998931884766,845000
1999-04-20,48.15999984741211,48.63999938964844,47.70000076293945,48.119998931884766,48.119998931884766,765000
1999-04-21,48.15999984741211,49.880001068115234,48.02000045776367,49.099998474121094,49.099998474121094,1210000
1999-04-22,49.400001525878906,49.939998626708984,49.400001525878906,49.7400016784668,49.7400016784668,660000
1999-04-23,49.400001525878906,49.779998779296875,48.619998931884766,49.47999954223633,49.47999954223633,380000
1999-04-26,49.599998474121094,49.79999923706055,49.119998931884766,49.68000030517578,49.68000030517578,565000
1999-04-27,49.599998474121094,49.959999084472656,49.20000076293945,49.79999923706055,49.79999923706055,605000
1999-04-28,49.84000015258789,50.0,49.599998474121094,49.68000030517578,49.68000030517578,460000
1999-04-29,49.86000061035156,49.880001068115234,49.220001220703125,49.29999923706055,49.29999923706055,385000
1999-04-30,49.619998931884766,50.119998931884766,49.20000076293945,49.400001525878906,49.400001525878906,745000
1999-05-03,50.0,50.0,48.599998474121094,49.0,49.0,465000
1999-05-04,48.599998474121094,50.400001525878906,48.52000045776367,49.15999984741211,49.15999984741211,960000
1999-05-05,49.70000076293945,50.0,49.220001220703125,49.900001525878906,49.900001525878906,665000
1999-05-06,49.939998626708984,50.099998474121094,49.540000915527344,49.79999923706055,49.79999923706055,685000
1999-05-07,49.599998474121094,49.97999954223633,49.540000915527344,49.599998474121094,49.599998474121094,360000
1999-05-10,49.52000045776367,50.08000183105469,49.52000045776367,49.81999969482422,49.81999969482422,570000
1999-05-11,49.63999938964844,50.79999923706055,49.63999938964844,50.7400016784668,50.7400016784668,455000
1999-05-12,50.7400016784668,50.7400016784668,50.0,50.119998931884766,50.119998931884766,420000
1999-05-13,50.20000076293945,50.29999923706055,48.959999084472656,48.959999084472656,48.959999084472656,550000
1999-05-14,48.97999954223633,49.060001373291016,47.900001525878906,47.959999084472656,47.959999084472656,655000
1999-05-17,47.0,47.099998474121094,46.060001373291016,46.939998626708984,46.939998626708984,1220000
1999-05-18,46.97999954223633,47.86000061035156,46.900001525878906,47.47999954223633,47.47999954223633,1035000
1999-05-19,47.599998474121094,48.52000045776367,47.439998626708984,48.2400016784668,48.2400016784668,645000
1999-05-20,48.400001525878906,48.52000045776367,47.900001525878906,48.0,48.0,310000
1999-05-21,48.0,48.619998931884766,47.400001525878906,48.619998931884766,48.619998931884766,535000
1999-05-24,48.5,48.5,47.41999816894531,48.02000045776367,48.02000045776367,440000
1999-05-25,47.91999816894531,48.18000030517578,47.279998779296875,47.47999954223633,47.47999954223633,355000
1999-05-26,47.2400016784668,47.68000030517578,46.68000030517578,47.0,47.0,675000
1999-05-27,47.0,47.0,45.70000076293945,46.380001068115234,46.380001068115234,900000
1999-05-28,46.380001068115234,46.47999954223633,46.060001373291016,46.36000061035156,46.36000061035156,205000
1999-06-01,46.20000076293945,46.400001525878906,45.939998626708984,46.220001220703125,46.220001220703125,300000
1999-06-02,46.400001525878906,46.47999954223633,46.02000045776367,46.31999969482422,46.31999969482422,235000
1999-06-03,46.52000045776367,46.880001068115234,46.02000045776367,46.15999984741211,46.15999984741211,245000
1999-06-04,46.15999984741211,46.7400016784668,46.15999984741211,46.7400016784668,46.7400016784668,240000
1999-06-07,46.900001525878906,48.0,46.68000030517578,47.70000076293945,47.70000076293945,610000
1999-06-08,47.70000076293945,48.5,47.560001373291016,47.880001068115234,47.880001068115234,450000
1999-06-09,47.900001525878906,47.959999084472656,47.08000183105469,47.20000076293945,47.20000076293945,520000
1999-06-10,47.20000076293945,47.20000076293945,46.060001373291016,46.619998931884766,46.619998931884766,460000
1999-06-11,46.70000076293945,46.7599983215332,46.20000076293945,46.439998626708984,46.439998626708984,510000
1999-06-14,46.400001525878906,46.58000183105469,45.900001525878906,45.97999954223633,45.97999954223633,610000
1999-06-15,46.119998931884766,46.29999923706055,45.939998626708984,46.29999923706055,46.29999923706055,615000
1999-06-16,46.20000076293945,46.939998626708984,46.18000030517578,46.5,46.5,295000
1999-06-17,46.47999954223633,46.560001373291016,46.119998931884766,46.439998626708984,46.439998626708984,225000
1999-06-18,46.099998474121094,46.20000076293945,45.279998779296875,45.5,45.5,580000
1999-06-21,45.599998474121094,45.900001525878906,45.5,45.79999923706055,45.79999923706055,540000
1999-06-22,45.5,45.68000030517578,44.900001525878906,44.939998626708984,44.939998626708984,735000
1999-06-23,45.13999938964844,45.34000015258789,44.540000915527344,45.2599983215332,45.2599983215332,460000
1999-06-24,45.0,45.02000045776367,44.599998474121094,44.70000076293945,44.70000076293945,545000
1999-06-25,45.15999984741211,45.15999984741211,44.439998626708984,44.58000183105469,44.58000183105469,620000
1999-06-28,44.70000076293945,44.900001525878906,44.29999923706055,44.400001525878906,44.400001525878906,615000
1999-06-29,44.2400016784668,44.91999816894531,44.220001220703125,44.84000015258789,44.84000015258789,810000
1999-06-30,44.63999938964844,45.5,44.63999938964844,44.79999923706055,44.79999923706055,670000
1999-07-01,44.70000076293945,45.2599983215332,44.70000076293945,44.91999816894531,44.91999816894531,710000
1999-07-02,44.79999923706055,45.86000061035156,44.79999923706055,45.560001373291016,45.560001373291016,440000
1999-07-06,45.599998474121094,45.97999954223633,45.20000076293945,45.97999954223633,45.97999954223633,1665000
1999-07-07,46.400001525878906,46.65999984741211,45.7400016784668,46.380001068115234,46.380001068115234,440000
1999-07-08,46.18000030517578,46.58000183105469,45.7599983215332,46.380001068115234,46.380001068115234,630000
1999-07-09,46.20000076293945,46.439998626708984,45.34000015258789,45.81999969482422,45.81999969482422,305000
1999-07-12,46.040000915527344,46.18000030517578,45.15999984741211,45.68000030517578,45.68000030517578,355000
1999-07-13,45.5,45.619998931884766,45.18000030517578,45.41999816894531,45.41999816894531,320000
1999-07-14,45.41999816894531,45.900001525878906,45.41999816894531,45.720001220703125,45.720001220703125,475000
1999-07-15,45.79999923706055,45.86000061035156,45.36000061035156,45.599998474121094,45.599998474121094,470000
1999-07-16,45.5,45.7400016784668,45.439998626708984,45.58000183105469,45.58000183105469,700000
1999-07-19,45.79999923706055,45.86000061035156,45.099998474121094,45.36000061035156,45.36000061035156,615000
1999-07-20,45.439998626708984,45.439998626708984,45.0,45.040000915527344,45.040000915527344,330000
1999-07-21,45.119998931884766,45.18000030517578,44.7400016784668,44.86000061035156,44.86000061035156,540000
1999-07-22,44.79999923706055,44.900001525878906,44.5,44.65999984741211,44.65999984741211,305000
1999-07-23,44.540000915527344,44.540000915527344,44.02000045776367,44.29999923706055,44.29999923706055,785000
1999-07-26,44.0,44.34000015258789,43.65999984741211,43.959999084472656,43.959999084472656,610000
1999-07-27,43.900001525878906,44.36000061035156,43.63999938964844,43.779998779296875,43.779998779296875,1025000
1999-07-28,43.70000076293945,43.779998779296875,43.20000076293945,43.2599983215332,43.2599983215332,960000
1999-07-29,43.040000915527344,43.5,42.20000076293945,43.41999816894531,43.41999816894531,1155000
1999-07-30,43.29999923706055,43.36000061035156,42.5,42.540000915527344,42.540000915527344,730000
1999-08-02,42.29999923706055,42.79999923706055,41.560001373291016,41.560001373291016,41.560001373291016,945000
1999-08-03,41.70000076293945,41.880001068115234,41.5,41.70000076293945,41.70000076293945,610000
1999-08-04,41.79999923706055,41.86000061035156,41.400001525878906,41.47999954223633,41.47999954223633,560000
1999-08-05,41.41999816894531,41.959999084472656,41.0,41.84000015258789,41.84000015258789,685000
1999-08-06,41.599998474121094,41.619998931884766,40.70000076293945,40.79999923706055,40.79999923706055,590000
1999-08-09,40.560001373291016,40.779998779296875,40.02000045776367,40.29999923706055,40.29999923706055,555000
1999-08-10,40.15999984741211,40.720001220703125,40.060001373291016,40.720001220703125,40.720001220703125,630000
1999-08-11,41.02000045776367,43.060001373291016,41.02000045776367,42.47999954223633,42.47999954223633,615000
1999-08-12,42.79999923706055,43.29999923706055,42.47999954223633,42.65999984741211,42.65999984741211,340000
1999-08-13,42.599998474121094,43.040000915527344,41.959999084472656,42.08000183105469,42.08000183105469,515000
1999-08-16,41.84000015258789,41.84000015258789,41.02000045776367,41.459999084472656,41.459999084472656,445000
1999-08-17,41.560001373291016,41.86000061035156,40.79999923706055,41.0,41.0,405000
1999-08-18,40.939998626708984,40.939998626708984,40.0,40.459999084472656,40.459999084472656,850000
1999-08-19,40.0,40.400001525878906,40.0,40.20000076293945,40.20000076293945,695000
1999-08-20,40.439998626708984,40.439998626708984,40.18000030517578,40.41999816894531,40.41999816894531,400000
1999-08-23,40.79999923706055,41.540000915527344,40.7400016784668,41.13999938964844,41.13999938964844,495000
1999-08-24,41.0,41.060001373291016,40.439998626708984,40.880001068115234,40.880001068115234,1025000
1999-08-25,40.63999938964844,40.63999938964844,40.279998779296875,40.380001068115234,40.380001068115234,1295000
1999-08-26,40.380001068115234,40.560001373291016,40.0,40.15999984741211,40.15999984741211,1260000
1999-08-27,40.5,40.65999984741211,40.2400016784668,40.41999816894531,40.41999816894531,570000
1999-08-30,40.459999084472656,40.47999954223633,40.02000045776367,40.08000183105469,40.08000183105469,690000
1999-08-31,40.20000076293945,40.29999923706055,39.97999954223633,40.060001373291016,40.060001373291016,890000
1999-09-01,40.2400016784668,40.47999954223633,40.2400016784668,40.459999084472656,40.459999084472656,735000
1999-09-02,40.29999923706055,40.540000915527344,40.18000030517578,40.540000915527344,40.540000915527344,390000
1999-09-03,40.7599983215332,41.400001525878906,40.41999816894531,40.540000915527344,40.540000915527344,665000
1999-09-07,40.400001525878906,40.459999084472656,40.02000045776367,40.20000076293945,40.20000076293945,795000
1999-09-08,40.099998474121094,40.20000076293945,40.0,40.099998474121094,40.099998474121094,785000
1999-09-09,40.099998474121094,40.099998474121094,39.720001220703125,40.02000045776367,40.02000045776367,1055000
1999-09-10,40.0,40.02000045776367,39.68000030517578,39.79999923706055,39.79999923706055,830000
1999-09-13,39.52000045776367,39.68000030517578,39.36000061035156,39.560001373291016,39.560001373291016,845000
1999-09-14,39.02000045776367,39.47999954223633,38.63999938964844,38.86000061035156,38.86000061035156,1025000
1999-09-15,39.0,39.36000061035156,38.84000015258789,39.36000061035156,39.36000061035156,755000
1999-09-16,38.959999084472656,39.97999954223633,38.959999084472656,39.900001525878906,39.900001525878906,390000
1999-09-17,39.97999954223633,40.18000030517578,39.91999816894531,40.15999984741211,40.15999984741211,495000
1999-09-20,40.099998474121094,40.400001525878906,39.900001525878906,40.29999923706055,40.29999923706055,340000
1999-09-21,39.880001068115234,40.34000015258789,39.880001068115234,40.040000915527344,40.040000915527344,720000
1999-09-22,40.040000915527344,40.040000915527344,38.7599983215332,39.119998931884766,39.119998931884766,1130000
1999-09-23,39.060001373291016,39.400001525878906,38.79999923706055,38.900001525878906,38.900001525878906,355000
1999-09-24,38.65999984741211,38.81999969482422,38.380001068115234,38.68000030517578,38.68000030517578,620000
1999-09-27,38.79999923706055,38.81999969482422,38.02000045776367,38.099998474121094,38.099998474121094,715000
1999-09-28,38.0,38.040000915527344,37.060001373291016,37.400001525878906,37.400001525878906,1035000
1999-09-29,36.900001525878906,37.400001525878906,36.79999923706055,37.31999969482422,37.31999969482422,950000
1999-09-30,37.2400016784668,37.81999969482422,36.040000915527344,37.119998931884766,37.119998931884766,1935000
1999-10-01,36.79999923706055,37.34000015258789,36.70000076293945,36.720001220703125,36.720001220703125,740000
1999-10-04,36.91999816894531,38.0,36.68000030517578,37.900001525878906,37.900001525878906,955000
1999-10-05,38.20000076293945,39.18000030517578,38.13999938964844,38.34000015258789,38.34000015258789,665000
1999-10-06,38.79999923706055,38.79999923706055,38.34000015258789,38.7400016784668,38.7400016784668,680000
1999-10-07,38.880001068115234,38.880001068115234,37.619998931884766,38.20000076293945,38.20000076293945,605000
1999-10-08,38.31999969482422,38.36000061035156,37.81999969482422,38.36000061035156,38.36000061035156,460000
1999-10-11,38.52000045776367,39.060001373291016,38.47999954223633,38.900001525878906,38.900001525878906,350000
1999-10-12,39.0,39.060001373291016,37.880001068115234,38.08000183105469,38.08000183105469,485000
1999-10-13,38.02000045776367,39.0,38.02000045776367,38.34000015258789,38.34000015258789,640000
1999-10-14,38.5,38.560001373291016,37.900001525878906,38.18000030517578,38.18000030517578,340000
1999-10-15,37.70000076293945,38.119998931884766,37.459999084472656,37.63999938964844,37.63999938964844,470000
1999-10-18,37.70000076293945,37.84000015258789,37.0,37.18000030517578,37.18000030517578,455000
1999-10-19,37.36000061035156,38.36000061035156,37.2599983215332,37.52000045776367,37.52000045776367,535000
1999-10-20,37.34000015258789,37.70000076293945,36.68000030517578,37.15999984741211,37.15999984741211,910000
1999-10-21,36.900001525878906,36.97999954223633,35.84000015258789,36.0,36.0,930000
1999-10-22,36.15999984741211,36.380001068115234,36.040000915527344,36.18000030517578,36.18000030517578,715000
1999-10-25,36.29999923706055,37.15999984741211,36.119998931884766,36.68000030517578,36.68000030517578,905000
1999-10-26,37.2400016784668,37.58000183105469,36.939998626708984,37.119998931884766,37.119998931884766,775000
1999-10-27,37.439998626708984,37.52000045776367,37.119998931884766,37.380001068115234,37.380001068115234,660000
1999-10-28,37.779998779296875,39.36000061035156,37.779998779296875,39.060001373291016,39.060001373291016,915000
1999-10-29,39.400001525878906,42.0,39.34000015258789,41.79999923706055,41.79999923706055,1280000
1999-11-01,42.79999923706055,43.400001525878906,41.2599983215332,41.7400016784668,41.7400016784668,1080000
1999-11-02,41.97999954223633,43.619998931884766,41.97999954223633,42.81999969482422,42.81999969482422,910000
1999-11-03,42.91999816894531,43.7400016784668,42.81999969482422,43.060001373291016,43.060001373291016,800000
1999-11-04,43.2599983215332,43.880001068115234,42.97999954223633,43.2599983215332,43.2599983215332,490000
1999-11-05,44.20000076293945,44.380001068115234,42.31999969482422,42.619998931884766,42.619998931884766,470000
1999-11-08,42.400001525878906,42.400001525878906,40.619998931884766,41.7599983215332,41.7599983215332,610000
1999-11-09,41.400001525878906,41.5,40.0,40.279998779296875,40.279998779296875,455000
1999-11-10,39.5,40.18000030517578,39.13999938964844,39.70000076293945,39.70000076293945,705000
1999-11-11,39.5,39.91999816894531,38.84000015258789,39.15999984741211,39.15999984741211,555000
1999-11-12,39.0,40.52000045776367,38.70000076293945,39.36000061035156,39.36000061035156,970000
1999-11-15,38.70000076293945,38.900001525878906,38.0,38.79999923706055,38.79999923706055,1375000
1999-11-16,39.0,39.0,37.959999084472656,38.02000045776367,38.02000045776367,775000
1999-11-17,37.84000015258789,38.5,37.63999938964844,37.880001068115234,37.880001068115234,1230000
1999-11-18,37.81999969482422,38.400001525878906,37.79999923706055,38.34000015258789,38.34000015258789,915000
1999-11-19,38.36000061035156,38.400001525878906,36.97999954223633,37.099998474121094,37.099998474121094,1040000
1999-11-22,37.599998474121094,38.29999923706055,37.599998474121094,38.18000030517578,38.18000030517578,1150000
1999-11-23,38.599998474121094,38.65999984741211,37.58000183105469,37.779998779296875,37.779998779296875,965000
1999-11-24,37.65999984741211,37.939998626708984,37.63999938964844,37.900001525878906,37.900001525878906,630000
1999-11-26,38.099998474121094,38.2400016784668,37.540000915527344,37.65999984741211,37.65999984741211,315000
1999-11-29,37.060001373291016,37.560001373291016,37.060001373291016,37.47999954223633,37.47999954223633,670000
1999-11-30,37.5,38.119998931884766,37.119998931884766,37.29999923706055,37.29999923706055,610000
1999-12-01,37.400001525878906,37.7599983215332,37.099998474121094,37.20000076293945,37.20000076293945,470000
1999-12-02,37.099998474121094,37.18000030517578,36.68000030517578,37.0,37.0,655000
1999-12-03,37.599998474121094,37.7599983215332,36.720001220703125,36.79999923706055,36.79999923706055,1015000
1999-12-06,37.0,37.220001220703125,36.599998474121094,36.720001220703125,36.720001220703125,605000
1999-12-07,36.599998474121094,36.720001220703125,36.0,36.220001220703125,36.220001220703125,1160000
1999-12-08,36.02000045776367,36.36000061035156,35.599998474121094,36.0,36.0,835000
1999-12-09,35.900001525878906,35.900001525878906,35.540000915527344,35.70000076293945,35.70000076293945,935000
1999-12-10,35.560001373291016,36.119998931884766,34.68000030517578,35.7400016784668,35.7400016784668,1405000
1999-12-13,36.29999923706055,36.70000076293945,35.5,35.70000076293945,35.70000076293945,1025000
1999-12-14,35.70000076293945,35.959999084472656,34.79999923706055,34.939998626708984,34.939998626708984,765000
1999-12-15,34.5,35.459999084472656,34.439998626708984,35.119998931884766,35.119998931884766,1010000
1999-12-16,34.79999923706055,35.20000076293945,34.439998626708984,34.63999938964844,34.63999938964844,1020000
1999-12-17,35.0,35.18000030517578,34.65999984741211,35.099998474121094,35.099998474121094,1125000
1999-12-20,35.0,35.18000030517578,34.65999984741211,35.119998931884766,35.119998931884766,915000
1999-12-21,34.720001220703125,34.880001068115234,34.400001525878906,34.52000045776367,34.52000045776367,945000
1999-12-22,34.52000045776367,34.959999084472656,34.29999923706055,34.41999816894531,34.41999816894531,1165000
1999-12-23,34.15999984741211,34.7599983215332,34.13999938964844,34.34000015258789,34.34000015258789,1435000
1999-12-27,34.20000076293945,34.599998474121094,34.015625,34.31999969482422,34.31999969482422,1255000
1999-12-28,34.15999984741211,34.540000915527344,34.040000915527344,34.2400016784668,34.2400016784668,1435000
1999-12-29,34.02000045776367,34.5,34.02000045776367,34.34000015258789,34.34000015258789,1085000
1999-12-30,34.060001373291016,34.34000015258789,34.060001373291016,34.20000076293945,34.20000076293945,1265000
1999-12-31,34.15999984741211,36.619998931884766,34.08000183105469,36.599998474121094,36.599998474121094,1075000
2000-01-03,36.5,36.58000183105469,34.81999969482422,35.29999923706055,35.29999923706055,875000
2000-01-04,34.5,34.65999984741211,33.900001525878906,34.08000183105469,34.08000183105469,1380000
2000-01-05,34.13999938964844,35.459999084472656,33.900001525878906,34.63999938964844,34.63999938964844,995000
2000-01-06,34.900001525878906,36.08000183105469,34.540000915527344,36.08000183105469,36.08000183105469,915000
2000-01-07,36.599998474121094,36.959999084472656,36.099998474121094,36.400001525878906,36.400001525878906,1000000
2000-01-10,36.900001525878906,37.7599983215332,36.119998931884766,36.2599983215332,36.2599983215332,1010000
2000-01-11,35.79999923706055,35.959999084472656,35.29999923706055,35.58000183105469,35.58000183105469,725000
2000-01-12,35.5,35.68000030517578,34.720001220703125,34.900001525878906,34.900001525878906,515000
2000-01-13,35.20000076293945,35.459999084472656,35.02000045776367,35.20000076293945,35.20000076293945,615000
2000-01-14,35.599998474121094,35.70000076293945,34.02000045776367,34.02000045776367,34.02000045776367,1345000
2000-01-18,34.08000183105469,34.380001068115234,33.79999923706055,34.0,34.0,1375000
2000-01-19,34.099998474121094,34.2599983215332,33.540000915527344,34.18000030517578,34.18000030517578,885000
2000-01-20,34.18000030517578,34.68000030517578,34.0,34.0,34.0,815000
2000-01-21,34.0,34.2599983215332,33.880001068115234,34.220001220703125,34.220001220703125,710000
2000-01-24,34.70000076293945,34.79999923706055,33.7599983215332,34.0,34.0,660000
2000-01-25,33.900001525878906,34.459999084472656,33.79999923706055,34.060001373291016,34.060001373291016,625000
2000-01-26,34.15999984741211,34.47999954223633,34.0,34.13999938964844,34.13999938964844,530000
2000-01-27,34.13999938964844,34.400001525878906,33.720001220703125,33.91999816894531,33.91999816894531,470000
2000-01-28,33.79999923706055,33.86000061035156,33.08000183105469,33.20000076293945,33.20000076293945,985000
2000-01-31,33.2400016784668,33.65999984741211,32.91999816894531,32.91999816894531,32.91999816894531,1120000
2000-02-01,33.31999969482422,33.560001373291016,33.060001373291016,33.5,33.5,525000
2000-02-02,33.29999923706055,33.36000061035156,32.70000076293945,32.79999923706055,32.79999923706055,1040000
2000-02-03,33.0,33.47999954223633,33.0,33.400001525878906,33.400001525878906,600000
2000-02-04,33.540000915527344,33.65999984741211,33.0,33.099998474121094,33.099998474121094,620000
2000-02-07,32.97999954223633,33.400001525878906,32.81999969482422,33.279998779296875,33.279998779296875,770000
2000-02-08,32.900001525878906,33.099998474121094,32.599998474121094,32.70000076293945,32.70000076293945,1035000
2000-02-09,32.2599983215332,32.7599983215332,31.540000915527344,31.760000228881836,31.760000228881836,1760000
2000-02-10,31.899999618530273,31.959999084472656,30.0,30.959999084472656,30.959999084472656,2220000
2000-02-11,31.200000762939453,31.360000610351562,29.700000762939453,30.139999389648438,30.139999389648438,2525000
2000-02-14,29.5,29.579999923706055,28.31999969482422,28.479999542236328,28.479999542236328,2715000
2000-02-15,30.399999618530273,30.799999237060547,30.020000457763672,30.639999389648438,30.639999389648438,2290000
2000-02-16,31.34000015258789,34.0,31.200000762939453,33.279998779296875,33.279998779296875,2215000
2000-02-17,34.0,34.18000030517578,32.099998474121094,33.2599983215332,33.2599983215332,975000
2000-02-18,33.18000030517578,33.720001220703125,31.0,33.720001220703125,33.720001220703125,1010000
2000-02-22,32.599998474121094,32.65999984741211,32.0,32.400001525878906,32.400001525878906,825000
2000-02-23,32.400001525878906,32.58000183105469,32.0,32.31999969482422,32.31999969482422,610000
2000-02-24,32.099998474121094,32.099998474121094,30.399999618530273,30.780000686645508,30.780000686645508,745000
2000-02-25,30.8799991607666,30.940000534057617,29.600000381469727,29.799999237060547,29.799999237060547,1770000
2000-02-28,29.700000762939453,29.760000228881836,29.040000915527344,29.200000762939453,29.200000762939453,2225000
2000-02-29,29.600000381469727,29.6200008392334,28.700000762939453,28.799999237060547,28.799999237060547,1900000
2000-03-01,28.739999771118164,29.459999084472656,28.739999771118164,29.34000015258789,29.34000015258789,1105000
2000-03-02,29.399999618530273,29.579999923706055,29.040000915527344,29.360000610351562,29.360000610351562,715000
2000-03-03,29.600000381469727,29.940000534057617,29.200000762939453,29.3799991607666,29.3799991607666,725000
2000-03-06,29.0,29.399999618530273,28.68000030517578,28.899999618530273,28.899999618530273,885000
2000-03-07,29.100000381469727,29.219999313354492,28.540000915527344,29.0,29.0,950000
2000-03-08,29.040000915527344,29.040000915527344,28.5,28.780000686645508,28.780000686645508,1010000
2000-03-09,28.5,28.540000915527344,27.719999313354492,28.0,28.0,1805000
2000-03-10,27.84000015258789,28.299999237060547,27.020000457763672,27.399999618530273,27.399999618530273,2135000
2000-03-13,29.0,30.1200008392334,28.940000534057617,29.760000228881836,29.760000228881836,1720000
2000-03-14,29.559999465942383,29.84000015258789,29.0,29.100000381469727,29.100000381469727,1010000
2000-03-15,29.440000534057617,32.900001525878906,29.399999618530273,32.52000045776367,32.52000045776367,1630000
2000-03-16,32.900001525878906,34.2599983215332,32.880001068115234,34.040000915527344,34.040000915527344,2375000
2000-03-17,34.08000183105469,36.599998474121094,33.599998474121094,34.0,34.0,2115000
2000-03-20,34.060001373291016,34.560001373291016,33.099998474121094,33.560001373291016,33.560001373291016,935000
2000-03-21,33.36000061035156,36.040000915527344,33.29999923706055,35.86000061035156,35.86000061035156,1275000
2000-03-22,35.97999954223633,36.36000061035156,35.400001525878906,36.060001373291016,36.060001373291016,845000
2000-03-23,36.040000915527344,36.65999984741211,35.34000015258789,35.47999954223633,35.47999954223633,650000
2000-03-24,35.880001068115234,36.47999954223633,35.540000915527344,35.97999954223633,35.97999954223633,550000
2000-03-27,36.099998474121094,36.119998931884766,33.959999084472656,34.20000076293945,34.20000076293945,535000
2000-03-28,33.86000061035156,33.939998626708984,32.939998626708984,33.34000015258789,33.34000015258789,665000
2000-03-29,33.34000015258789,33.400001525878906,32.79999923706055,33.34000015258789,33.34000015258789,490000
2000-03-30,33.279998779296875,36.040000915527344,33.220001220703125,34.779998779296875,34.779998779296875,1270000
2000-03-31,35.439998626708984,36.5,34.84000015258789,36.400001525878906,36.400001525878906,1225000
2000-04-03,36.70000076293945,36.720001220703125,35.099998474121094,35.099998474121094,35.099998474121094,770000
2000-04-04,35.5,36.97999954223633,35.459999084472656,36.18000030517578,36.18000030517578,1410000
2000-04-05,36.400001525878906,37.58000183105469,36.34000015258789,36.7599983215332,36.7599983215332,1090000
2000-04-06,36.900001525878906,37.7599983215332,36.900001525878906,37.2599983215332,37.2599983215332,650000
2000-04-07,37.20000076293945,37.400001525878906,36.599998474121094,36.81999969482422,36.81999969482422,605000
2000-04-10,36.70000076293945,36.959999084472656,36.31999969482422,36.41999816894531,36.41999816894531,585000
2000-04-11,36.459999084472656,36.58000183105469,35.900001525878906,36.08000183105469,36.08000183105469,590000
2000-04-12,36.0,37.70000076293945,35.880001068115234,37.41999816894531,37.41999816894531,820000
2000-04-13,37.91999816894531,38.959999084472656,37.540000915527344,37.79999923706055,37.79999923706055,940000
2000-04-14,37.31999969482422,37.459999084472656,36.34000015258789,36.91999816894531,36.91999816894531,935000
2000-04-17,36.7599983215332,37.20000076293945,36.400001525878906,37.18000030517578,37.18000030517578,830000
2000-04-18,37.5,38.20000076293945,37.29999923706055,37.70000076293945,37.70000076293945,695000
2000-04-19,37.97999954223633,38.02000045776367,37.31999969482422,37.599998474121094,37.599998474121094,465000
2000-04-20,37.7400016784668,38.31999969482422,37.36000061035156,38.279998779296875,38.279998779296875,255000
2000-04-24,38.040000915527344,39.040000915527344,37.880001068115234,38.79999923706055,38.79999923706055,590000
2000-04-25,39.0,39.15999984741211,38.68000030517578,39.040000915527344,39.040000915527344,340000
2000-04-26,39.040000915527344,39.040000915527344,38.20000076293945,38.5,38.5,275000
2000-04-27,38.0,38.47999954223633,37.7400016784668,38.400001525878906,38.400001525878906,280000
2000-04-28,38.400001525878906,38.7400016784668,38.20000076293945,38.31999969482422,38.31999969482422,325000
2000-05-01,38.20000076293945,38.2599983215332,37.040000915527344,37.13999938964844,37.13999938964844,520000
2000-05-02,37.040000915527344,37.119998931884766,34.720001220703125,34.97999954223633,34.97999954223633,700000
2000-05-03,34.79999923706055,34.91999816894531,34.5,34.900001525878906,34.900001525878906,545000
2000-05-04,34.900001525878906,35.58000183105469,34.900001525878906,35.52000045776367,35.52000045776367,305000
2000-05-05,35.36000061035156,35.97999954223633,35.36000061035156,35.880001068115234,35.880001068115234,200000
2000-05-08,36.0,36.18000030517578,35.939998626708984,36.060001373291016,36.060001373291016,140000
2000-05-09,36.31999969482422,36.380001068115234,35.2400016784668,35.400001525878906,35.400001525878906,400000
2000-05-10,35.040000915527344,35.400001525878906,33.20000076293945,35.040000915527344,35.040000915527344,815000
2000-05-11,34.939998626708984,35.619998931884766,34.939998626708984,35.439998626708984,35.439998626708984,415000
2000-05-12,35.599998474121094,35.939998626708984,35.34000015258789,35.459999084472656,35.459999084472656,325000
2000-05-15,35.70000076293945,38.0,35.08000183105469,37.79999923706055,37.79999923706055,740000
2000-05-16,38.79999923706055,39.0,38.31999969482422,38.5,38.5,885000
2000-05-17,38.0,38.34000015258789,37.63999938964844,38.02000045776367,38.02000045776367,340000
2000-05-18,38.0,38.2599983215332,37.900001525878906,37.959999084472656,37.959999084472656,290000
2000-05-19,37.7599983215332,37.7599983215332,37.220001220703125,37.36000061035156,37.36000061035156,285000
2000-05-22,37.15999984741211,37.15999984741211,36.41999816894531,36.52000045776367,36.52000045776367,430000
2000-05-23,36.119998931884766,36.58000183105469,35.599998474121094,35.900001525878906,35.900001525878906,405000
2000-05-24,36.20000076293945,36.560001373291016,34.81999969482422,36.119998931884766,36.119998931884766,665000
2000-05-25,36.02000045776367,37.2400016784668,36.02000045776367,36.959999084472656,36.959999084472656,400000
2000-05-26,37.099998474121094,37.279998779296875,36.400001525878906,36.58000183105469,36.58000183105469,255000
2000-05-30,36.70000076293945,38.20000076293945,36.70000076293945,37.939998626708984,37.939998626708984,400000
2000-05-31,37.70000076293945,38.13999938964844,37.560001373291016,37.720001220703125,37.720001220703125,290000
2000-06-01,37.720001220703125,39.0,37.720001220703125,38.7599983215332,38.7599983215332,585000
2000-06-02,38.900001525878906,39.400001525878906,38.13999938964844,38.52000045776367,38.52000045776367,970000
2000-06-05,38.52000045776367,39.08000183105469,38.41999816894531,38.84000015258789,38.84000015258789,450000
2000-06-06,39.099998474121094,39.099998474121094,38.58000183105469,38.7599983215332,38.7599983215332,230000
2000-06-07,39.0,39.29999923706055,38.81999969482422,39.279998779296875,39.279998779296875,325000
2000-06-08,39.34000015258789,39.34000015258789,39.08000183105469,39.119998931884766,39.119998931884766,255000
2000-06-09,39.119998931884766,39.5,38.68000030517578,39.0,39.0,290000
2000-06-12,39.099998474121094,39.15999984741211,38.36000061035156,38.400001525878906,38.400001525878906,190000
2000-06-13,38.5,38.86000061035156,38.5,38.65999984741211,38.65999984741211,290000
2000-06-14,38.65999984741211,38.720001220703125,37.34000015258789,37.47999954223633,37.47999954223633,380000
2000-06-15,37.31999969482422,37.5,36.84000015258789,37.0,37.0,300000
2000-06-16,36.959999084472656,37.0,36.0,36.58000183105469,36.58000183105469,465000
2000-06-19,36.58000183105469,37.060001373291016,36.20000076293945,36.959999084472656,36.959999084472656,265000
2000-06-20,36.880001068115234,37.29999923706055,36.7400016784668,37.060001373291016,37.060001373291016,380000
2000-06-21,36.84000015258789,36.97999954223633,36.70000076293945,36.779998779296875,36.779998779296875,355000
2000-06-22,36.599998474121094,36.599998474121094,35.2599983215332,35.68000030517578,35.68000030517578,845000
2000-06-23,35.599998474121094,35.63999938964844,34.619998931884766,35.279998779296875,35.279998779296875,870000
2000-06-26,35.5,35.84000015258789,35.2400016784668,35.79999923706055,35.79999923706055,625000
2000-06-27,35.599998474121094,35.880001068115234,35.15999984741211,35.20000076293945,35.20000076293945,590000
2000-06-28,35.20000076293945,35.220001220703125,34.400001525878906,34.63999938964844,34.63999938964844,800000
2000-06-29,34.599998474121094,35.02000045776367,34.439998626708984,34.959999084472656,34.959999084472656,635000
2000-06-30,35.0,35.29999923706055,34.900001525878906,35.20000076293945,35.20000076293945,440000
2000-07-03,35.20000076293945,35.36000061035156,35.0,35.08000183105469,35.08000183105469,70000
2000-07-05,35.08000183105469,35.459999084472656,35.0,35.08000183105469,35.08000183105469,445000
2000-07-06,35.040000915527344,35.15999984741211,34.619998931884766,34.86000061035156,34.86000061035156,490000
2000-07-07,34.91999816894531,35.2400016784668,34.70000076293945,35.20000076293945,35.20000076293945,380000
2000-07-10,35.20000076293945,35.599998474121094,35.119998931884766,35.400001525878906,35.400001525878906,335000
2000-07-11,35.5,36.08000183105469,35.400001525878906,35.63999938964844,35.63999938964844,950000
2000-07-12,35.599998474121094,35.97999954223633,35.599998474121094,35.79999923706055,35.79999923706055,405000
2000-07-13,35.939998626708984,36.279998779296875,35.70000076293945,36.13999938964844,36.13999938964844,550000
2000-07-14,36.400001525878906,36.400001525878906,36.060001373291016,36.2599983215332,36.2599983215332,445000
2000-07-17,36.36000061035156,36.459999084472656,36.2400016784668,36.380001068115234,36.380001068115234,395000
2000-07-18,36.41999816894531,36.5,36.36000061035156,36.36000061035156,36.36000061035156,785000
2000-07-19,36.29999923706055,36.31999969482422,35.79999923706055,35.97999954223633,35.97999954223633,505000
2000-07-20,35.91999816894531,36.060001373291016,35.119998931884766,35.29999923706055,35.29999923706055,725000
2000-07-21,35.47999954223633,35.47999954223633,34.84000015258789,35.20000076293945,35.20000076293945,660000
2000-07-24,34.91999816894531,35.18000030517578,34.29999923706055,34.540000915527344,34.540000915527344,290000
2000-07-25,34.34000015258789,35.939998626708984,34.115623474121094,35.68000030517578,35.68000030517578,540000
2000-07-26,36.0,37.599998474121094,35.7599983215332,37.599998474121094,37.599998474121094,525000
2000-07-27,37.400001525878906,38.119998931884766,36.7400016784668,38.060001373291016,38.060001373291016,670000
2000-07-28,38.060001373291016,38.79999923706055,37.41999816894531,37.41999816894531,37.41999816894531,1055000
2000-07-31,37.20000076293945,37.34000015258789,35.900001525878906,36.5,36.5,295000
2000-08-01,36.58000183105469,37.29999923706055,36.34000015258789,37.2599983215332,37.2599983215332,535000
2000-08-02,37.060001373291016,38.31999969482422,36.86000061035156,37.900001525878906,37.900001525878906,665000
2000-08-03,38.0,39.380001068115234,37.959999084472656,39.20000076293945,39.20000076293945,1245000
2000-08-04,39.099998474121094,41.47999954223633,39.099998474121094,41.400001525878906,41.400001525878906,1525000
2000-08-07,41.0,41.36000061035156,40.459999084472656,41.060001373291016,41.060001373291016,830000
2000-08-08,41.119998931884766,41.2599983215332,40.65999984741211,40.65999984741211,40.65999984741211,630000
2000-08-09,40.47999954223633,40.939998626708984,40.0,40.939998626708984,40.939998626708984,560000
2000-08-10,40.86000061035156,41.060001373291016,40.599998474121094,40.97999954223633,40.97999954223633,335000
2000-08-11,40.79999923706055,41.099998474121094,40.63999938964844,40.779998779296875,40.779998779296875,380000
2000-08-14,40.400001525878906,41.119998931884766,40.279998779296875,41.060001373291016,41.060001373291016,615000
2000-08-15,40.959999084472656,40.959999084472656,40.279998779296875,40.5,40.5,395000
2000-08-16,40.34000015258789,41.040000915527344,40.29999923706055,40.939998626708984,40.939998626708984,270000
2000-08-17,41.060001373291016,41.08000183105469,40.58000183105469,40.880001068115234,40.880001068115234,210000
2000-08-18,40.86000061035156,40.97999954223633,40.18000030517578,40.31999969482422,40.31999969482422,205000
2000-08-21,40.20000076293945,40.47999954223633,40.060001373291016,40.279998779296875,40.279998779296875,390000
2000-08-22,40.15999984741211,40.2599983215332,39.7599983215332,39.939998626708984,39.939998626708984,280000
2000-08-23,39.599998474121094,39.599998474121094,39.060001373291016,39.08000183105469,39.08000183105469,335000
2000-08-24,38.79999923706055,38.79999923706055,37.779998779296875,38.439998626708984,38.439998626708984,625000
2000-08-25,38.439998626708984,38.560001373291016,37.63999938964844,37.779998779296875,37.779998779296875,260000
2000-08-28,37.86000061035156,38.13999938964844,37.7400016784668,38.0,38.0,350000
2000-08-29,38.060001373291016,38.060001373291016,37.439998626708984,37.939998626708984,37.939998626708984,315000
2000-08-30,37.79999923706055,38.2599983215332,37.619998931884766,38.20000076293945,38.20000076293945,370000
2000-08-31,38.36000061035156,38.380001068115234,37.619998931884766,38.2599983215332,38.2599983215332,845000
2000-09-01,38.20000076293945,39.099998474121094,38.20000076293945,39.0,39.0,310000
2000-09-05,38.7599983215332,39.220001220703125,38.7400016784668,38.900001525878906,38.900001525878906,335000
2000-09-06,38.7599983215332,38.7599983215332,37.540000915527344,38.20000076293945,38.20000076293945,510000
2000-09-07,37.70000076293945,38.099998474121094,37.52000045776367,37.70000076293945,37.70000076293945,345000
2000-09-08,37.540000915527344,38.08000183105469,37.540000915527344,38.08000183105469,38.08000183105469,655000
2000-09-11,38.02000045776367,38.41999816894531,37.84000015258789,37.86000061035156,37.86000061035156,395000
2000-09-12,38.060001373291016,38.459999084472656,38.0,38.220001220703125,38.220001220703125,275000
2000-09-13,37.70000076293945,38.13999938964844,37.619998931884766,38.08000183105469,38.08000183105469,425000
2000-09-14,38.08000183105469,38.47999954223633,38.02000045776367,38.47999954223633,38.47999954223633,285000
2000-09-15,38.52000045776367,38.560001373291016,38.099998474121094,38.099998474121094,38.099998474121094,415000
2000-09-18,38.0,39.099998474121094,37.599998474121094,39.08000183105469,39.08000183105469,525000
2000-09-19,39.099998474121094,39.119998931884766,37.02000045776367,37.119998931884766,37.119998931884766,1180000
2000-09-20,37.2400016784668,37.599998474121094,37.0,37.060001373291016,37.060001373291016,310000
2000-09-21,37.0,37.20000076293945,36.439998626708984,36.599998474121094,36.599998474121094,455000
2000-09-22,36.099998474121094,37.060001373291016,36.099998474121094,36.79999923706055,36.79999923706055,715000
2000-09-25,36.70000076293945,37.7599983215332,36.70000076293945,37.279998779296875,37.279998779296875,745000
2000-09-26,38.0,38.58000183105469,37.7400016784668,38.08000183105469,38.08000183105469,710000
2000-09-27,38.36000061035156,38.5,38.08000183105469,38.20000076293945,38.20000076293945,380000
2000-09-28,38.119998931884766,39.36000061035156,38.119998931884766,39.36000061035156,39.36000061035156,620000
2000-09-29,39.20000076293945,41.720001220703125,39.20000076293945,41.400001525878906,41.400001525878906,1455000
2000-10-02,41.0,41.7599983215332,40.65999984741211,41.279998779296875,41.279998779296875,950000
2000-10-03,41.400001525878906,41.560001373291016,40.15999984741211,40.15999984741211,40.15999984741211,430000
2000-10-04,40.099998474121094,40.15999984741211,38.86000061035156,39.380001068115234,39.380001068115234,295000
2000-10-05,39.279998779296875,39.959999084472656,39.20000076293945,39.5,39.5,225000
2000-10-06,39.79999923706055,39.91999816894531,38.79999923706055,38.880001068115234,38.880001068115234,135000
2000-10-09,38.79999923706055,39.20000076293945,38.400001525878906,39.13999938964844,39.13999938964844,285000
2000-10-10,38.939998626708984,39.29999923706055,38.599998474121094,38.599998474121094,38.599998474121094,265000
2000-10-11,38.0,38.18000030517578,37.0,37.400001525878906,37.400001525878906,705000
2000-10-12,36.79999923706055,36.84000015258789,35.220001220703125,35.68000030517578,35.68000030517578,1110000
2000-10-13,35.68000030517578,38.86000061035156,35.58000183105469,37.86000061035156,37.86000061035156,895000
2000-10-16,37.41999816894531,38.18000030517578,37.15999984741211,37.79999923706055,37.79999923706055,465000
2000-10-17,38.0,38.099998474121094,37.380001068115234,37.959999084472656,37.959999084472656,290000
2000-10-18,37.20000076293945,37.7599983215332,36.560001373291016,37.70000076293945,37.70000076293945,385000
2000-10-19,38.099998474121094,39.15999984741211,38.0,39.15999984741211,39.15999984741211,530000
2000-10-20,39.060001373291016,39.560001373291016,38.91999816894531,39.119998931884766,39.119998931884766,290000
2000-10-23,38.84000015258789,39.060001373291016,38.459999084472656,38.560001373291016,38.560001373291016,310000
2000-10-24,38.119998931884766,39.0,38.02000045776367,38.68000030517578,38.68000030517578,235000
2000-10-25,38.68000030517578,39.779998779296875,38.68000030517578,39.58000183105469,39.58000183105469,490000
2000-10-26,39.58000183105469,39.900001525878906,39.0,39.900001525878906,39.900001525878906,355000
2000-10-27,40.0,40.2400016784668,39.400001525878906,39.81999969482422,39.81999969482422,665000
2000-10-30,39.70000076293945,42.0,39.68000030517578,41.70000076293945,41.70000076293945,1420000
2000-10-31,42.0,42.5,41.599998474121094,42.060001373291016,42.060001373291016,1710000
2000-11-01,41.5,42.2599983215332,41.36000061035156,42.040000915527344,42.040000915527344,470000
2000-11-02,42.0,42.36000061035156,41.619998931884766,42.279998779296875,42.279998779296875,695000
2000-11-03,42.119998931884766,42.29999923706055,41.63999938964844,41.900001525878906,41.900001525878906,485000
2000-11-06,42.20000076293945,43.0,42.20000076293945,42.939998626708984,42.939998626708984,620000
2000-11-07,42.84000015258789,43.0,42.52000045776367,42.63999938964844,42.63999938964844,585000
2000-11-08,42.63999938964844,42.7599983215332,42.2599983215332,42.41999816894531,42.41999816894531,270000
2000-11-09,42.02000045776367,42.18000030517578,40.540000915527344,40.63999938964844,40.63999938964844,405000
2000-11-10,40.63999938964844,41.119998931884766,39.79999923706055,40.86000061035156,40.86000061035156,315000
2000-11-13,40.97999954223633,43.599998474121094,40.97999954223633,43.15999984741211,43.15999984741211,1170000
2000-11-14,43.91999816894531,43.91999816894531,43.13999938964844,43.79999923706055,43.79999923706055,1065000
2000-11-15,43.900001525878906,43.97999954223633,43.5,43.540000915527344,43.540000915527344,320000
2000-11-16,43.560001373291016,43.599998474121094,43.0,43.08000183105469,43.08000183105469,235000
2000-11-17,43.0,43.060001373291016,41.900001525878906,42.36000061035156,42.36000061035156,835000
2000-11-20,42.20000076293945,42.20000076293945,41.68000030517578,41.97999954223633,41.97999954223633,1285000
2000-11-21,41.91999816894531,41.97999954223633,41.20000076293945,41.36000061035156,41.36000061035156,420000
2000-11-22,41.0,41.31999969482422,40.63999938964844,41.279998779296875,41.279998779296875,240000
2000-11-24,41.599998474121094,42.0,41.599998474121094,41.81999969482422,41.81999969482422,195000
2000-11-27,42.0,42.0,41.439998626708984,41.65999984741211,41.65999984741211,135000
2000-11-28,41.560001373291016,41.70000076293945,41.41999816894531,41.41999816894531,41.41999816894531,260000
2000-11-29,41.459999084472656,43.0,41.41999816894531,43.0,43.0,860000
2000-11-30,42.720001220703125,43.720001220703125,42.0,43.47999954223633,43.47999954223633,1080000
2000-12-01,43.36000061035156,43.560001373291016,42.70000076293945,43.0,43.0,710000
2000-12-04,42.900001525878906,43.15999984741211,42.7400016784668,43.08000183105469,43.08000183105469,285000
2000-12-05,43.20000076293945,43.939998626708984,43.08000183105469,43.7400016784668,43.7400016784668,490000
2000-12-06,43.540000915527344,43.70000076293945,43.13999938964844,43.47999954223633,43.47999954223633,360000
2000-12-07,43.36000061035156,43.619998931884766,43.02000045776367,43.060001373291016,43.060001373291016,325000
2000-12-08,43.279998779296875,45.79999923706055,43.20000076293945,45.79999923706055,45.79999923706055,1030000
2000-12-11,45.70000076293945,46.15999984741211,45.0,46.15999984741211,46.15999984741211,625000
2000-12-12,46.0,46.2599983215332,45.2400016784668,45.459999084472656,45.459999084472656,625000
2000-12-13,45.560001373291016,46.0,45.29999923706055,45.599998474121094,45.599998474121094,650000
2000-12-14,45.36000061035156,46.380001068115234,44.7599983215332,44.7599983215332,44.7599983215332,785000
2000-12-15,44.79999923706055,45.18000030517578,44.13999938964844,44.7599983215332,44.7599983215332,590000
2000-12-18,44.79999923706055,45.34000015258789,44.439998626708984,45.220001220703125,45.220001220703125,405000
2000-12-19,44.900001525878906,44.939998626708984,44.41999816894531,44.540000915527344,44.540000915527344,520000
2000-12-20,44.34000015258789,44.540000915527344,43.400001525878906,43.52000045776367,43.52000045776367,380000
2000-12-21,43.52000045776367,44.619998931884766,43.41999816894531,43.41999816894531,43.41999816894531,515000
2000-12-22,43.400001525878906,44.560001373291016,43.29999923706055,43.70000076293945,43.70000076293945,625000
2000-12-26,43.79999923706055,44.380001068115234,43.52000045776367,43.97999954223633,43.97999954223633,690000
2000-12-27,43.900001525878906,45.119998931884766,43.84000015258789,45.119998931884766,45.119998931884766,555000
2000-12-28,44.70000076293945,46.560001373291016,44.70000076293945,46.099998474121094,46.099998474121094,540000
2000-12-29,46.439998626708984,47.5,45.84000015258789,47.08000183105469,47.08000183105469,910000
2001-01-02,47.459999084472656,49.5,47.29999923706055,48.220001220703125,48.220001220703125,2300000
2001-01-03,48.220001220703125,48.599998474121094,46.20000076293945,46.70000076293945,46.70000076293945,1105000
2001-01-04,46.599998474121094,46.79999923706055,45.040000915527344,45.880001068115234,45.880001068115234,1110000
2001-01-05,45.79999923706055,45.79999923706055,44.79999923706055,44.97999954223633,44.97999954223633,830000
2001-01-08,45.060001373291016,45.5,43.63999938964844,44.84000015258789,44.84000015258789,805000
2001-01-09,45.08000183105469,46.099998474121094,43.959999084472656,44.0,44.0,990000
2001-01-10,44.119998931884766,44.86000061035156,43.0,44.86000061035156,44.86000061035156,1325000
2001-01-11,44.91999816894531,45.18000030517578,42.959999084472656,43.400001525878906,43.400001525878906,925000
2001-01-12,43.29999923706055,43.959999084472656,42.84000015258789,43.79999923706055,43.79999923706055,900000
2001-01-16,43.880001068115234,45.099998474121094,43.81999969482422,44.540000915527344,44.540000915527344,895000
2001-01-17,45.20000076293945,45.65999984741211,44.79999923706055,45.099998474121094,45.099998474121094,430000
2001-01-18,45.15999984741211,45.779998779296875,45.099998474121094,45.380001068115234,45.380001068115234,465000
2001-01-19,45.52000045776367,45.599998474121094,44.7599983215332,44.84000015258789,44.84000015258789,305000
2001-01-22,44.52000045776367,45.08000183105469,44.52000045776367,44.84000015258789,44.84000015258789,530000
2001-01-23,44.900001525878906,45.13999938964844,44.220001220703125,44.720001220703125,44.720001220703125,575000
2001-01-24,44.560001373291016,44.619998931884766,44.18000030517578,44.31999969482422,44.31999969482422,370000
2001-01-25,44.060001373291016,44.619998931884766,44.060001373291016,44.47999954223633,44.47999954223633,320000
2001-01-26,44.63999938964844,44.81999969482422,44.400001525878906,44.47999954223633,44.47999954223633,400000
2001-01-29,44.599998474121094,45.060001373291016,44.29999923706055,44.58000183105469,44.58000183105469,475000
2001-01-30,44.58000183105469,45.560001373291016,44.34000015258789,45.52000045776367,45.52000045776367,705000
2001-01-31,45.560001373291016,45.560001373291016,44.63999938964844,45.0,45.0,605000
2001-02-01,45.0,46.0,44.91999816894531,46.0,46.0,960000
2001-02-02,46.040000915527344,46.97999954223633,45.939998626708984,46.63999938964844,46.63999938964844,605000
2001-02-05,46.63999938964844,46.869998931884766,45.5,46.02000045776367,46.02000045776367,825000
2001-02-06,46.15999984741211,46.2599983215332,45.5,45.5,45.5,295000
2001-02-07,45.439998626708984,45.65999984741211,45.0,45.0,45.0,415000
2001-02-08,45.279998779296875,46.20000076293945,45.279998779296875,46.060001373291016,46.060001373291016,500000
2001-02-09,46.08000183105469,46.29999923706055,45.7400016784668,45.84000015258789,45.84000015258789,450000
2001-02-12,45.7400016784668,46.560001373291016,45.7400016784668,46.29999923706055,46.29999923706055,580000
2001-02-13,46.5,46.959999084472656,46.380001068115234,46.959999084472656,46.959999084472656,910000
2001-02-14,46.79999923706055,47.20000076293945,46.36000061035156,46.459999084472656,46.459999084472656,525000
2001-02-15,47.2400016784668,47.959999084472656,46.20000076293945,46.439998626708984,46.439998626708984,1010000
2001-02-16,46.5,46.63999938964844,46.31999969482422,46.560001373291016,46.560001373291016,460000
2001-02-20,46.599998474121094,46.65999984741211,45.41999816894531,45.7400016784668,45.7400016784668,305000
2001-02-21,45.7400016784668,46.380001068115234,45.5,45.68000030517578,45.68000030517578,335000
2001-02-22,45.68000030517578,46.15999984741211,45.36000061035156,45.7400016784668,45.7400016784668,435000
2001-02-23,45.599998474121094,45.81999969482422,45.400001525878906,45.5,45.5,350000
2001-02-26,45.5,46.86000061035156,45.400001525878906,46.63999938964844,46.63999938964844,1195000
2001-02-27,46.63999938964844,47.2400016784668,46.380001068115234,47.220001220703125,47.220001220703125,350000
2001-02-28,47.29999923706055,47.34000015258789,46.560001373291016,46.779998779296875,46.779998779296875,865000
2001-03-01,46.5,46.779998779296875,45.939998626708984,46.7599983215332,46.7599983215332,625000
2001-03-02,46.7599983215332,47.880001068115234,46.119998931884766,46.41999816894531,46.41999816894531,785000
2001-03-05,46.29999923706055,47.599998474121094,46.20000076293945,47.400001525878906,47.400001525878906,875000
2001-03-06,47.20000076293945,47.380001068115234,47.0,47.380001068115234,47.380001068115234,455000
2001-03-07,47.439998626708984,47.7400016784668,47.2599983215332,47.439998626708984,47.439998626708984,365000
2001-03-08,47.439998626708984,47.959999084472656,47.29999923706055,47.720001220703125,47.720001220703125,260000
2001-03-09,47.599998474121094,47.900001525878906,47.15999984741211,47.459999084472656,47.459999084472656,360000
2001-03-12,48.0,48.0,46.040000915527344,46.31999969482422,46.31999969482422,1195000
2001-03-13,46.20000076293945,46.619998931884766,45.97999954223633,46.119998931884766,46.119998931884766,695000
2001-03-14,44.91999816894531,45.86000061035156,43.63999938964844,43.84000015258789,43.84000015258789,1035000
2001-03-15,44.31999969482422,45.58000183105469,44.31999969482422,45.18000030517578,45.18000030517578,1025000
2001-03-16,44.70000076293945,44.7599983215332,42.599998474121094,43.2400016784668,43.2400016784668,965000
2001-03-19,42.79999923706055,43.400001525878906,42.18000030517578,43.220001220703125,43.220001220703125,600000
2001-03-20,43.2400016784668,43.34000015258789,42.720001220703125,43.0,43.0,1230000
2001-03-21,42.599998474121094,43.47999954223633,42.2599983215332,43.18000030517578,43.18000030517578,830000
2001-03-22,42.5,43.060001373291016,41.70000076293945,42.880001068115234,42.880001068115234,1585000
2001-03-23,43.31999969482422,44.36000061035156,43.20000076293945,44.36000061035156,44.36000061035156,855000
2001-03-26,44.400001525878906,44.880001068115234,44.06999969482422,44.2599983215332,44.2599983215332,435000
2001-03-27,44.36000061035156,45.47999954223633,43.939998626708984,45.31999969482422,45.31999969482422,400000
2001-03-28,44.86000061035156,44.86000061035156,43.13999938964844,43.13999938964844,43.13999938964844,310000
2001-03-29,42.84000015258789,43.65999984741211,41.91999816894531,42.099998474121094,42.099998474121094,735000
2001-03-30,43.20000076293945,43.7599983215332,42.599998474121094,43.52000045776367,43.52000045776367,520000
2001-04-02,43.31999969482422,43.400001525878906,42.20000076293945,42.5,42.5,375000
2001-04-03,42.2400016784668,42.400001525878906,41.79999923706055,41.939998626708984,41.939998626708984,370000
2001-04-04,42.0,43.900001525878906,41.5,43.279998779296875,43.279998779296875,680000
2001-04-05,43.63999938964844,45.29999923706055,43.63999938964844,45.29999923706055,45.29999923706055,1070000
2001-04-06,44.5,45.36000061035156,44.400001525878906,44.5,44.5,440000
2001-04-09,44.84000015258789,45.099998474121094,44.119998931884766,44.20000076293945,44.20000076293945,385000
2001-04-10,44.20000076293945,44.20000076293945,42.91999816894531,43.02000045776367,43.02000045776367,670000
2001-04-11,43.099998474121094,43.279998779296875,42.70000076293945,43.0,43.0,245000
2001-04-12,43.0,43.08000183105469,42.5,42.599998474121094,42.599998474121094,420000
2001-04-16,42.599998474121094,43.18000030517578,42.5,42.79999923706055,42.79999923706055,405000
2001-04-17,42.65999984741211,45.099998474121094,42.65999984741211,45.040000915527344,45.040000915527344,1215000
2001-04-18,45.2599983215332,46.0,45.119998931884766,45.34000015258789,45.34000015258789,900000
2001-04-19,45.599998474121094,46.439998626708984,45.599998474121094,45.91999816894531,45.91999816894531,715000
2001-04-20,46.0,46.060001373291016,45.540000915527344,45.70000076293945,45.70000076293945,365000
2001-04-23,45.599998474121094,45.70000076293945,45.41999816894531,45.63999938964844,45.63999938964844,190000
2001-04-24,45.939998626708984,46.41999816894531,44.58000183105469,44.68000030517578,44.68000030517578,260000
2001-04-25,44.91999816894531,45.459999084472656,43.5,43.7599983215332,43.7599983215332,750000
2001-04-26,44.119998931884766,44.560001373291016,43.70000076293945,44.040000915527344,44.040000915527344,440000
2001-04-27,44.2599983215332,45.400001525878906,43.79999923706055,44.70000076293945,44.70000076293945,460000
2001-04-30,45.0,45.79999923706055,44.79999923706055,45.5,45.5,690000
2001-05-01,45.5,45.97999954223633,45.400001525878906,45.599998474121094,45.599998474121094,590000
2001-05-02,45.70000076293945,45.70000076293945,45.02000045776367,45.29999923706055,45.29999923706055,475000
2001-05-03,45.099998474121094,45.36000061035156,44.599998474121094,45.31999969482422,45.31999969482422,370000
2001-05-04,45.31999969482422,45.900001525878906,45.15999984741211,45.86000061035156,45.86000061035156,260000
2001-05-07,45.79999923706055,46.439998626708984,45.79999923706055,46.380001068115234,46.380001068115234,750000
2001-05-08,46.5,46.58000183105469,46.040000915527344,46.119998931884766,46.119998931884766,430000
2001-05-09,46.119998931884766,46.119998931884766,45.81999969482422,45.86000061035156,45.86000061035156,470000
2001-05-10,45.959999084472656,46.13999938964844,45.36000061035156,45.439998626708984,45.439998626708984,530000
2001-05-11,45.400001525878906,45.459999084472656,45.040000915527344,45.36000061035156,45.36000061035156,225000
2001-05-14,45.08000183105469,45.18000030517578,44.41999816894531,44.84000015258789,44.84000015258789,595000
2001-05-15,44.79999923706055,44.939998626708984,44.63999938964844,44.86000061035156,44.86000061035156,585000
2001-05-16,44.70000076293945,44.959999084472656,44.58000183105469,44.720001220703125,44.720001220703125,635000
2001-05-17,44.79999923706055,44.79999923706055,44.540000915527344,44.560001373291016,44.560001373291016,940000
2001-05-18,44.65999984741211,44.939998626708984,44.5,44.79999923706055,44.79999923706055,1550000
2001-05-21,44.86000061035156,45.34000015258789,44.599998474121094,45.2400016784668,45.2400016784668,695000
2001-05-22,45.47999954223633,45.47999954223633,45.20000076293945,45.2400016784668,45.2400016784668,565000
2001-05-23,45.08000183105469,45.34000015258789,44.720001220703125,45.34000015258789,45.34000015258789,345000
2001-05-24,45.400001525878906,45.47999954223633,44.720001220703125,45.060001373291016,45.060001373291016,400000
2001-05-25,44.86000061035156,45.34000015258789,44.79999923706055,45.20000076293945,45.20000076293945,235000
2001-05-29,45.52000045776367,45.7400016784668,45.2400016784668,45.400001525878906,45.400001525878906,255000
2001-05-30,45.400001525878906,45.599998474121094,45.119998931884766,45.279998779296875,45.279998779296875,500000
2001-05-31,45.400001525878906,45.560001373291016,45.2599983215332,45.439998626708984,45.439998626708984,255000
2001-06-01,45.880001068115234,45.880001068115234,45.2599983215332,45.599998474121094,45.599998474121094,785000
2001-06-04,45.5,45.779998779296875,45.279998779296875,45.63999938964844,45.63999938964844,200000
2001-06-05,45.7400016784668,45.79999923706055,45.439998626708984,45.63999938964844,45.63999938964844,165000
2001-06-06,45.7599983215332,46.599998474121094,45.599998474121094,46.0,46.0,920000
2001-06-07,45.68000030517578,46.099998474121094,45.5,45.58000183105469,45.58000183105469,355000
2001-06-08,45.36000061035156,45.5,45.0,45.34000015258789,45.34000015258789,285000
2001-06-11,45.02000045776367,45.34000015258789,44.880001068115234,45.15999984741211,45.15999984741211,240000
2001-06-12,45.060001373291016,45.65999984741211,44.68000030517578,45.650001525878906,45.650001525878906,385000
2001-06-13,45.779998779296875,45.86000061035156,45.52000045776367,45.70000076293945,45.70000076293945,715000
2001-06-14,45.560001373291016,45.68000030517578,45.18000030517578,45.20000076293945,45.20000076293945,175000
2001-06-15,45.0,45.2599983215332,43.400001525878906,43.7599983215332,43.7599983215332,980000
2001-06-18,43.79999923706055,44.279998779296875,43.41999816894531,44.189998626708984,44.189998626708984,355000
2001-06-19,44.380001068115234,44.720001220703125,43.900001525878906,43.900001525878906,43.900001525878906,200000
2001-06-20,44.0,44.15999984741211,43.5,43.779998779296875,43.779998779296875,265000
2001-06-21,43.79999923706055,43.81999969482422,43.02000045776367,43.02000045776367,43.02000045776367,295000
2001-06-22,43.459999084472656,44.70000076293945,43.220001220703125,44.70000076293945,44.70000076293945,590000
2001-06-25,44.459999084472656,44.47999954223633,43.959999084472656,44.31999969482422,44.31999969482422,210000
2001-06-26,44.20000076293945,44.7599983215332,44.060001373291016,44.7400016784668,44.7400016784668,300000
2001-06-27,44.79999923706055,45.599998474121094,44.599998474121094,45.040000915527344,45.040000915527344,1010000
2001-06-28,45.040000915527344,45.63999938964844,45.040000915527344,45.15999984741211,45.15999984741211,475000
2001-06-29,45.15999984741211,46.099998474121094,45.15999984741211,46.0,46.0,480000
2001-07-02,46.0,46.279998779296875,45.7599983215332,45.939998626708984,45.939998626708984,830000
2001-07-03,46.08000183105469,46.08000183105469,45.63999938964844,45.900001525878906,45.900001525878906,105000
2001-07-05,45.52000045776367,45.939998626708984,45.5,45.779998779296875,45.779998779296875,185000
2001-07-06,45.79999923706055,47.060001373291016,45.31999969482422,46.720001220703125,46.720001220703125,1980000
2001-07-09,46.7599983215332,47.34000015258789,46.599998474121094,47.099998474121094,47.099998474121094,855000
2001-07-10,47.0,47.20000076293945,46.41999816894531,46.959999084472656,46.959999084472656,600000
2001-07-11,47.060001373291016,47.08000183105469,46.7599983215332,46.939998626708984,46.939998626708984,540000
2001-07-12,46.939998626708984,47.0,45.560001373291016,46.0,46.0,275000
2001-07-13,46.2400016784668,46.2400016784668,45.900001525878906,46.0,46.0,315000
2001-07-16,46.13999938964844,46.13999938964844,45.400001525878906,45.41999816894531,45.41999816894531,150000
2001-07-17,45.540000915527344,46.119998931884766,45.540000915527344,45.79999923706055,45.79999923706055,205000
2001-07-18,46.0,46.06999969482422,45.79999923706055,45.79999923706055,45.79999923706055,140000
2001-07-19,46.2599983215332,46.36000061035156,45.20000076293945,45.279998779296875,45.279998779296875,745000
2001-07-20,45.20000076293945,45.400001525878906,45.08000183105469,45.2599983215332,45.2599983215332,435000
2001-07-23,45.400001525878906,45.5,45.20000076293945,45.31999969482422,45.31999969482422,235000
2001-07-24,45.279998779296875,45.47999954223633,45.0,45.0,45.0,350000
2001-07-25,45.15999984741211,45.29999923706055,45.0,45.279998779296875,45.279998779296875,610000
2001-07-26,45.400001525878906,45.459999084472656,45.119998931884766,45.2599983215332,45.2599983215332,210000
2001-07-27,45.20000076293945,45.400001525878906,45.119998931884766,45.34000015258789,45.34000015258789,145000
2001-07-30,45.400001525878906,45.400001525878906,44.91999816894531,45.0,45.0,150000
2001-07-31,45.119998931884766,45.97999954223633,45.119998931884766,45.91999816894531,45.91999816894531,370000
2001-08-01,45.91999816894531,46.2400016784668,45.81999969482422,46.220001220703125,46.220001220703125,225000
2001-08-02,46.220001220703125,46.279998779296875,44.939998626708984,45.08000183105469,45.08000183105469,615000
2001-08-03,45.29999923706055,45.439998626708984,44.79999923706055,45.119998931884766,45.119998931884766,475000
2001-08-06,45.29999923706055,45.84000015258789,45.220001220703125,45.7599983215332,45.7599983215332,225000
2001-08-07,45.97999954223633,46.040000915527344,45.720001220703125,45.900001525878906,45.900001525878906,275000
2001-08-08,45.900001525878906,46.0,45.560001373291016,45.880001068115234,45.880001068115234,240000
2001-08-09,45.79999923706055,46.2400016784668,45.7599983215332,46.2400016784668,46.2400016784668,215000
2001-08-10,46.29999923706055,46.29999923706055,45.7400016784668,45.7400016784668,45.7400016784668,185000
2001-08-13,45.84000015258789,46.34000015258789,45.84000015258789,46.220001220703125,46.220001220703125,245000
2001-08-14,46.36000061035156,46.36000061035156,46.099998474121094,46.099998474121094,46.099998474121094,320000
2001-08-15,46.2599983215332,46.41999816894531,46.040000915527344,46.2599983215332,46.2599983215332,365000
2001-08-16,46.36000061035156,46.5,46.2599983215332,46.36000061035156,46.36000061035156,370000
2001-08-17,46.400001525878906,46.400001525878906,46.0,46.13999938964844,46.13999938964844,280000
2001-08-20,45.86000061035156,46.560001373291016,45.86000061035156,46.540000915527344,46.540000915527344,135000
2001-08-21,46.540000915527344,46.68000030517578,46.2599983215332,46.36000061035156,46.36000061035156,510000
2001-08-22,46.279998779296875,46.540000915527344,46.279998779296875,46.41999816894531,46.41999816894531,525000
2001-08-23,46.400001525878906,46.63999938964844,46.29999923706055,46.560001373291016,46.560001373291016,395000
2001-08-24,46.36000061035156,46.560001373291016,46.36000061035156,46.400001525878906,46.400001525878906,260000
2001-08-27,46.400001525878906,46.58000183105469,46.400001525878906,46.58000183105469,46.58000183105469,160000
2001-08-28,46.47999954223633,46.65999984741211,46.34000015258789,46.65999984741211,46.65999984741211,190000
2001-08-29,46.65999984741211,46.65999984741211,46.41999816894531,46.52000045776367,46.52000045776367,225000
2001-08-30,46.52000045776367,46.58000183105469,46.29999923706055,46.459999084472656,46.459999084472656,710000
2001-08-31,46.34000015258789,46.5,46.060001373291016,46.2400016784668,46.2400016784668,595000
2001-09-04,46.040000915527344,46.58000183105469,46.040000915527344,46.29999923706055,46.29999923706055,540000
2001-09-05,46.31999969482422,46.34000015258789,46.099998474121094,46.31999969482422,46.31999969482422,445000
2001-09-06,46.119998931884766,46.7400016784668,46.0,46.599998474121094,46.599998474121094,1275000
2001-09-07,46.65999984741211,46.65999984741211,45.779998779296875,45.779998779296875,45.779998779296875,250000
2001-09-10,45.5,45.58000183105469,44.63999938964844,45.459999084472656,45.459999084472656,645000
2001-09-17,41.099998474121094,43.97999954223633,41.099998474121094,42.65999984741211,42.65999984741211,2880000
2001-09-18,42.599998474121094,43.130001068115234,42.2400016784668,42.459999084472656,42.459999084472656,1085000
2001-09-19,42.2400016784668,42.380001068115234,40.720001220703125,40.959999084472656,40.959999084472656,1510000
2001-09-20,40.099998474121094,42.20000076293945,39.540000915527344,41.70000076293945,41.70000076293945,1500000
2001-09-21,40.65999984741211,42.34000015258789,40.65999984741211,41.68000030517578,41.68000030517578,1210000
2001-09-24,42.15999984741211,42.5,41.52000045776367,42.459999084472656,42.459999084472656,1130000
2001-09-25,42.20000076293945,43.459999084472656,42.099998474121094,43.400001525878906,43.400001525878906,3165000
2001-09-26,43.880001068115234,45.31999969482422,43.880001068115234,45.2400016784668,45.2400016784668,1350000
2001-09-27,45.2400016784668,46.47999954223633,45.2400016784668,46.29999923706055,46.29999923706055,1065000
2001-09-28,46.41999816894531,47.15999984741211,46.41999816894531,46.599998474121094,46.599998474121094,1735000
2001-10-01,46.20000076293945,46.84000015258789,45.540000915527344,46.70000076293945,46.70000076293945,1445000
2001-10-02,46.70000076293945,46.779998779296875,46.5,46.7400016784668,46.7400016784668,1015000
2001-10-03,46.7400016784668,49.20000076293945,46.7400016784668,48.439998626708984,48.439998626708984,3225000
2001-10-04,48.119998931884766,49.02000045776367,47.70000076293945,47.720001220703125,47.720001220703125,965000
2001-10-05,47.540000915527344,48.2599983215332,46.36000061035156,48.0,48.0,545000
2001-10-08,48.119998931884766,48.79999923706055,48.02000045776367,48.29999923706055,48.29999923706055,1270000
2001-10-09,48.34000015258789,48.70000076293945,48.040000915527344,48.70000076293945,48.70000076293945,670000
2001-10-10,49.119998931884766,50.0,48.29999923706055,49.86000061035156,49.86000061035156,1220000
2001-10-11,50.02000045776367,50.29999923706055,49.65999984741211,49.880001068115234,49.880001068115234,680000
2001-10-12,49.68000030517578,49.68000030517578,48.31999969482422,49.0,49.0,945000
2001-10-15,49.380001068115234,50.0,48.5,50.0,50.0,1080000
2001-10-16,49.599998474121094,50.279998779296875,49.599998474121094,49.779998779296875,49.779998779296875,1520000
2001-10-17,49.86000061035156,50.119998931884766,49.400001525878906,49.400001525878906,49.400001525878906,830000
2001-10-18,49.5,49.939998626708984,49.5,49.63999938964844,49.63999938964844,225000
2001-10-19,49.65999984741211,49.880001068115234,49.220001220703125,49.79999923706055,49.79999923706055,280000
2001-10-22,49.959999084472656,50.040000915527344,49.540000915527344,49.63999938964844,49.63999938964844,445000
2001-10-23,49.560001373291016,49.599998474121094,49.0,49.0,49.0,535000
2001-10-24,49.13999938964844,49.599998474121094,48.939998626708984,49.040000915527344,49.040000915527344,435000
2001-10-25,48.86000061035156,49.279998779296875,48.79999923706055,48.900001525878906,48.900001525878906,255000
2001-10-26,48.79999923706055,48.939998626708984,48.2599983215332,48.380001068115234,48.380001068115234,390000
2001-10-29,48.0,48.279998779296875,47.58000183105469,48.20000076293945,48.20000076293945,300000
2001-10-30,48.2599983215332,48.2599983215332,46.400001525878906,46.599998474121094,46.599998474121094,625000
2001-10-31,46.68000030517578,47.79999923706055,46.5,47.08000183105469,47.08000183105469,405000
2001-11-01,47.20000076293945,48.0,46.619998931884766,47.7400016784668,47.7400016784668,440000
2001-11-02,47.70000076293945,48.31999969482422,47.29999923706055,47.939998626708984,47.939998626708984,280000
2001-11-05,48.47999954223633,48.599998474121094,47.540000915527344,47.540000915527344,47.540000915527344,365000
2001-11-06,47.279998779296875,48.70000076293945,47.0,48.560001373291016,48.560001373291016,525000
2001-11-07,48.060001373291016,48.400001525878906,47.040000915527344,47.119998931884766,47.119998931884766,570000
2001-11-08,47.400001525878906,47.7599983215332,47.0,47.220001220703125,47.220001220703125,435000
2001-11-09,47.220001220703125,47.220001220703125,46.02000045776367,46.29999923706055,46.29999923706055,585000
2001-11-12,45.599998474121094,46.560001373291016,44.79999923706055,45.599998474121094,45.599998474121094,745000
2001-11-13,45.900001525878906,46.47999954223633,44.959999084472656,45.2400016784668,45.2400016784668,785000
2001-11-14,45.439998626708984,45.599998474121094,45.20000076293945,45.400001525878906,45.400001525878906,770000
2001-11-15,45.400001525878906,45.47999954223633,44.70000076293945,44.70000076293945,44.70000076293945,365000
2001-11-16,44.70000076293945,45.15999984741211,44.47999954223633,44.70000076293945,44.70000076293945,455000
2001-11-19,44.939998626708984,45.119998931884766,44.220001220703125,44.2599983215332,44.2599983215332,870000
2001-11-20,44.619998931884766,45.20000076293945,44.400001525878906,45.0,45.0,655000
2001-11-21,44.86000061035156,45.13999938964844,44.560001373291016,44.900001525878906,44.900001525878906,225000
2001-11-23,45.099998474121094,45.279998779296875,45.0,45.20000076293945,45.20000076293945,100000
2001-11-26,45.34000015258789,45.380001068115234,44.52000045776367,44.7400016784668,44.7400016784668,400000
2001-11-27,44.7400016784668,45.0,44.20000076293945,45.0,45.0,445000
2001-11-28,45.0,45.599998474121094,44.84000015258789,45.459999084472656,45.459999084472656,310000
2001-11-29,45.720001220703125,47.400001525878906,45.68000030517578,46.68000030517578,46.68000030517578,425000
2001-11-30,46.68000030517578,46.79999923706055,45.959999084472656,46.65999984741211,46.65999984741211,540000
2001-12-03,46.70000076293945,46.880001068115234,46.5,46.599998474121094,46.599998474121094,240000
2001-12-04,46.599998474121094,47.0,46.5,46.720001220703125,46.720001220703125,540000
2001-12-05,46.79999923706055,47.34000015258789,46.540000915527344,46.68000030517578,46.68000030517578,415000
2001-12-06,46.68000030517578,46.7599983215332,45.619998931884766,46.47999954223633,46.47999954223633,500000
2001-12-07,47.0,47.0,45.79999923706055,45.900001525878906,45.900001525878906,445000
2001-12-10,45.63999938964844,45.79999923706055,44.880001068115234,45.02000045776367,45.02000045776367,390000
2001-12-11,45.040000915527344,46.47999954223633,44.79999923706055,45.47999954223633,45.47999954223633,290000
2001-12-12,45.47999954223633,46.279998779296875,45.15999984741211,46.0,46.0,425000
2001-12-13,45.599998474121094,45.880001068115234,45.060001373291016,45.560001373291016,45.560001373291016,260000
2001-12-14,45.560001373291016,46.70000076293945,45.040000915527344,46.65999984741211,46.65999984741211,245000
2001-12-17,46.540000915527344,46.91999816894531,46.040000915527344,46.84000015258789,46.84000015258789,545000
2001-12-18,46.79999923706055,46.84000015258789,45.68000030517578,46.52000045776367,46.52000045776367,645000
2001-12-19,46.68000030517578,47.13999938964844,46.560001373291016,47.040000915527344,47.040000915527344,515000
2001-12-20,47.20000076293945,48.0,46.720001220703125,47.15999984741211,47.15999984741211,580000
2001-12-21,47.15999984741211,47.540000915527344,47.099998474121094,47.099998474121094,47.099998474121094,465000
2001-12-24,47.099998474121094,47.459999084472656,47.099998474121094,47.34000015258789,47.34000015258789,130000
2001-12-26,47.31999969482422,47.70000076293945,47.31999969482422,47.599998474121094,47.599998474121094,725000
2001-12-27,47.68000030517578,48.70000076293945,47.560001373291016,48.599998474121094,48.599998474121094,650000
2001-12-28,48.900001525878906,49.540000915527344,48.63999938964844,49.540000915527344,49.540000915527344,585000
2001-12-31,49.36000061035156,50.5,49.099998474121094,50.5,50.5,1385000
2002-01-02,49.79999923706055,49.79999923706055,48.5,49.68000030517578,49.68000030517578,1130000
2002-01-03,49.68000030517578,49.97999954223633,49.2400016784668,49.400001525878906,49.400001525878906,730000
2002-01-04,49.41999816894531,49.41999816894531,48.70000076293945,49.13999938964844,49.13999938964844,850000
2002-01-07,49.47999954223633,49.599998474121094,49.0,49.18000030517578,49.18000030517578,720000
2002-01-08,48.79999923706055,48.939998626708984,47.7400016784668,47.7599983215332,47.7599983215332,315000
2002-01-09,47.400001525878906,48.7400016784668,47.400001525878906,48.5,48.5,520000
2002-01-10,48.97999954223633,49.099998474121094,47.81999969482422,47.900001525878906,47.900001525878906,205000
2002-01-11,48.0,49.29999923706055,48.0,49.29999923706055,49.29999923706055,695000
2002-01-14,48.79999923706055,49.47999954223633,48.79999923706055,49.380001068115234,49.380001068115234,540000
2002-01-15,49.540000915527344,49.79999923706055,49.47999954223633,49.599998474121094,49.599998474121094,450000
2002-01-16,49.68000030517578,49.79999923706055,49.20000076293945,49.63999938964844,49.63999938964844,470000
2002-01-17,49.900001525878906,49.91999816894531,49.560001373291016,49.900001525878906,49.900001525878906,520000
2002-01-18,49.900001525878906,49.97999954223633,49.7599983215332,49.97999954223633,49.97999954223633,340000
2002-01-22,49.79999923706055,49.880001068115234,49.13999938964844,49.599998474121094,49.599998474121094,230000
2002-01-23,49.400001525878906,49.439998626708984,48.84000015258789,49.0,49.0,305000
2002-01-24,49.060001373291016,49.439998626708984,49.0,49.31999969482422,49.31999969482422,200000
2002-01-25,49.099998474121094,49.560001373291016,49.0,49.2400016784668,49.2400016784668,230000
2002-01-28,49.29999923706055,49.599998474121094,49.20000076293945,49.560001373291016,49.560001373291016,275000
2002-01-29,49.560001373291016,49.560001373291016,48.720001220703125,49.18000030517578,49.18000030517578,310000
2002-01-30,49.31999969482422,49.34000015258789,48.81999969482422,49.099998474121094,49.099998474121094,275000
2002-01-31,49.29999923706055,49.31999969482422,48.599998474121094,49.060001373291016,49.060001373291016,460000
2002-02-01,49.34000015258789,49.34000015258789,48.84000015258789,49.040000915527344,49.040000915527344,540000
2002-02-04,48.84000015258789,49.060001373291016,48.619998931884766,48.70000076293945,48.70000076293945,465000
2002-02-05,48.86000061035156,49.099998474121094,48.2400016784668,48.560001373291016,48.560001373291016,555000
2002-02-06,48.2599983215332,48.939998626708984,48.20000076293945,48.20000076293945,48.20000076293945,525000
2002-02-07,48.20000076293945,48.63999938964844,48.0,48.2599983215332,48.2599983215332,245000
2002-02-08,48.52000045776367,49.0,48.52000045776367,48.79999923706055,48.79999923706055,185000
2002-02-11,48.79999923706055,49.099998474121094,48.439998626708984,49.060001373291016,49.060001373291016,310000
2002-02-12,49.13999938964844,49.13999938964844,48.599998474121094,49.02000045776367,49.02000045776367,225000
2002-02-13,48.900001525878906,49.380001068115234,48.63999938964844,49.220001220703125,49.220001220703125,290000
2002-02-14,49.29999923706055,49.34000015258789,48.86000061035156,48.959999084472656,48.959999084472656,330000
2002-02-15,49.060001373291016,49.119998931884766,48.65999984741211,48.900001525878906,48.900001525878906,205000
2002-02-19,48.900001525878906,48.959999084472656,48.52000045776367,48.68000030517578,48.68000030517578,245000
2002-02-20,48.68000030517578,48.779998779296875,48.439998626708984,48.68000030517578,48.68000030517578,365000
2002-02-21,48.900001525878906,49.040000915527344,48.29999923706055,48.63999938964844,48.63999938964844,245000
2002-02-22,48.400001525878906,49.34000015258789,48.400001525878906,48.900001525878906,48.900001525878906,395000
2002-02-25,49.08000183105469,49.119998931884766,48.5,48.63999938964844,48.63999938964844,585000
2002-02-26,48.86000061035156,49.15999984741211,48.540000915527344,49.099998474121094,49.099998474121094,260000
2002-02-27,49.099998474121094,49.119998931884766,48.400001525878906,48.5,48.5,415000
2002-02-28,48.68000030517578,48.70000076293945,48.400001525878906,48.5,48.5,175000
2002-03-01,48.70000076293945,48.959999084472656,48.599998474121094,48.900001525878906,48.900001525878906,225000
2002-03-04,48.68000030517578,48.7599983215332,48.2400016784668,48.41999816894531,48.41999816894531,565000
2002-03-05,48.20000076293945,48.31999969482422,47.959999084472656,48.02000045776367,48.02000045776367,420000
2002-03-06,47.720001220703125,47.939998626708984,46.900001525878906,47.0,47.0,835000
2002-03-07,46.900001525878906,47.0,45.70000076293945,46.560001373291016,46.560001373291016,1735000
2002-03-08,47.0,47.97999954223633,47.0,47.939998626708984,47.939998626708984,1345000
2002-03-11,47.13999938964844,47.84000015258789,46.84000015258789,47.79999923706055,47.79999923706055,1210000
2002-03-12,47.20000076293945,47.900001525878906,47.20000076293945,47.599998474121094,47.599998474121094,625000
2002-03-13,47.599998474121094,47.65999984741211,47.2400016784668,47.65999984741211,47.65999984741211,450000
2002-03-14,47.400001525878906,48.279998779296875,47.400001525878906,48.0,48.0,740000
2002-03-15,47.959999084472656,48.79999923706055,47.65999984741211,48.68000030517578,48.68000030517578,675000
2002-03-18,49.34000015258789,49.400001525878906,49.0,49.08000183105469,49.08000183105469,825000
2002-03-19,49.08000183105469,49.08000183105469,48.599998474121094,48.91999816894531,48.91999816894531,275000
2002-03-20,48.84000015258789,49.79999923706055,48.58000183105469,48.7599983215332,48.7599983215332,1225000
2002-03-21,48.0,48.540000915527344,48.0,48.20000076293945,48.20000076293945,415000
2002-03-22,48.0,48.34000015258789,47.70000076293945,47.7400016784668,47.7400016784668,340000
2002-03-25,47.880001068115234,47.97999954223633,47.65999984741211,47.7400016784668,47.7400016784668,320000
2002-03-26,47.65999984741211,48.08000183105469,47.58000183105469,47.720001220703125,47.720001220703125,250000
2002-03-27,47.65999984741211,47.939998626708984,47.560001373291016,47.560001373291016,47.560001373291016,245000
2002-03-28,47.7400016784668,47.84000015258789,47.0,47.380001068115234,47.380001068115234,265000
2002-04-01,47.279998779296875,47.279998779296875,46.70000076293945,47.20000076293945,47.20000076293945,470000
2002-04-02,47.13999938964844,48.29999923706055,46.91999816894531,48.13999938964844,48.13999938964844,355000
2002-04-03,48.20000076293945,48.400001525878906,47.84000015258789,48.060001373291016,48.060001373291016,480000
2002-04-04,47.20000076293945,47.599998474121094,47.20000076293945,47.36000061035156,47.36000061035156,300000
2002-04-05,47.2599983215332,47.68000030517578,47.15999984741211,47.36000061035156,47.36000061035156,280000
2002-04-08,47.2400016784668,47.5,46.900001525878906,47.02000045776367,47.02000045776367,550000
2002-04-09,47.099998474121094,47.880001068115234,47.02000045776367,47.7400016784668,47.7400016784668,570000
2002-04-10,47.84000015258789,47.84000015258789,47.18000030517578,47.36000061035156,47.36000061035156,530000
2002-04-11,47.34000015258789,47.34000015258789,46.900001525878906,47.060001373291016,47.060001373291016,550000
2002-04-12,47.13999938964844,47.400001525878906,47.040000915527344,47.119998931884766,47.119998931884766,440000
2002-04-15,47.29999923706055,47.29999923706055,46.7599983215332,47.0,47.0,160000
2002-04-16,46.900001525878906,47.400001525878906,46.79999923706055,46.79999923706055,46.79999923706055,500000
2002-04-17,46.79999923706055,47.400001525878906,46.7599983215332,46.939998626708984,46.939998626708984,705000
2002-04-18,46.939998626708984,47.29999923706055,46.86000061035156,46.959999084472656,46.959999084472656,275000
2002-04-19,46.97999954223633,47.2400016784668,46.79999923706055,46.900001525878906,46.900001525878906,260000
2002-04-22,46.79999923706055,46.79999923706055,46.29999923706055,46.599998474121094,46.599998474121094,585000
2002-04-23,46.70000076293945,47.779998779296875,46.65999984741211,47.7400016784668,47.7400016784668,615000
2002-04-24,47.79999923706055,48.13999938964844,47.58000183105469,47.599998474121094,47.599998474121094,435000
2002-04-25,47.439998626708984,47.560001373291016,47.20000076293945,47.400001525878906,47.400001525878906,210000
2002-04-26,47.380001068115234,47.380001068115234,46.5,46.5,46.5,615000
2002-04-29,47.63999938964844,47.900001525878906,47.2400016784668,47.7599983215332,47.7599983215332,670000
2002-04-30,48.0,48.79999923706055,47.84000015258789,48.65999984741211,48.65999984741211,760000
2002-05-01,48.900001525878906,49.91999816894531,48.65999984741211,49.79999923706055,49.79999923706055,850000
2002-05-02,49.34000015258789,49.79999923706055,49.099998474121094,49.36000061035156,49.36000061035156,565000
2002-05-03,49.0,49.439998626708984,48.20000076293945,49.400001525878906,49.400001525878906,685000
2002-05-06,49.97999954223633,49.97999954223633,48.70000076293945,48.900001525878906,48.900001525878906,975000
2002-05-07,49.2599983215332,50.099998474121094,49.0,49.97999954223633,49.97999954223633,1000000
2002-05-08,49.97999954223633,50.18000030517578,49.560001373291016,49.97999954223633,49.97999954223633,675000
2002-05-09,49.84000015258789,50.20000076293945,49.7599983215332,50.189998626708984,50.189998626708984,365000
2002-05-10,50.279998779296875,50.7599983215332,50.099998474121094,50.29999923706055,50.29999923706055,520000
2002-05-13,50.79999923706055,51.900001525878906,50.79999923706055,51.68000030517578,51.68000030517578,555000
2002-05-14,51.939998626708984,52.0,51.459999084472656,52.0,52.0,670000
2002-05-15,51.81999969482422,52.400001525878906,51.63999938964844,51.97999954223633,51.97999954223633,635000
2002-05-16,52.0,52.279998779296875,51.540000915527344,51.779998779296875,51.779998779296875,300000
2002-05-17,52.119998931884766,52.18000030517578,51.560001373291016,52.119998931884766,52.119998931884766,225000
2002-05-20,51.79999923706055,52.0,51.439998626708984,51.540000915527344,51.540000915527344,280000
2002-05-21,51.599998474121094,51.84000015258789,51.459999084472656,51.599998474121094,51.599998474121094,295000
2002-05-22,51.619998931884766,51.619998931884766,50.0,50.400001525878906,50.400001525878906,940000
2002-05-23,50.720001220703125,50.79999923706055,50.220001220703125,50.2400016784668,50.2400016784668,375000
2002-05-24,50.2400016784668,51.040000915527344,50.2400016784668,50.959999084472656,50.959999084472656,485000
2002-05-28,51.2599983215332,51.29999923706055,50.880001068115234,51.119998931884766,51.119998931884766,245000
2002-05-29,50.900001525878906,51.099998474121094,50.20000076293945,50.20000076293945,50.20000076293945,225000
2002-05-30,50.02000045776367,50.2400016784668,49.400001525878906,49.47999954223633,49.47999954223633,425000
2002-05-31,49.599998474121094,50.08000183105469,49.439998626708984,49.439998626708984,49.439998626708984,205000
2002-06-03,49.599998474121094,49.779998779296875,48.81999969482422,48.81999969482422,48.81999969482422,230000
2002-06-04,49.20000076293945,49.880001068115234,47.939998626708984,49.68000030517578,49.68000030517578,850000
2002-06-05,49.880001068115234,50.29999923706055,49.15999984741211,49.2400016784668,49.2400016784668,280000
2002-06-06,49.20000076293945,50.20000076293945,48.7599983215332,49.779998779296875,49.779998779296875,325000
2002-06-07,49.400001525878906,49.86000061035156,49.20000076293945,49.540000915527344,49.540000915527344,420000
2002-06-10,49.599998474121094,49.65999984741211,49.0,49.0,49.0,345000
2002-06-11,48.939998626708984,49.34000015258789,48.060001373291016,48.20000076293945,48.20000076293945,335000
2002-06-12,48.08000183105469,48.7599983215332,48.02000045776367,48.63999938964844,48.63999938964844,310000
2002-06-13,49.119998931884766,49.540000915527344,48.91999816894531,49.2599983215332,49.2599983215332,310000
2002-06-14,48.939998626708984,48.939998626708984,48.36000061035156,48.619998931884766,48.619998931884766,415000
2002-06-17,48.79999923706055,49.380001068115234,48.7400016784668,49.13999938964844,49.13999938964844,360000
2002-06-18,49.20000076293945,49.34000015258789,49.099998474121094,49.099998474121094,49.099998474121094,250000
2002-06-19,49.20000076293945,49.220001220703125,48.0,48.15999984741211,48.15999984741211,335000
2002-06-20,48.15999984741211,48.52000045776367,48.119998931884766,48.2400016784668,48.2400016784668,220000
2002-06-21,48.20000076293945,48.36000061035156,47.70000076293945,48.099998474121094,48.099998474121094,320000
2002-06-24,48.15999984741211,48.20000076293945,46.31999969482422,47.2599983215332,47.2599983215332,520000
2002-06-25,47.70000076293945,47.86000061035156,46.119998931884766,46.2400016784668,46.2400016784668,420000
2002-06-26,45.70000076293945,45.86000061035156,44.29999923706055,45.040000915527344,45.040000915527344,1545000
2002-06-27,45.68000030517578,46.08000183105469,44.400001525878906,45.13999938964844,45.13999938964844,610000
2002-06-28,45.13999938964844,46.18000030517578,44.58000183105469,44.68000030517578,44.68000030517578,685000
2002-07-01,45.220001220703125,45.5,44.119998931884766,44.400001525878906,44.400001525878906,575000
2002-07-02,44.02000045776367,44.7599983215332,43.599998474121094,43.619998931884766,43.619998931884766,785000
2002-07-03,43.540000915527344,44.52000045776367,43.52000045776367,44.29999923706055,44.29999923706055,890000
2002-07-05,44.84000015258789,45.5,44.79999923706055,45.119998931884766,45.119998931884766,530000
2002-07-08,45.540000915527344,46.279998779296875,45.439998626708984,45.939998626708984,45.939998626708984,515000
2002-07-09,46.20000076293945,46.779998779296875,45.91999816894531,46.29999923706055,46.29999923706055,370000
2002-07-10,46.599998474121094,46.68000030517578,45.79999923706055,45.81999969482422,45.81999969482422,595000
2002-07-11,45.099998474121094,45.47999954223633,44.68000030517578,45.0,45.0,620000
2002-07-12,44.939998626708984,45.0,43.52000045776367,44.119998931884766,44.119998931884766,890000
2002-07-15,44.5,44.5,43.119998931884766,43.5,43.5,955000
2002-07-16,43.400001525878906,44.63999938964844,43.20000076293945,43.91999816894531,43.91999816894531,1110000
2002-07-17,43.91999816894531,44.52000045776367,43.63999938964844,43.84000015258789,43.84000015258789,460000
2002-07-18,44.0,44.599998474121094,44.0,44.400001525878906,44.400001525878906,680000
2002-07-19,43.70000076293945,45.060001373291016,43.63999938964844,44.599998474121094,44.599998474121094,1530000
2002-07-22,44.0,44.0,41.5,41.58000183105469,41.58000183105469,1530000
2002-07-23,42.459999084472656,42.459999084472656,39.619998931884766,40.0,40.0,2205000
2002-07-24,38.900001525878906,41.939998626708984,38.5,41.779998779296875,41.779998779296875,1615000
2002-07-25,41.599998474121094,43.119998931884766,41.400001525878906,42.34000015258789,42.34000015258789,1120000
2002-07-26,42.099998474121094,42.68000030517578,41.400001525878906,42.2400016784668,42.2400016784668,705000
2002-07-29,43.20000076293945,45.91999816894531,43.20000076293945,45.84000015258789,45.84000015258789,2095000
2002-07-30,45.20000076293945,47.02000045776367,45.20000076293945,46.84000015258789,46.84000015258789,1440000
2002-07-31,46.84000015258789,47.0,45.7400016784668,45.7400016784668,45.7400016784668,510000
2002-08-01,45.86000061035156,46.560001373291016,45.720001220703125,46.47999954223633,46.47999954223633,485000
2002-08-02,46.599998474121094,47.099998474121094,46.5,46.900001525878906,46.900001525878906,595000
2002-08-05,47.08000183105469,47.08000183105469,45.099998474121094,45.599998474121094,45.599998474121094,490000
2002-08-06,46.31999969482422,47.0,46.20000076293945,46.220001220703125,46.220001220703125,530000
2002-08-07,46.279998779296875,46.86000061035156,46.279998779296875,46.7400016784668,46.7400016784668,825000
2002-08-08,46.58000183105469,47.400001525878906,46.36000061035156,47.18000030517578,47.18000030517578,780000
2002-08-09,47.29999923706055,47.68000030517578,46.79999923706055,47.20000076293945,47.20000076293945,655000
2002-08-12,48.20000076293945,49.099998474121094,48.0,48.459999084472656,48.459999084472656,960000
2002-08-13,49.08000183105469,49.400001525878906,48.79999923706055,49.060001373291016,49.060001373291016,710000
2002-08-14,48.79999923706055,49.060001373291016,48.31999969482422,48.79999923706055,48.79999923706055,610000
2002-08-15,48.79999923706055,50.0,48.79999923706055,49.900001525878906,49.900001525878906,940000
2002-08-16,49.900001525878906,50.0,49.560001373291016,49.97999954223633,49.97999954223633,540000
2002-08-19,49.779998779296875,50.0,49.34000015258789,49.70000076293945,49.70000076293945,555000
2002-08-20,49.959999084472656,49.959999084472656,48.720001220703125,48.939998626708984,48.939998626708984,490000
2002-08-21,49.400001525878906,49.7400016784668,48.84000015258789,49.5,49.5,325000
2002-08-22,49.68000030517578,50.0,49.5,50.0,50.0,490000
2002-08-23,50.0,50.279998779296875,49.65999984741211,50.13999938964844,50.13999938964844,715000
2002-08-26,50.29999923706055,50.29999923706055,49.79999923706055,50.0,50.0,335000
2002-08-27,50.18000030517578,50.20000076293945,49.7599983215332,50.02000045776367,50.02000045776367,425000
2002-08-28,49.5,49.79999923706055,49.29999923706055,49.5,49.5,390000
2002-08-29,49.20000076293945,49.720001220703125,48.720001220703125,49.459999084472656,49.459999084472656,490000
2002-08-30,49.560001373291016,49.79999923706055,48.79999923706055,48.79999923706055,48.79999923706055,315000
2002-09-03,48.52000045776367,48.779998779296875,48.0,48.15999984741211,48.15999984741211,650000
2002-09-04,48.34000015258789,48.68000030517578,48.0,48.13999938964844,48.13999938964844,330000
2002-09-05,48.0,49.18000030517578,47.5,49.0,49.0,430000
2002-09-06,49.0,49.70000076293945,48.939998626708984,49.060001373291016,49.060001373291016,395000
2002-09-09,49.08000183105469,49.959999084472656,49.0,49.810001373291016,49.810001373291016,580000
2002-09-10,49.939998626708984,50.5,49.939998626708984,50.36000061035156,50.36000061035156,800000
2002-09-11,50.52000045776367,50.599998474121094,50.119998931884766,50.220001220703125,50.220001220703125,315000
2002-09-12,50.0,50.279998779296875,49.70000076293945,50.20000076293945,50.20000076293945,490000
2002-09-13,49.599998474121094,49.900001525878906,49.400001525878906,49.79999923706055,49.79999923706055,435000
2002-09-16,50.13999938964844,50.34000015258789,49.5,49.97999954223633,49.97999954223633,515000
2002-09-17,50.20000076293945,50.5,49.31999969482422,50.040000915527344,50.040000915527344,495000
2002-09-18,49.5,49.79999923706055,49.220001220703125,49.79999923706055,49.79999923706055,320000
2002-09-19,49.29999923706055,49.599998474121094,48.02000045776367,48.34000015258789,48.34000015258789,595000
2002-09-20,47.939998626708984,49.36000061035156,47.68000030517578,48.0,48.0,830000
2002-09-23,48.02000045776367,48.08000183105469,46.36000061035156,47.119998931884766,47.119998931884766,635000
2002-09-24,46.5,48.459999084472656,46.400001525878906,48.20000076293945,48.20000076293945,765000
2002-09-25,48.29999923706055,48.439998626708984,47.7599983215332,47.959999084472656,47.959999084472656,685000
2002-09-26,48.400001525878906,48.70000076293945,47.79999923706055,48.099998474121094,48.099998474121094,495000
2002-09-27,48.939998626708984,49.2400016784668,48.599998474121094,48.779998779296875,48.779998779296875,550000
2002-09-30,48.599998474121094,49.29999923706055,47.79999923706055,49.29999923706055,49.29999923706055,570000
2002-10-01,49.400001525878906,49.70000076293945,48.15999984741211,48.599998474121094,48.599998474121094,670000
2002-10-02,48.400001525878906,48.599998474121094,47.31999969482422,47.79999923706055,47.79999923706055,510000
2002-10-03,47.2400016784668,48.36000061035156,47.2400016784668,48.2400016784668,48.2400016784668,920000
2002-10-04,48.29999923706055,48.900001525878906,48.13999938964844,48.7599983215332,48.7599983215332,535000
2002-10-07,48.70000076293945,48.70000076293945,47.400001525878906,47.79999923706055,47.79999923706055,495000
2002-10-08,47.70000076293945,47.959999084472656,46.5,46.599998474121094,46.599998474121094,625000
2002-10-09,45.79999923706055,45.880001068115234,44.900001525878906,45.279998779296875,45.279998779296875,840000
2002-10-10,45.119998931884766,45.959999084472656,44.880001068115234,45.2400016784668,45.2400016784668,715000
2002-10-11,46.0,47.880001068115234,45.900001525878906,46.97999954223633,46.97999954223633,790000
2002-10-14,46.900001525878906,47.31999969482422,46.70000076293945,47.13999938964844,47.13999938964844,395000
2002-10-15,48.20000076293945,48.97999954223633,47.13999938964844,48.7400016784668,48.7400016784668,760000
2002-10-16,48.540000915527344,48.900001525878906,47.540000915527344,48.18000030517578,48.18000030517578,405000
2002-10-17,49.0,49.47999954223633,48.599998474121094,49.119998931884766,49.119998931884766,625000
2002-10-18,49.0,49.52000045776367,48.70000076293945,49.279998779296875,49.279998779296875,615000
2002-10-21,49.119998931884766,49.279998779296875,48.119998931884766,48.560001373291016,48.560001373291016,1035000
2002-10-22,48.560001373291016,49.599998474121094,48.400001525878906,49.2400016784668,49.2400016784668,695000
2002-10-23,49.040000915527344,49.20000076293945,48.7599983215332,49.18000030517578,49.18000030517578,680000
2002-10-24,49.20000076293945,49.29999923706055,48.79999923706055,49.18000030517578,49.18000030517578,405000
2002-10-25,49.18000030517578,49.5,48.7400016784668,48.900001525878906,48.900001525878906,425000
2002-10-28,49.20000076293945,49.400001525878906,48.880001068115234,49.0,49.0,430000
2002-10-29,48.79999923706055,49.0,48.220001220703125,48.599998474121094,48.599998474121094,370000
2002-10-30,48.63999938964844,48.779998779296875,48.31999969482422,48.599998474121094,48.599998474121094,420000
2002-10-31,48.7599983215332,49.47999954223633,48.52000045776367,49.20000076293945,49.20000076293945,410000
2002-11-01,49.20000076293945,49.34000015258789,48.880001068115234,49.15999984741211,49.15999984741211,195000
2002-11-04,49.2599983215332,49.5,49.099998474121094,49.279998779296875,49.279998779296875,545000
2002-11-05,49.20000076293945,49.41999816894531,49.0,49.220001220703125,49.220001220703125,235000
2002-11-06,49.220001220703125,49.5,49.0,49.47999954223633,49.47999954223633,360000
2002-11-07,49.15999984741211,49.439998626708984,48.97999954223633,49.15999984741211,49.15999984741211,360000
2002-11-08,49.0,50.0,48.900001525878906,49.79999923706055,49.79999923706055,1225000
2002-11-11,49.79999923706055,50.0,48.70000076293945,49.36000061035156,49.36000061035156,515000
2002-11-12,49.41999816894531,49.459999084472656,48.400001525878906,48.599998474121094,48.599998474121094,675000
2002-11-13,48.52000045776367,48.880001068115234,48.380001068115234,48.599998474121094,48.599998474121094,465000
2002-11-14,48.720001220703125,49.0,48.439998626708984,49.0,49.0,655000
2002-11-15,48.65999984741211,49.34000015258789,48.65999984741211,49.2599983215332,49.2599983215332,345000
2002-11-18,49.099998474121094,49.439998626708984,48.900001525878906,48.97999954223633,48.97999954223633,700000
2002-11-19,49.099998474121094,49.36000061035156,48.959999084472656,49.34000015258789,49.34000015258789,645000
2002-11-20,49.34000015258789,49.34000015258789,48.220001220703125,48.439998626708984,48.439998626708984,705000
2002-11-21,48.68000030517578,48.97999954223633,48.0,48.31999969482422,48.31999969482422,1020000
2002-11-22,48.400001525878906,48.400001525878906,47.91999816894531,48.13999938964844,48.13999938964844,655000
2002-11-25,48.0,48.0,46.70000076293945,47.13999938964844,47.13999938964844,730000
2002-11-26,47.13999938964844,47.31999969482422,46.459999084472656,46.900001525878906,46.900001525878906,530000
2002-11-27,47.220001220703125,47.599998474121094,47.13999938964844,47.400001525878906,47.400001525878906,325000
2002-11-29,47.599998474121094,48.560001373291016,47.560001373291016,48.220001220703125,48.220001220703125,215000
2002-12-02,48.79999923706055,48.959999084472656,48.099998474121094,48.220001220703125,48.220001220703125,470000
2002-12-03,47.79999923706055,48.34000015258789,47.599998474121094,47.7400016784668,47.7400016784668,530000
2002-12-04,47.400001525878906,47.79999923706055,47.099998474121094,47.15999984741211,47.15999984741211,445000
2002-12-05,47.040000915527344,47.20000076293945,46.720001220703125,46.959999084472656,46.959999084472656,400000
2002-12-06,46.560001373291016,47.2599983215332,46.540000915527344,46.70000076293945,46.70000076293945,740000
2002-12-09,46.540000915527344,46.65999984741211,46.02000045776367,46.02000045776367,46.02000045776367,1575000
2002-12-10,46.20000076293945,47.02000045776367,46.20000076293945,47.02000045776367,47.02000045776367,400000
2002-12-11,47.70000076293945,48.0,47.0,47.380001068115234,47.380001068115234,870000
2002-12-12,47.29999923706055,47.939998626708984,47.29999923706055,47.70000076293945,47.70000076293945,425000
2002-12-13,47.41999816894531,47.720001220703125,47.2400016784668,47.540000915527344,47.540000915527344,540000
2002-12-16,47.540000915527344,47.68000030517578,46.939998626708984,47.119998931884766,47.119998931884766,555000
2002-12-17,47.20000076293945,48.0,46.939998626708984,48.0,48.0,1080000
2002-12-18,47.439998626708984,47.79999923706055,47.36000061035156,47.7599983215332,47.7599983215332,325000
2002-12-19,47.5,47.959999084472656,47.20000076293945,47.20000076293945,47.20000076293945,450000
2002-12-20,47.20000076293945,47.540000915527344,47.13999938964844,47.36000061035156,47.36000061035156,530000
2002-12-23,47.36000061035156,47.599998474121094,46.779998779296875,47.040000915527344,47.040000915527344,960000
2002-12-24,47.20000076293945,48.08000183105469,47.13999938964844,47.84000015258789,47.84000015258789,605000
2002-12-26,48.0,48.63999938964844,48.0,48.400001525878906,48.400001525878906,615000
2002-12-27,48.400001525878906,48.70000076293945,48.13999938964844,48.380001068115234,48.380001068115234,445000
2002-12-30,48.68000030517578,48.68000030517578,48.02000045776367,48.400001525878906,48.400001525878906,490000
2002-12-31,48.34000015258789,48.599998474121094,48.099998474121094,48.459999084472656,48.459999084472656,670000
2003-01-02,48.400001525878906,48.7400016784668,47.68000030517578,47.880001068115234,47.880001068115234,770000
2003-01-03,48.13999938964844,48.5,47.68000030517578,48.060001373291016,48.060001373291016,745000
2003-01-06,48.15999984741211,48.380001068115234,46.79999923706055,47.2400016784668,47.2400016784668,1160000
2003-01-07,47.400001525878906,47.459999084472656,46.959999084472656,47.0,47.0,730000
2003-01-08,46.900001525878906,47.400001525878906,46.7599983215332,47.31999969482422,47.31999969482422,610000
2003-01-09,47.20000076293945,47.52000045776367,46.939998626708984,47.15999984741211,47.15999984741211,430000
2003-01-10,47.15999984741211,47.2400016784668,46.720001220703125,46.81999969482422,46.81999969482422,475000
2003-01-13,47.20000076293945,47.2400016784668,46.540000915527344,46.66999816894531,46.66999816894531,470000
2003-01-14,46.68000030517578,46.68000030517578,46.29999923706055,46.52000045776367,46.52000045776367,595000
2003-01-15,46.599998474121094,46.65999984741211,46.31999969482422,46.5,46.5,415000
2003-01-16,46.400001525878906,46.41999816894531,46.0,46.2599983215332,46.2599983215332,575000
2003-01-17,46.060001373291016,46.34000015258789,45.900001525878906,46.2400016784668,46.2400016784668,655000
2003-01-21,46.279998779296875,46.36000061035156,45.18000030517578,45.20000076293945,45.20000076293945,675000
2003-01-22,45.15999984741211,45.540000915527344,45.02000045776367,45.5,45.5,925000
2003-01-23,45.540000915527344,46.279998779296875,45.459999084472656,46.20000076293945,46.20000076293945,560000
2003-01-24,46.20000076293945,46.20000076293945,45.15999984741211,45.65999984741211,45.65999984741211,650000
2003-01-27,45.52000045776367,45.65999984741211,44.52000045776367,44.70000076293945,44.70000076293945,840000
2003-01-28,45.0,45.13999938964844,44.79999923706055,45.0,45.0,505000
2003-01-29,44.7400016784668,45.08000183105469,44.70000076293945,44.97999954223633,44.97999954223633,360000
2003-01-30,45.18000030517578,45.18000030517578,44.619998931884766,44.79999923706055,44.79999923706055,400000
2003-01-31,44.52000045776367,44.70000076293945,44.15999984741211,44.47999954223633,44.47999954223633,470000
2003-02-03,44.560001373291016,45.47999954223633,44.560001373291016,45.31999969482422,45.31999969482422,510000
2003-02-04,44.91999816894531,45.08000183105469,43.7599983215332,44.119998931884766,44.119998931884766,1260000
2003-02-05,44.400001525878906,44.939998626708984,44.20000076293945,44.79999923706055,44.79999923706055,445000
2003-02-06,44.70000076293945,44.79999923706055,43.02000045776367,43.279998779296875,43.279998779296875,510000
2003-02-07,43.5,43.68000030517578,42.36000061035156,42.65999984741211,42.65999984741211,645000
2003-02-10,42.619998931884766,42.70000076293945,42.0,42.119998931884766,42.119998931884766,900000
2003-02-11,42.400001525878906,42.7599983215332,42.2400016784668,42.459999084472656,42.459999084472656,580000
2003-02-12,42.29999923706055,42.459999084472656,41.400001525878906,41.959999084472656,41.959999084472656,840000
2003-02-13,41.900001525878906,42.0,41.099998474121094,41.18000030517578,41.18000030517578,710000
2003-02-14,41.20000076293945,41.2400016784668,40.29999923706055,40.70000076293945,40.70000076293945,1195000
2003-02-18,40.900001525878906,41.880001068115234,40.900001525878906,41.880001068115234,41.880001068115234,1235000
2003-02-19,42.0,42.900001525878906,41.91999816894531,42.86000061035156,42.86000061035156,645000
2003-02-20,42.70000076293945,42.97999954223633,41.619998931884766,41.79999923706055,41.79999923706055,475000
2003-02-21,41.900001525878906,42.279998779296875,41.65999984741211,42.119998931884766,42.119998931884766,635000
2003-02-24,42.0,42.5,41.84000015258789,42.29999923706055,42.29999923706055,515000
2003-02-25,41.900001525878906,42.31999969482422,41.900001525878906,42.0,42.0,565000
2003-02-26,42.02000045776367,42.13999938964844,41.79999923706055,41.900001525878906,41.900001525878906,400000
2003-02-27,41.84000015258789,42.119998931884766,41.79999923706055,41.88999938964844,41.88999938964844,390000
2003-02-28,41.599998474121094,41.720001220703125,40.970001220703125,41.29999923706055,41.29999923706055,790000
2003-03-03,41.79999923706055,42.400001525878906,41.79999923706055,42.20000076293945,42.20000076293945,400000
2003-03-04,42.36000061035156,43.34000015258789,42.040000915527344,42.65999984741211,42.65999984741211,625000
2003-03-05,42.400001525878906,42.459999084472656,41.900001525878906,42.040000915527344,42.040000915527344,525000
2003-03-06,41.97999954223633,42.41999816894531,41.880001068115234,42.2400016784668,42.2400016784668,720000
2003-03-07,41.97999954223633,42.84000015258789,41.79999923706055,42.720001220703125,42.720001220703125,740000
2003-03-10,43.7400016784668,45.79999923706055,43.68000030517578,45.18000030517578,45.18000030517578,1115000
2003-03-11,44.86000061035156,45.220001220703125,44.400001525878906,44.79999923706055,44.79999923706055,495000
2003-03-12,45.040000915527344,45.2400016784668,44.70000076293945,45.08000183105469,45.08000183105469,1210000
2003-03-13,45.0,45.79999923706055,44.880001068115234,45.70000076293945,45.70000076293945,1030000
2003-03-14,45.459999084472656,45.650001525878906,45.2599983215332,45.400001525878906,45.400001525878906,590000
2003-03-17,45.63999938964844,46.29999923706055,45.439998626708984,45.79999923706055,45.79999923706055,820000
2003-03-18,45.81999969482422,46.0,45.15999984741211,45.2599983215332,45.2599983215332,1055000
2003-03-19,45.34000015258789,46.380001068115234,45.02000045776367,46.0,46.0,1125000
2003-03-20,46.08000183105469,46.380001068115234,45.439998626708984,46.02000045776367,46.02000045776367,855000
2003-03-21,46.20000076293945,46.34000015258789,45.79999923706055,45.97999954223633,45.97999954223633,720000
2003-03-24,45.47999954223633,45.97999954223633,44.439998626708984,44.47999954223633,44.47999954223633,680000
2003-03-25,44.91999816894531,45.0,44.29999923706055,44.29999923706055,44.29999923706055,595000
2003-03-26,44.099998474121094,44.400001525878906,43.7400016784668,43.959999084472656,43.959999084472656,705000
2003-03-27,43.959999084472656,44.0,43.560001373291016,43.70000076293945,43.70000076293945,400000
2003-03-28,43.68000030517578,44.20000076293945,43.41999816894531,43.439998626708984,43.439998626708984,765000
2003-03-31,43.36000061035156,43.5,42.70000076293945,42.7400016784668,42.7400016784668,760000
2003-04-01,43.34000015258789,43.7599983215332,42.81999969482422,43.7599983215332,43.7599983215332,425000
2003-04-02,44.52000045776367,46.58000183105469,43.7599983215332,46.400001525878906,46.400001525878906,1620000
2003-04-03,46.7599983215332,46.7599983215332,45.29999923706055,45.86000061035156,45.86000061035156,860000
2003-04-04,46.20000076293945,46.400001525878906,45.86000061035156,46.18000030517578,46.18000030517578,1210000
2003-04-07,46.880001068115234,47.18000030517578,46.13999938964844,46.29999923706055,46.29999923706055,1485000
2003-04-08,46.060001373291016,46.47999954223633,46.0,46.2599983215332,46.2599983215332,780000
2003-04-09,46.34000015258789,46.619998931884766,46.20000076293945,46.560001373291016,46.560001373291016,660000
2003-04-10,46.560001373291016,46.63999938964844,46.2599983215332,46.560001373291016,46.560001373291016,665000
2003-04-11,46.68000030517578,46.779998779296875,46.29999923706055,46.68000030517578,46.68000030517578,970000
2003-04-14,46.68000030517578,47.79999923706055,46.439998626708984,47.47999954223633,47.47999954223633,725000
2003-04-15,47.5,47.5,46.959999084472656,47.220001220703125,47.220001220703125,650000
2003-04-16,47.2599983215332,48.099998474121094,47.20000076293945,47.20000076293945,47.20000076293945,755000
2003-04-17,47.34000015258789,48.099998474121094,47.220001220703125,47.86000061035156,47.86000061035156,470000
2003-04-21,48.13999938964844,48.29999923706055,47.880001068115234,48.130001068115234,48.130001068115234,420000
2003-04-22,48.15999984741211,48.880001068115234,48.15999984741211,48.81999969482422,48.81999969482422,1735000
2003-04-23,48.81999969482422,49.08000183105469,48.2400016784668,48.52000045776367,48.52000045776367,705000
2003-04-24,48.599998474121094,48.65999984741211,47.97999954223633,47.97999954223633,47.97999954223633,850000
2003-04-25,47.9900016784668,47.9900016784668,46.84000015258789,47.18000030517578,47.18000030517578,480000
2003-04-28,47.400001525878906,47.540000915527344,46.84000015258789,47.0,47.0,545000
2003-04-29,47.20000076293945,47.2599983215332,46.880001068115234,46.939998626708984,46.939998626708984,360000
2003-04-30,47.0,47.0,46.400001525878906,46.63999938964844,46.63999938964844,845000
2003-05-01,46.7400016784668,47.040000915527344,46.52000045776367,46.63999938964844,46.63999938964844,605000
2003-05-02,46.63999938964844,47.08000183105469,46.560001373291016,47.0,47.0,470000
2003-05-05,47.70000076293945,48.599998474121094,47.65999984741211,48.58000183105469,48.58000183105469,1480000
2003-05-06,48.81999969482422,49.34000015258789,48.599998474121094,49.279998779296875,49.279998779296875,985000
2003-05-07,49.279998779296875,49.34000015258789,48.81999969482422,49.220001220703125,49.220001220703125,845000
2003-05-08,49.220001220703125,49.279998779296875,48.47999954223633,48.540000915527344,48.540000915527344,840000
2003-05-09,48.65999984741211,48.68000030517578,48.08000183105469,48.279998779296875,48.279998779296875,370000
2003-05-12,48.7400016784668,49.400001525878906,48.7400016784668,49.34000015258789,49.34000015258789,665000
2003-05-13,49.29999923706055,49.4900016784668,49.040000915527344,49.220001220703125,49.220001220703125,855000
2003-05-14,49.2400016784668,49.34000015258789,49.0,49.02000045776367,49.02000045776367,445000
2003-05-15,49.15999984741211,49.36000061035156,48.959999084472656,49.040000915527344,49.040000915527344,740000
2003-05-16,49.20000076293945,49.29999923706055,49.060001373291016,49.18000030517578,49.18000030517578,500000
2003-05-19,49.18000030517578,49.18000030517578,48.63999938964844,48.97999954223633,48.97999954223633,295000
2003-05-20,49.08000183105469,49.18000030517578,48.79999923706055,48.91999816894531,48.91999816894531,325000
2003-05-21,48.91999816894531,48.91999816894531,48.540000915527344,48.540000915527344,48.540000915527344,245000
2003-05-22,48.720001220703125,49.0,48.560001373291016,48.91999816894531,48.91999816894531,315000
2003-05-23,49.0,49.459999084472656,48.79999923706055,49.29999923706055,49.29999923706055,1025000
2003-05-27,49.400001525878906,49.47999954223633,49.099998474121094,49.20000076293945,49.20000076293945,395000
2003-05-28,48.939998626708984,49.13999938964844,48.2400016784668,48.560001373291016,48.560001373291016,735000
2003-05-29,48.58000183105469,48.619998931884766,47.79999923706055,47.86000061035156,47.86000061035156,665000
2003-05-30,47.939998626708984,48.2400016784668,47.119998931884766,47.47999954223633,47.47999954223633,900000
2003-06-02,47.52000045776367,47.779998779296875,47.13999938964844,47.619998931884766,47.619998931884766,1170000
2003-06-03,47.720001220703125,48.5,47.720001220703125,48.349998474121094,48.349998474121094,640000
2003-06-04,48.540000915527344,48.79999923706055,48.34000015258789,48.34000015258789,48.34000015258789,525000
2003-06-05,48.36000061035156,48.36000061035156,47.900001525878906,48.0,48.0,635000
2003-06-06,48.0,48.2599983215332,47.7599983215332,47.959999084472656,47.959999084472656,660000
2003-06-09,48.13999938964844,48.279998779296875,47.810001373291016,47.91999816894531,47.91999816894531,390000
2003-06-10,48.02000045776367,48.13999938964844,47.91999816894531,48.0,48.0,325000
2003-06-11,47.86000061035156,48.15999984741211,47.86000061035156,48.0,48.0,520000
2003-06-12,48.13999938964844,48.65999984741211,48.099998474121094,48.29999923706055,48.29999923706055,445000
2003-06-13,48.34000015258789,49.0,48.099998474121094,49.0,49.0,710000
2003-06-16,49.279998779296875,49.5,49.119998931884766,49.29999923706055,49.29999923706055,665000
2003-06-17,49.540000915527344,49.70000076293945,49.400001525878906,49.70000076293945,49.70000076293945,770000
2003-06-18,49.70000076293945,50.0,49.58000183105469,50.0,50.0,750000
2003-06-19,50.0,50.040000915527344,49.70000076293945,49.81999969482422,49.81999969482422,540000
2003-06-20,49.97999954223633,50.02000045776367,49.84000015258789,49.880001068115234,49.880001068115234,375000
2003-06-23,49.959999084472656,50.02000045776367,49.70000076293945,50.02000045776367,50.02000045776367,730000
2003-06-24,50.040000915527344,50.279998779296875,49.79999923706055,50.040000915527344,50.040000915527344,540000
2003-06-25,50.0,50.119998931884766,49.02000045776367,49.279998779296875,49.279998779296875,885000
2003-06-26,49.540000915527344,49.619998931884766,49.02000045776367,49.13999938964844,49.13999938964844,375000
2003-06-27,49.0,49.060001373291016,48.630001068115234,48.720001220703125,48.720001220703125,595000
2003-06-30,48.900001525878906,49.0,48.34000015258789,48.599998474121094,48.599998474121094,840000
2003-07-01,48.70000076293945,48.70000076293945,48.220001220703125,48.400001525878906,48.400001525878906,450000
2003-07-02,48.400001525878906,48.560001373291016,48.2400016784668,48.560001373291016,48.560001373291016,480000
2003-07-03,48.63999938964844,48.63999938964844,48.040000915527344,48.13999938964844,48.13999938964844,335000
2003-07-07,48.599998474121094,48.68000030517578,47.900001525878906,48.0,48.0,965000
2003-07-08,48.08000183105469,48.15999984741211,47.41999816894531,47.41999816894531,47.41999816894531,1495000
2003-07-09,47.599998474121094,48.720001220703125,47.34000015258789,48.29999923706055,48.29999923706055,925000
2003-07-10,48.47999954223633,48.91999816894531,48.18000030517578,48.81999969482422,48.81999969482422,485000
2003-07-11,48.939998626708984,49.060001373291016,48.79999923706055,48.79999923706055,48.79999923706055,455000
2003-07-14,49.0,49.689998626708984,48.939998626708984,49.459999084472656,49.459999084472656,460000
2003-07-15,49.400001525878906,49.400001525878906,48.560001373291016,48.560001373291016,48.560001373291016,455000
2003-07-16,48.79999923706055,48.81999969482422,47.900001525878906,48.0,48.0,650000
2003-07-17,48.02000045776367,48.13999938964844,47.70000076293945,47.91999816894531,47.91999816894531,500000
2003-07-18,47.939998626708984,48.060001373291016,47.70000076293945,47.779998779296875,47.779998779296875,430000
2003-07-21,47.79999923706055,47.79999923706055,47.36000061035156,47.36000061035156,47.36000061035156,530000
2003-07-22,47.540000915527344,47.599998474121094,47.34000015258789,47.45000076293945,47.45000076293945,495000
2003-07-23,47.459999084472656,48.040000915527344,47.439998626708984,47.959999084472656,47.959999084472656,430000
2003-07-24,48.13999938964844,48.2400016784668,47.79999923706055,47.900001525878906,47.900001525878906,430000
2003-07-25,48.119998931884766,48.119998931884766,47.720001220703125,47.7400016784668,47.7400016784668,415000
2003-07-28,47.86000061035156,48.599998474121094,47.81999969482422,48.0,48.0,440000
2003-07-29,48.0,48.47999954223633,47.959999084472656,48.279998779296875,48.279998779296875,650000
2003-07-30,48.31999969482422,48.400001525878906,48.0,48.119998931884766,48.119998931884766,325000
2003-07-31,48.36000061035156,48.380001068115234,48.02000045776367,48.060001373291016,48.060001373291016,455000
2003-08-01,48.15999984741211,48.20000076293945,47.720001220703125,47.86000061035156,47.86000061035156,455000
2003-08-04,48.0,48.099998474121094,47.779998779296875,48.060001373291016,48.060001373291016,450000
2003-08-05,47.939998626708984,48.060001373291016,47.70000076293945,47.7599983215332,47.7599983215332,550000
2003-08-06,48.119998931884766,48.119998931884766,47.86000061035156,47.900001525878906,47.900001525878906,305000
2003-08-07,47.91999816894531,48.15999984741211,47.86000061035156,48.040000915527344,48.040000915527344,400000
2003-08-08,48.220001220703125,48.310001373291016,48.0,48.29999923706055,48.29999923706055,310000
2003-08-11,49.91999816894531,50.58000183105469,48.29999923706055,49.880001068115234,49.880001068115234,2145000
2003-08-12,50.13999938964844,50.36000061035156,49.7400016784668,50.36000061035156,50.36000061035156,790000
2003-08-13,50.20000076293945,50.34000015258789,49.970001220703125,50.13999938964844,50.13999938964844,735000
2003-08-14,50.0,50.34000015258789,49.959999084472656,50.22999954223633,50.22999954223633,760000
2003-08-15,50.279998779296875,50.279998779296875,49.900001525878906,50.20000076293945,50.20000076293945,275000
2003-08-18,50.279998779296875,50.400001525878906,50.15999984741211,50.36000061035156,50.36000061035156,935000
2003-08-19,50.38999938964844,50.56999969482422,50.33000183105469,50.56999969482422,50.56999969482422,785000
2003-08-20,50.599998474121094,50.790000915527344,50.47999954223633,50.7400016784668,50.7400016784668,695000
2003-08-21,50.79999923706055,50.939998626708984,50.5099983215332,50.84000015258789,50.84000015258789,445000
2003-08-22,50.97999954223633,50.9900016784668,50.720001220703125,50.880001068115234,50.880001068115234,465000
2003-08-25,50.959999084472656,50.959999084472656,50.18000030517578,50.279998779296875,50.279998779296875,495000
2003-08-26,50.52000045776367,50.77000045776367,50.279998779296875,50.52000045776367,50.52000045776367,425000
2003-08-27,50.65999984741211,50.79999923706055,50.400001525878906,50.47999954223633,50.47999954223633,385000
2003-08-28,50.5,50.70000076293945,50.459999084472656,50.58000183105469,50.58000183105469,320000
2003-08-29,50.29999923706055,50.63999938964844,50.29999923706055,50.599998474121094,50.599998474121094,410000
2003-09-02,50.79999923706055,50.79999923706055,50.41999816894531,50.61000061035156,50.61000061035156,485000
2003-09-03,50.61000061035156,50.61000061035156,50.5,50.599998474121094,50.599998474121094,560000
2003-09-04,50.459999084472656,50.58000183105469,50.400001525878906,50.45000076293945,50.45000076293945,275000
2003-09-05,50.45000076293945,50.58000183105469,50.099998474121094,50.31999969482422,50.31999969482422,420000
2003-09-08,50.41999816894531,50.599998474121094,50.310001373291016,50.310001373291016,50.310001373291016,380000
2003-09-09,50.380001068115234,50.58000183105469,50.29999923706055,50.459999084472656,50.459999084472656,1035000
2003-09-10,50.459999084472656,50.47999954223633,50.11000061035156,50.47999954223633,50.47999954223633,610000
2003-09-11,50.47999954223633,50.70000076293945,50.20000076293945,50.29999923706055,50.29999923706055,500000
2003-09-12,50.29999923706055,50.58000183105469,50.15999984741211,50.15999984741211,50.15999984741211,315000
2003-09-15,50.02000045776367,50.08000183105469,49.5,49.63999938964844,49.63999938964844,715000
2003-09-16,49.720001220703125,50.5,49.70000076293945,50.41999816894531,50.41999816894531,1415000
2003-09-17,50.5,50.5,49.61000061035156,49.79999923706055,49.79999923706055,835000
2003-09-18,49.81999969482422,50.279998779296875,49.79999923706055,50.0,50.0,750000
2003-09-19,50.18000030517578,50.880001068115234,50.18000030517578,50.7400016784668,50.7400016784668,840000
2003-09-22,50.34000015258789,50.68000030517578,50.29999923706055,50.5,50.5,565000
2003-09-23,50.79999923706055,50.79999923706055,50.29999923706055,50.47999954223633,50.47999954223633,635000
2003-09-24,50.47999954223633,50.58000183105469,50.18000030517578,50.2400016784668,50.2400016784668,470000
2003-09-25,50.400001525878906,50.41999816894531,50.20000076293945,50.20000076293945,50.20000076293945,445000
2003-09-26,50.31999969482422,50.31999969482422,50.0,50.0,50.0,370000
2003-09-29,50.040000915527344,50.220001220703125,50.02000045776367,50.099998474121094,50.099998474121094,440000
2003-09-30,50.119998931884766,50.119998931884766,49.7599983215332,49.91999816894531,49.91999816894531,530000
2003-10-01,50.0,50.29999923706055,49.91999816894531,50.2400016784668,50.2400016784668,440000
2003-10-02,50.34000015258789,50.34000015258789,50.040000915527344,50.31999969482422,50.31999969482422,310000
2003-10-03,50.41999816894531,51.0,50.41999816894531,50.689998626708984,50.689998626708984,775000
2003-10-06,50.70000076293945,50.70000076293945,50.220001220703125,50.5,50.5,455000
2003-10-07,50.540000915527344,50.560001373291016,50.25,50.439998626708984,50.439998626708984,650000
2003-10-08,50.439998626708984,50.599998474121094,50.439998626708984,50.47999954223633,50.47999954223633,280000
2003-10-09,50.65999984741211,50.66999816894531,50.31999969482422,50.470001220703125,50.470001220703125,785000
2003-10-10,50.31999969482422,50.54999923706055,50.29999923706055,50.380001068115234,50.380001068115234,270000
2003-10-13,50.52000045776367,50.65999984741211,50.43000030517578,50.650001525878906,50.650001525878906,220000
2003-10-14,50.68000030517578,51.0,50.400001525878906,51.0,51.0,695000
2003-10-15,51.0,51.36000061035156,51.0,51.119998931884766,51.119998931884766,435000
2003-10-16,51.599998474121094,51.959999084472656,51.560001373291016,51.849998474121094,51.849998474121094,570000
2003-10-17,51.939998626708984,51.939998626708984,51.13999938964844,51.20000076293945,51.20000076293945,475000
2003-10-20,51.279998779296875,51.459999084472656,50.52000045776367,50.560001373291016,50.560001373291016,535000
2003-10-21,50.939998626708984,51.099998474121094,50.779998779296875,50.84000015258789,50.84000015258789,440000
2003-10-22,50.619998931884766,50.720001220703125,50.36000061035156,50.52000045776367,50.52000045776367,475000
2003-10-23,50.599998474121094,50.720001220703125,50.31999969482422,50.599998474121094,50.599998474121094,275000
2003-10-24,50.599998474121094,51.0,50.599998474121094,50.84000015258789,50.84000015258789,925000
2003-10-27,51.65999984741211,51.97999954223633,51.0,51.02000045776367,51.02000045776367,565000
2003-10-28,51.13999938964844,51.84000015258789,51.040000915527344,51.72999954223633,51.72999954223633,455000
2003-10-29,51.7599983215332,52.0,51.70000076293945,51.79999923706055,51.79999923706055,405000
2003-10-30,51.959999084472656,52.040000915527344,51.7599983215332,52.0,52.0,470000
2003-10-31,52.08000183105469,52.099998474121094,51.84000015258789,51.849998474121094,51.849998474121094,540000
2003-11-03,52.040000915527344,52.70000076293945,52.0,52.56999969482422,52.56999969482422,925000
2003-11-04,52.68000030517578,53.36000061035156,52.5,53.36000061035156,53.36000061035156,1135000
2003-11-05,53.36000061035156,53.68000030517578,53.2599983215332,53.400001525878906,53.400001525878906,825000
2003-11-06,53.400001525878906,53.63999938964844,53.36000061035156,53.41999816894531,53.41999816894531,525000
2003-11-07,53.34000015258789,53.439998626708984,53.02000045776367,53.36000061035156,53.36000061035156,635000
2003-11-10,53.560001373291016,54.31999969482422,53.02000045776367,53.18000030517578,53.18000030517578,1210000
2003-11-11,53.380001068115234,53.47999954223633,53.040000915527344,53.459999084472656,53.459999084472656,720000
2003-11-12,53.68000030517578,53.959999084472656,53.31999969482422,53.7400016784668,53.7400016784668,505000
2003-11-13,53.79999923706055,54.0,53.65999984741211,53.79999923706055,53.79999923706055,585000
2003-11-14,53.959999084472656,54.4900016784668,53.7599983215332,54.20000076293945,54.20000076293945,810000
2003-11-17,53.79999923706055,54.5,53.63999938964844,54.439998626708984,54.439998626708984,660000
2003-11-18,54.380001068115234,54.63999938964844,54.380001068115234,54.58000183105469,54.58000183105469,665000
2003-11-19,54.52000045776367,54.790000915527344,54.400001525878906,54.70000076293945,54.70000076293945,735000
2003-11-20,54.720001220703125,54.91999816894531,54.560001373291016,54.81999969482422,54.81999969482422,555000
2003-11-21,55.0,55.20000076293945,54.84000015258789,55.15999984741211,55.15999984741211,770000
2003-11-24,55.279998779296875,55.70000076293945,55.279998779296875,55.560001373291016,55.560001373291016,745000
2003-11-25,55.84000015258789,56.400001525878906,55.84000015258789,56.220001220703125,56.220001220703125,1005000
2003-11-26,56.41999816894531,56.47999954223633,55.63999938964844,55.70000076293945,55.70000076293945,985000
2003-11-28,56.0,56.2400016784668,55.900001525878906,56.02000045776367,56.02000045776367,260000
2003-12-01,56.20000076293945,56.41999816894531,56.040000915527344,56.040000915527344,56.040000915527344,670000
2003-12-02,56.08000183105469,56.13999938964844,55.83000183105469,56.08000183105469,56.08000183105469,510000
2003-12-03,56.13999938964844,56.369998931884766,55.959999084472656,55.970001220703125,55.970001220703125,755000
2003-12-04,56.099998474121094,56.189998626708984,55.959999084472656,56.060001373291016,56.060001373291016,385000
2003-12-05,56.18000030517578,56.27000045776367,55.91999816894531,56.0,56.0,625000
2003-12-08,55.939998626708984,56.150001525878906,55.900001525878906,55.970001220703125,55.970001220703125,410000
2003-12-09,56.13999938964844,56.2599983215332,55.79999923706055,55.900001525878906,55.900001525878906,495000
2003-12-10,55.79999923706055,55.939998626708984,55.15999984741211,55.900001525878906,55.900001525878906,820000
2003-12-11,55.86000061035156,55.959999084472656,55.599998474121094,55.84000015258789,55.84000015258789,425000
2003-12-12,55.79999923706055,55.959999084472656,55.540000915527344,55.65999984741211,55.65999984741211,415000
2003-12-15,56.02000045776367,56.060001373291016,55.20000076293945,55.2599983215332,55.2599983215332,595000
2003-12-16,55.47999954223633,55.5,55.2599983215332,55.2599983215332,55.2599983215332,490000
2003-12-17,55.13999938964844,55.2599983215332,54.619998931884766,54.720001220703125,54.720001220703125,620000
2003-12-18,54.79999923706055,55.25,54.720001220703125,55.220001220703125,55.220001220703125,830000
2003-12-19,55.29999923706055,55.47999954223633,55.220001220703125,55.36000061035156,55.36000061035156,755000
2003-12-22,55.560001373291016,55.79999923706055,55.279998779296875,55.5,55.5,610000
2003-12-23,55.540000915527344,56.0,55.150001525878906,55.150001525878906,55.150001525878906,535000
2003-12-24,55.060001373291016,55.400001525878906,55.060001373291016,55.400001525878906,55.400001525878906,215000
2003-12-26,55.31999969482422,55.41999816894531,55.13999938964844,55.34000015258789,55.34000015258789,130000
2003-12-29,55.68000030517578,56.099998474121094,55.560001373291016,56.0,56.0,445000
2003-12-30,56.29999923706055,56.36000061035156,56.119998931884766,56.29999923706055,56.29999923706055,405000
2003-12-31,56.29999923706055,56.400001525878906,56.06999969482422,56.29999923706055,56.29999923706055,590000
2004-01-02,56.29999923706055,56.29999923706055,55.900001525878906,56.060001373291016,56.060001373291016,650000
2004-01-05,56.540000915527344,56.68000030517578,56.41999816894531,56.65999984741211,56.65999984741211,605000
2004-01-06,56.84000015258789,57.2599983215332,56.84000015258789,57.15999984741211,57.15999984741211,665000
2004-01-07,57.34000015258789,57.47999954223633,57.20000076293945,57.47999954223633,57.47999954223633,710000
2004-01-08,57.68000030517578,57.70000076293945,56.599998474121094,56.720001220703125,56.720001220703125,570000
2004-01-09,56.7400016784668,57.2400016784668,56.68000030517578,57.099998474121094,57.099998474121094,590000
2004-01-12,57.279998779296875,57.5,56.900001525878906,56.900001525878906,56.900001525878906,690000
2004-01-13,57.119998931884766,57.41999816894531,56.900001525878906,57.29999923706055,57.29999923706055,465000
2004-01-14,57.540000915527344,57.599998474121094,57.2400016784668,57.439998626708984,57.439998626708984,485000
2004-01-15,57.599998474121094,57.599998474121094,57.13999938964844,57.13999938964844,57.13999938964844,385000
2004-01-16,57.220001220703125,57.68000030517578,57.20000076293945,57.45000076293945,57.45000076293945,550000
2004-01-20,57.540000915527344,57.939998626708984,57.41999816894531,57.79999923706055,57.79999923706055,750000
2004-01-21,57.779998779296875,58.400001525878906,57.52000045776367,58.29999923706055,58.29999923706055,545000
2004-01-22,58.29999923706055,59.0,58.29999923706055,59.0,59.0,980000
2004-01-23,59.099998474121094,60.20000076293945,59.08000183105469,59.7400016784668,59.7400016784668,1245000
2004-01-26,60.08000183105469,60.400001525878906,59.79999923706055,60.33000183105469,60.33000183105469,1050000
2004-01-27,60.33000183105469,60.33000183105469,59.84000015258789,60.040000915527344,60.040000915527344,945000
2004-01-28,60.040000915527344,60.040000915527344,59.040000915527344,59.29999923706055,59.29999923706055,730000
2004-01-29,59.52000045776367,59.599998474121094,58.560001373291016,58.959999084472656,58.959999084472656,645000
2004-01-30,59.099998474121094,59.619998931884766,58.880001068115234,59.619998931884766,59.619998931884766,445000
2004-02-02,59.619998931884766,59.900001525878906,59.36000061035156,59.79999923706055,59.79999923706055,475000
2004-02-03,59.97999954223633,60.68000030517578,59.84000015258789,60.47999954223633,60.47999954223633,535000
2004-02-04,60.5,60.5,59.91999816894531,60.29999923706055,60.29999923706055,715000
2004-02-05,60.20000076293945,60.5,59.86000061035156,59.91999816894531,59.91999816894531,450000
2004-02-06,60.13999938964844,60.150001525878906,59.93000030517578,60.040000915527344,60.040000915527344,450000
2004-02-09,60.279998779296875,60.380001068115234,60.099998474121094,60.2400016784668,60.2400016784668,495000
2004-02-10,60.400001525878906,61.47999954223633,60.34000015258789,61.2400016784668,61.2400016784668,950000
2004-02-11,61.540000915527344,61.720001220703125,61.13999938964844,61.13999938964844,61.13999938964844,660000
2004-02-12,61.29999923706055,61.29999923706055,60.959999084472656,61.20000076293945,61.20000076293945,445000
2004-02-13,61.400001525878906,61.400001525878906,61.099998474121094,61.27000045776367,61.27000045776367,425000
2004-02-17,61.400001525878906,61.459999084472656,61.27000045776367,61.439998626708984,61.439998626708984,665000
2004-02-18,61.79999923706055,61.900001525878906,61.5,61.86000061035156,61.86000061035156,420000
2004-02-19,61.959999084472656,62.20000076293945,61.86000061035156,62.15999984741211,62.15999984741211,510000
2004-02-20,62.34000015258789,62.58000183105469,62.18000030517578,62.2599983215332,62.2599983215332,685000
2004-02-23,62.400001525878906,63.09000015258789,62.29999923706055,63.0,63.0,975000
2004-02-24,63.13999938964844,63.58000183105469,62.97999954223633,63.400001525878906,63.400001525878906,1265000
2004-02-25,63.68000030517578,63.900001525878906,63.31999969482422,63.459999084472656,63.459999084472656,970000
2004-02-26,63.5,63.70000076293945,63.13999938964844,63.20000076293945,63.20000076293945,585000
2004-02-27,63.20000076293945,63.29999923706055,62.58000183105469,62.65999984741211,62.65999984741211,550000
2004-03-01,63.34000015258789,63.36000061035156,62.29999923706055,62.41999816894531,62.41999816894531,845000
2004-03-02,62.720001220703125,62.81999969482422,62.060001373291016,62.099998474121094,62.099998474121094,590000
2004-03-03,62.02000045776367,62.02000045776367,60.540000915527344,61.2599983215332,61.2599983215332,1305000
2004-03-04,61.08000183105469,61.34000015258789,60.439998626708984,61.099998474121094,61.099998474121094,565000
2004-03-05,61.41999816894531,62.7400016784668,61.36000061035156,61.959999084472656,61.959999084472656,1155000
2004-03-08,63.13999938964844,63.2400016784668,62.5,62.630001068115234,62.630001068115234,1490000
2004-03-09,62.79999923706055,63.279998779296875,62.720001220703125,63.119998931884766,63.119998931884766,1680000
2004-03-10,63.2400016784668,63.36000061035156,62.099998474121094,62.400001525878906,62.400001525878906,1125000
2004-03-11,62.400001525878906,62.400001525878906,60.97999954223633,61.0,61.0,790000
2004-03-12,61.52000045776367,61.650001525878906,61.29999923706055,61.29999923706055,61.29999923706055,750000
2004-03-15,61.400001525878906,61.400001525878906,61.11000061035156,61.400001525878906,61.400001525878906,645000
2004-03-16,61.599998474121094,62.20000076293945,60.91999816894531,61.15999984741211,61.15999984741211,625000
2004-03-17,61.459999084472656,61.560001373291016,60.79999923706055,61.36000061035156,61.36000061035156,810000
2004-03-18,61.20000076293945,61.560001373291016,61.02000045776367,61.27000045776367,61.27000045776367,280000
2004-03-19,61.439998626708984,61.97999954223633,61.439998626708984,61.5,61.5,295000
2004-03-22,61.52000045776367,61.540000915527344,61.0,61.31999969482422,61.31999969482422,365000
2004-03-23,61.5,61.5,60.65999984741211,60.79999923706055,60.79999923706055,505000
2004-03-24,60.79999923706055,60.84000015258789,60.540000915527344,60.65999984741211,60.65999984741211,435000
2004-03-25,60.65999984741211,61.02000045776367,60.560001373291016,60.90999984741211,60.90999984741211,610000
2004-03-26,61.08000183105469,61.27000045776367,60.81999969482422,61.18000030517578,61.18000030517578,340000
2004-03-29,61.34000015258789,61.4900016784668,61.20000076293945,61.4900016784668,61.4900016784668,535000
2004-03-30,61.7400016784668,62.08000183105469,61.540000915527344,62.0,62.0,425000
2004-03-31,62.279998779296875,62.84000015258789,62.20000076293945,62.220001220703125,62.220001220703125,455000
2004-04-01,62.20000076293945,62.70000076293945,62.20000076293945,62.58000183105469,62.58000183105469,755000
2004-04-02,62.939998626708984,63.20000076293945,62.599998474121094,62.900001525878906,62.900001525878906,505000
2004-04-05,63.31999969482422,63.599998474121094,62.619998931884766,63.34000015258789,63.34000015258789,615000
2004-04-06,63.68000030517578,63.68000030517578,62.939998626708984,63.0,63.0,535000
2004-04-07,63.13999938964844,63.13999938964844,62.5,62.97999954223633,62.97999954223633,335000
2004-04-08,63.08000183105469,63.58000183105469,62.810001373291016,62.810001373291016,62.810001373291016,450000
2004-04-12,63.20000076293945,63.68000030517578,62.81999969482422,63.68000030517578,63.68000030517578,700000
2004-04-13,63.7400016784668,63.779998779296875,62.2599983215332,62.36000061035156,62.36000061035156,725000
2004-04-14,62.02000045776367,62.720001220703125,62.0,62.720001220703125,62.720001220703125,730000
2004-04-15,63.13999938964844,63.2400016784668,61.68000030517578,61.68000030517578,61.68000030517578,690000
2004-04-16,61.97999954223633,62.060001373291016,61.380001068115234,61.54999923706055,61.54999923706055,715000
2004-04-19,61.63999938964844,62.0,61.2599983215332,62.0,62.0,360000
2004-04-20,62.08000183105469,62.400001525878906,61.47999954223633,61.58000183105469,61.58000183105469,495000
2004-04-21,61.86000061035156,61.86000061035156,61.310001373291016,61.310001373291016,61.310001373291016,420000
2004-04-22,61.400001525878906,61.5,61.099998474121094,61.119998931884766,61.119998931884766,655000
2004-04-23,62.060001373291016,62.31999969482422,61.63999938964844,62.18000030517578,62.18000030517578,485000
2004-04-26,62.459999084472656,62.560001373291016,61.84000015258789,62.08000183105469,62.08000183105469,525000
2004-04-27,62.02000045776367,62.560001373291016,61.65999984741211,62.040000915527344,62.040000915527344,490000
2004-04-28,62.13999938964844,62.29999923706055,61.52000045776367,62.29999923706055,62.29999923706055,885000
2004-04-29,62.2599983215332,62.34000015258789,61.939998626708984,62.20000076293945,62.20000076293945,445000
2004-04-30,62.2400016784668,62.380001068115234,62.099998474121094,62.380001068115234,62.380001068115234,365000
2004-05-03,62.5,62.58000183105469,61.720001220703125,62.0,62.0,890000
2004-05-04,62.08000183105469,62.18000030517578,61.5,61.58000183105469,61.58000183105469,595000
2004-05-05,61.65999984741211,62.20000076293945,61.279998779296875,62.099998474121094,62.099998474121094,1010000
2004-05-06,62.099998474121094,62.099998474121094,60.7400016784668,60.86000061035156,60.86000061035156,1150000
2004-05-07,61.34000015258789,61.439998626708984,60.86000061035156,60.86000061035156,60.86000061035156,1005000
2004-05-10,60.20000076293945,60.20000076293945,57.5,57.79999923706055,57.79999923706055,1995000
2004-05-11,58.2599983215332,59.459999084472656,58.20000076293945,58.63999938964844,58.63999938964844,935000
2004-05-12,58.7400016784668,58.7400016784668,57.31999969482422,57.790000915527344,57.790000915527344,1085000
2004-05-13,57.790000915527344,57.939998626708984,56.599998474121094,57.02000045776367,57.02000045776367,735000
2004-05-14,57.099998474121094,57.79999923706055,56.70000076293945,57.79999923706055,57.79999923706055,630000
2004-05-17,57.400001525878906,57.959999084472656,57.20000076293945,57.619998931884766,57.619998931884766,630000
2004-05-18,57.880001068115234,58.779998779296875,57.66999816894531,58.75,58.75,805000
2004-05-19,59.31999969482422,59.7599983215332,59.040000915527344,59.20000076293945,59.20000076293945,930000
2004-05-20,59.47999954223633,60.0,59.34000015258789,59.7400016784668,59.7400016784668,630000
2004-05-21,60.0,60.18000030517578,59.20000076293945,59.439998626708984,59.439998626708984,855000
2004-05-24,59.79999923706055,59.79999923706055,58.20000076293945,58.68000030517578,58.68000030517578,495000
2004-05-25,58.08000183105469,58.599998474121094,57.81999969482422,58.0,58.0,855000
2004-05-26,57.900001525878906,58.439998626708984,57.900001525878906,58.380001068115234,58.380001068115234,385000
2004-05-27,58.7400016784668,59.349998474121094,58.720001220703125,59.20000076293945,59.20000076293945,495000
2004-05-28,59.31999969482422,59.5,59.20000076293945,59.439998626708984,59.439998626708984,225000
2004-06-01,59.400001525878906,59.97999954223633,59.279998779296875,59.91999816894531,59.91999816894531,435000
2004-06-02,60.0,60.29999923706055,59.7599983215332,59.86000061035156,59.86000061035156,1095000
2004-06-03,59.86000061035156,59.86000061035156,59.0,59.060001373291016,59.060001373291016,565000
2004-06-04,59.060001373291016,59.84000015258789,59.060001373291016,59.58000183105469,59.58000183105469,275000
2004-06-07,59.7400016784668,59.959999084472656,59.63999938964844,59.880001068115234,59.880001068115234,480000
2004-06-08,59.939998626708984,59.939998626708984,59.5,59.7599983215332,59.7599983215332,510000
2004-06-09,59.959999084472656,59.959999084472656,59.040000915527344,59.79999923706055,59.79999923706055,615000
2004-06-10,59.79999923706055,59.79999923706055,59.58000183105469,59.70000076293945,59.70000076293945,265000
2004-06-14,59.70000076293945,59.70000076293945,59.099998474121094,59.2400016784668,59.2400016784668,320000
2004-06-15,59.400001525878906,59.5,59.20000076293945,59.400001525878906,59.400001525878906,310000
2004-06-16,59.400001525878906,59.70000076293945,58.810001373291016,58.900001525878906,58.900001525878906,465000
2004-06-17,58.900001525878906,58.900001525878906,58.279998779296875,58.779998779296875,58.779998779296875,460000
2004-06-18,58.599998474121094,58.720001220703125,58.02000045776367,58.20000076293945,58.20000076293945,460000
2004-06-21,58.20000076293945,58.20000076293945,57.52000045776367,57.959999084472656,57.959999084472656,635000
2004-06-22,57.84000015258789,58.20000076293945,57.47999954223633,57.47999954223633,57.47999954223633,655000
2004-06-23,57.47999954223633,58.20000076293945,57.47999954223633,57.959999084472656,57.959999084472656,940000
2004-06-24,57.959999084472656,58.2400016784668,57.84000015258789,58.20000076293945,58.20000076293945,780000
2004-06-25,58.380001068115234,58.599998474121094,58.18000030517578,58.5,58.5,630000
2004-06-28,58.52000045776367,58.68000030517578,58.02000045776367,58.25,58.25,310000
2004-06-29,58.20000076293945,58.880001068115234,58.0,58.7599983215332,58.7599983215332,500000
2004-06-30,59.060001373291016,59.18000030517578,58.79999923706055,59.099998474121094,59.099998474121094,430000
2004-07-01,59.29999923706055,59.7599983215332,59.150001525878906,59.7599983215332,59.7599983215332,515000
2004-07-02,59.84000015258789,60.0,59.79999923706055,60.0,60.0,280000
2004-07-06,59.70000076293945,60.13999938964844,59.599998474121094,60.119998931884766,60.119998931884766,460000
2004-07-07,60.0,60.20000076293945,59.81999969482422,59.959999084472656,59.959999084472656,1115000
2004-07-08,60.040000915527344,60.400001525878906,59.97999954223633,60.0,60.0,355000
2004-07-09,59.91999816894531,60.099998474121094,59.79999923706055,59.91999816894531,59.91999816894531,335000
2004-07-12,59.97999954223633,60.15999984741211,59.84000015258789,60.119998931884766,60.119998931884766,350000
2004-07-13,60.36000061035156,60.47999954223633,60.220001220703125,60.459999084472656,60.459999084472656,355000
2004-07-14,60.47999954223633,60.52000045776367,59.900001525878906,60.060001373291016,60.060001373291016,540000
2004-07-15,60.2400016784668,60.2400016784668,60.02000045776367,60.16999816894531,60.16999816894531,385000
2004-07-16,60.31999969482422,60.5,60.2400016784668,60.41999816894531,60.41999816894531,485000
2004-07-19,60.41999816894531,60.47999954223633,60.20000076293945,60.33000183105469,60.33000183105469,420000
2004-07-20,60.119998931884766,60.13999938964844,59.91999816894531,59.91999816894531,59.91999816894531,600000
2004-07-21,60.0,60.08000183105469,59.20000076293945,59.880001068115234,59.880001068115234,735000
2004-07-22,59.81999969482422,59.81999969482422,58.220001220703125,59.09000015258789,59.09000015258789,1105000
2004-07-23,59.31999969482422,59.31999969482422,58.540000915527344,58.81999969482422,58.81999969482422,1160000
2004-07-26,58.779998779296875,58.779998779296875,58.08000183105469,58.08000183105469,58.08000183105469,425000
2004-07-27,58.20000076293945,58.779998779296875,58.13999938964844,58.220001220703125,58.220001220703125,675000
2004-07-28,58.02000045776367,58.25,57.619998931884766,57.97999954223633,57.97999954223633,530000
2004-07-29,57.97999954223633,58.599998474121094,57.720001220703125,58.599998474121094,58.599998474121094,595000
2004-07-30,58.099998474121094,58.130001068115234,57.880001068115234,57.880001068115234,57.880001068115234,385000
2004-08-02,57.599998474121094,58.0,57.220001220703125,58.0,58.0,515000
2004-08-03,57.81999969482422,57.84000015258789,57.13999938964844,57.459999084472656,57.459999084472656,485000
2004-08-04,57.31999969482422,57.31999969482422,56.86000061035156,56.86000061035156,56.86000061035156,795000
2004-08-05,57.0,57.15999984741211,56.70000076293945,57.02000045776367,57.02000045776367,495000
2004-08-06,57.13999938964844,57.31999969482422,56.79999923706055,57.130001068115234,57.130001068115234,450000
2004-08-09,56.52000045776367,56.79999923706055,55.7599983215332,55.79999923706055,55.79999923706055,1410000
2004-08-10,55.7400016784668,57.540000915527344,55.63999938964844,57.400001525878906,57.400001525878906,775000
2004-08-11,57.400001525878906,57.400001525878906,56.439998626708984,56.900001525878906,56.900001525878906,340000
2004-08-12,57.0,57.13999938964844,56.5,56.619998931884766,56.619998931884766,530000
2004-08-13,56.79999923706055,56.91999816894531,56.52000045776367,56.599998474121094,56.599998474121094,365000
2004-08-16,56.86000061035156,56.9900016784668,56.58000183105469,56.63999938964844,56.63999938964844,350000
2004-08-17,56.79999923706055,58.08000183105469,56.7599983215332,57.619998931884766,57.619998931884766,465000
2004-08-18,57.619998931884766,57.79999923706055,57.41999816894531,57.65999984741211,57.65999984741211,380000
2004-08-19,57.65999984741211,57.869998931884766,57.560001373291016,57.619998931884766,57.619998931884766,250000
2004-08-20,57.79999923706055,57.959999084472656,57.70000076293945,57.880001068115234,57.880001068115234,155000
2004-08-23,57.79999923706055,57.79999923706055,57.15999984741211,57.31999969482422,57.31999969482422,600000
2004-08-24,57.720001220703125,57.7599983215332,56.5,56.599998474121094,56.599998474121094,630000
2004-08-25,56.599998474121094,57.7599983215332,56.5,57.439998626708984,57.439998626708984,520000
2004-08-26,57.36000061035156,57.439998626708984,57.13999938964844,57.400001525878906,57.400001525878906,480000
2004-08-27,57.400001525878906,57.81999969482422,57.20000076293945,57.41999816894531,57.41999816894531,315000
2004-08-30,57.41999816894531,57.41999816894531,57.18000030517578,57.349998474121094,57.349998474121094,260000
2004-08-31,57.31999969482422,57.880001068115234,57.279998779296875,57.880001068115234,57.880001068115234,245000
2004-09-01,57.900001525878906,57.900001525878906,57.439998626708984,57.439998626708984,57.439998626708984,220000
2004-09-02,57.459999084472656,57.720001220703125,57.31999969482422,57.63999938964844,57.63999938964844,410000
2004-09-03,57.63999938964844,57.63999938964844,57.34000015258789,57.380001068115234,57.380001068115234,390000
2004-09-07,57.7599983215332,57.959999084472656,57.619998931884766,57.779998779296875,57.779998779296875,355000
2004-09-08,57.720001220703125,58.279998779296875,57.720001220703125,57.97999954223633,57.97999954223633,480000
2004-09-09,57.86000061035156,57.880001068115234,57.400001525878906,57.63999938964844,57.63999938964844,405000
2004-09-10,57.68000030517578,57.68000030517578,57.36000061035156,57.439998626708984,57.439998626708984,490000
2004-09-13,57.599998474121094,57.7599983215332,57.400001525878906,57.400001525878906,57.400001525878906,240000
2004-09-14,57.5,57.619998931884766,57.400001525878906,57.619998931884766,57.619998931884766,225000
2004-09-15,57.560001373291016,57.560001373291016,57.400001525878906,57.459999084472656,57.459999084472656,580000
2004-09-16,57.560001373291016,57.560001373291016,57.41999816894531,57.43000030517578,57.43000030517578,175000
2004-09-17,57.41999816894531,57.58000183105469,57.400001525878906,57.41999816894531,57.41999816894531,265000
2004-09-20,57.41999816894531,57.459999084472656,57.400001525878906,57.439998626708984,57.439998626708984,530000
2004-09-21,57.52000045776367,57.900001525878906,57.5,57.63999938964844,57.63999938964844,330000
2004-09-22,57.720001220703125,58.119998931884766,57.52000045776367,58.0,58.0,780000
2004-09-23,58.060001373291016,58.380001068115234,57.959999084472656,58.18000030517578,58.18000030517578,575000
2004-09-24,58.20000076293945,58.34000015258789,57.599998474121094,57.619998931884766,57.619998931884766,405000
2004-09-27,57.20000076293945,57.540000915527344,57.20000076293945,57.43000030517578,57.43000030517578,510000
2004-09-28,57.439998626708984,57.68000030517578,57.40999984741211,57.560001373291016,57.560001373291016,775000
2004-09-29,57.5,57.599998474121094,57.40999984741211,57.470001220703125,57.470001220703125,420000
2004-09-30,57.41999816894531,57.47999954223633,57.400001525878906,57.41999816894531,57.41999816894531,565000
2004-10-01,57.599998474121094,57.599998474121094,56.79999923706055,56.79999923706055,56.79999923706055,835000
2004-10-04,56.79999923706055,57.34000015258789,56.52000045776367,56.7599983215332,56.7599983215332,565000
2004-10-05,56.79999923706055,57.13999938964844,56.779998779296875,57.060001373291016,57.060001373291016,540000
2004-10-06,57.15999984741211,57.29999923706055,56.720001220703125,56.81999969482422,56.81999969482422,1175000
2004-10-07,56.79999923706055,57.0,56.720001220703125,56.720001220703125,56.720001220703125,615000
2004-10-08,56.68000030517578,57.04999923706055,56.619998931884766,56.79999923706055,56.79999923706055,605000
2004-10-11,56.7599983215332,56.900001525878906,56.70000076293945,56.79999923706055,56.79999923706055,270000
2004-10-12,56.779998779296875,56.91999816894531,56.7599983215332,56.880001068115234,56.880001068115234,405000
2004-10-13,56.86000061035156,56.900001525878906,56.7599983215332,56.810001373291016,56.810001373291016,390000
2004-10-14,56.790000915527344,56.84000015258789,55.900001525878906,56.20000076293945,56.20000076293945,1060000
2004-10-15,56.099998474121094,57.47999954223633,55.70000076293945,56.7400016784668,56.7400016784668,1335000
2004-10-18,57.0,57.0,56.400001525878906,56.84000015258789,56.84000015258789,375000
2004-10-19,56.84000015258789,56.880001068115234,56.02000045776367,56.29999923706055,56.29999923706055,850000
2004-10-20,56.220001220703125,56.279998779296875,55.880001068115234,55.900001525878906,55.900001525878906,530000
2004-10-21,55.900001525878906,56.119998931884766,54.31999969482422,54.34000015258789,54.34000015258789,1415000
2004-10-22,54.2400016784668,54.97999954223633,53.70000076293945,54.2400016784668,54.2400016784668,1235000
2004-10-25,54.0,54.119998931884766,53.7400016784668,54.060001373291016,54.060001373291016,835000
2004-10-26,54.220001220703125,56.279998779296875,54.20000076293945,56.279998779296875,56.279998779296875,725000
2004-10-27,56.20000076293945,56.439998626708984,55.400001525878906,55.97999954223633,55.97999954223633,490000
2004-10-28,55.70000076293945,56.400001525878906,55.599998474121094,55.84000015258789,55.84000015258789,365000
2004-10-29,55.68000030517578,56.119998931884766,55.63999938964844,56.08000183105469,56.08000183105469,420000
2004-11-01,56.060001373291016,56.540000915527344,55.84000015258789,56.18000030517578,56.18000030517578,380000
2004-11-02,56.18000030517578,56.47999954223633,55.79999923706055,56.0,56.0,380000
2004-11-03,56.20000076293945,56.380001068115234,55.15999984741211,55.31999969482422,55.31999969482422,520000
2004-11-04,55.31999969482422,55.86000061035156,54.86000061035156,55.84000015258789,55.84000015258789,840000
2004-11-05,55.63999938964844,55.91999816894531,55.20000076293945,55.29999923706055,55.29999923706055,890000
2004-11-08,55.29999923706055,56.5,54.040000915527344,56.040000915527344,56.040000915527344,1410000
2004-11-09,56.02000045776367,56.70000076293945,56.02000045776367,56.63999938964844,56.63999938964844,705000
2004-11-10,56.619998931884766,56.619998931884766,56.400001525878906,56.5,56.5,545000
2004-11-11,56.5,56.779998779296875,56.279998779296875,56.380001068115234,56.380001068115234,440000
2004-11-12,55.599998474121094,55.720001220703125,55.02000045776367,55.220001220703125,55.220001220703125,1345000
2004-11-15,55.18000030517578,55.86000061035156,55.099998474121094,55.86000061035156,55.86000061035156,1200000
2004-11-16,55.5,56.79999923706055,55.5,56.720001220703125,56.720001220703125,790000
2004-11-17,56.70000076293945,57.459999084472656,56.619998931884766,57.220001220703125,57.220001220703125,555000
2004-11-18,57.099998474121094,57.380001068115234,56.720001220703125,56.779998779296875,56.779998779296875,560000
2004-11-19,56.70000076293945,56.91999816894531,56.08000183105469,56.900001525878906,56.900001525878906,370000
2004-11-22,56.619998931884766,56.68000030517578,55.41999816894531,55.779998779296875,55.779998779296875,800000
2004-11-23,55.959999084472656,55.97999954223633,55.41999816894531,55.79999923706055,55.79999923706055,515000
2004-11-24,55.79999923706055,56.0,55.560001373291016,56.0,56.0,420000
2004-11-26,55.97999954223633,56.439998626708984,55.86000061035156,56.060001373291016,56.060001373291016,325000
2004-11-29,56.0,56.279998779296875,55.599998474121094,55.97999954223633,55.97999954223633,355000
2004-11-30,55.79999923706055,56.0,55.540000915527344,55.599998474121094,55.599998474121094,615000
2004-12-01,55.599998474121094,55.97999954223633,55.599998474121094,55.77000045776367,55.77000045776367,585000
2004-12-02,55.599998474121094,56.380001068115234,55.599998474121094,56.29999923706055,56.29999923706055,750000
2004-12-03,56.2400016784668,57.18000030517578,56.2400016784668,56.560001373291016,56.560001373291016,715000
2004-12-06,56.400001525878906,56.5,55.91999816894531,55.97999954223633,55.97999954223633,720000
2004-12-07,55.79999923706055,56.380001068115234,55.79999923706055,56.02000045776367,56.02000045776367,450000
2004-12-08,55.900001525878906,56.400001525878906,55.84000015258789,56.34000015258789,56.34000015258789,355000
2004-12-09,56.20000076293945,56.2400016784668,55.91999816894531,56.040000915527344,56.040000915527344,380000
2004-12-10,56.0,56.0,55.560001373291016,55.84000015258789,55.84000015258789,720000
2004-12-13,55.63999938964844,55.900001525878906,55.52000045776367,55.81999969482422,55.81999969482422,955000
2004-12-14,55.63999938964844,56.040000915527344,55.599998474121094,56.040000915527344,56.040000915527344,485000
2004-12-15,56.02000045776367,56.63999938964844,56.0,56.599998474121094,56.599998474121094,555000
2004-12-16,56.599998474121094,57.279998779296875,56.599998474121094,57.209999084472656,57.209999084472656,1015000
2004-12-17,57.099998474121094,57.439998626708984,57.02000045776367,57.2400016784668,57.2400016784668,575000
2004-12-20,57.15999984741211,57.5,57.099998474121094,57.47999954223633,57.47999954223633,485000
2004-12-21,57.70000076293945,58.15999984741211,57.70000076293945,58.119998931884766,58.119998931884766,900000
2004-12-22,58.5,59.880001068115234,58.439998626708984,59.45000076293945,59.45000076293945,1030000
2004-12-23,59.65999984741211,59.68000030517578,59.29999923706055,59.380001068115234,59.380001068115234,330000
2004-12-27,59.20000076293945,59.20000076293945,58.63999938964844,58.7400016784668,58.7400016784668,435000
2004-12-28,58.20000076293945,59.13999938964844,58.20000076293945,59.08000183105469,59.08000183105469,485000
2004-12-29,59.2599983215332,59.7400016784668,59.13999938964844,59.29999923706055,59.29999923706055,590000
2004-12-30,59.119998931884766,59.58000183105469,58.47999954223633,59.119998931884766,59.119998931884766,725000
2004-12-31,59.119998931884766,59.18000030517578,58.599998474121094,58.720001220703125,58.720001220703125,380000
2005-01-03,58.720001220703125,58.720001220703125,57.79999923706055,57.97999954223633,57.97999954223633,690000
2005-01-04,57.959999084472656,58.15999984741211,56.81999969482422,57.099998474121094,57.099998474121094,825000
2005-01-05,57.0,57.220001220703125,56.84000015258789,57.20000076293945,57.20000076293945,1490000
2005-01-06,57.20000076293945,57.5,57.060001373291016,57.47999954223633,57.47999954223633,875000
2005-01-07,57.52000045776367,58.5,57.31999969482422,58.380001068115234,58.380001068115234,705000
2005-01-10,58.0,58.52000045776367,57.599998474121094,58.52000045776367,58.52000045776367,515000
2005-01-11,58.5,58.5,57.5,57.529998779296875,57.529998779296875,605000
2005-01-12,57.68000030517578,58.0,57.209999084472656,57.52000045776367,57.52000045776367,420000
2005-01-13,57.5,57.560001373291016,57.220001220703125,57.400001525878906,57.400001525878906,300000
2005-01-14,57.65999984741211,57.68000030517578,57.20000076293945,57.27000045776367,57.27000045776367,410000
2005-01-18,57.52000045776367,58.02000045776367,57.31999969482422,57.79999923706055,57.79999923706055,910000
2005-01-19,57.79999923706055,58.36000061035156,57.63999938964844,57.779998779296875,57.779998779296875,545000
2005-01-20,58.31999969482422,58.5,58.02000045776367,58.36000061035156,58.36000061035156,775000
2005-01-21,58.720001220703125,60.2400016784668,58.599998474121094,60.09000015258789,60.09000015258789,1595000
2005-01-24,60.0,60.08000183105469,59.86000061035156,60.0,60.0,605000
2005-01-25,60.0,60.0099983215332,59.29999923706055,59.70000076293945,59.70000076293945,810000
2005-01-26,59.70000076293945,59.70000076293945,59.2599983215332,59.279998779296875,59.279998779296875,520000
2005-01-27,59.400001525878906,59.5,58.65999984741211,58.84000015258789,58.84000015258789,400000
2005-01-28,59.20000076293945,60.060001373291016,59.08000183105469,60.0,60.0,1600000
2005-01-31,60.0,60.119998931884766,59.400001525878906,59.880001068115234,59.880001068115234,715000
2005-02-01,59.939998626708984,60.439998626708984,59.86000061035156,60.34000015258789,60.34000015258789,560000
2005-02-02,60.29999923706055,60.47999954223633,60.0,60.08000183105469,60.08000183105469,675000
2005-02-03,60.279998779296875,60.279998779296875,59.880001068115234,60.08000183105469,60.08000183105469,530000
2005-02-04,60.0,60.4900016784668,59.65999984741211,60.4900016784668,60.4900016784668,460000
2005-02-07,60.4900016784668,60.91999816894531,60.31999969482422,60.86000061035156,60.86000061035156,890000
2005-02-08,60.70000076293945,60.86000061035156,60.15999984741211,60.720001220703125,60.720001220703125,545000
2005-02-09,60.7599983215332,60.86000061035156,60.40999984741211,60.65999984741211,60.65999984741211,440000
2005-02-10,60.619998931884766,60.7400016784668,60.439998626708984,60.599998474121094,60.599998474121094,565000
2005-02-11,60.5,61.34000015258789,60.5,61.15999984741211,61.15999984741211,980000
2005-02-14,61.279998779296875,61.279998779296875,60.84000015258789,60.84000015258789,60.84000015258789,350000
2005-02-15,60.84000015258789,61.15999984741211,60.619998931884766,60.619998931884766,60.619998931884766,365000
2005-02-16,60.63999938964844,60.70000076293945,60.040000915527344,60.459999084472656,60.459999084472656,580000
2005-02-17,60.20000076293945,60.34000015258789,60.060001373291016,60.2400016784668,60.2400016784668,435000
2005-02-18,60.20000076293945,60.20000076293945,59.84000015258789,60.04999923706055,60.04999923706055,520000
2005-02-22,59.81999969482422,60.70000076293945,59.79999923706055,60.08000183105469,60.08000183105469,640000
2005-02-23,60.33000183105469,60.79999923706055,60.20000076293945,60.68000030517578,60.68000030517578,400000
2005-02-24,60.7400016784668,60.7400016784668,60.0,60.2400016784668,60.2400016784668,695000
2005-02-25,60.0,60.459999084472656,59.939998626708984,60.31999969482422,60.31999969482422,390000
2005-02-28,60.2400016784668,60.36000061035156,60.099998474121094,60.29999923706055,60.29999923706055,490000
2005-03-01,60.31999969482422,60.70000076293945,60.2400016784668,60.41999816894531,60.41999816894531,405000
2005-03-02,60.31999969482422,60.380001068115234,60.040000915527344,60.08000183105469,60.08000183105469,480000
2005-03-03,60.02000045776367,60.29999923706055,59.279998779296875,59.52000045776367,59.52000045776367,945000
2005-03-04,59.70000076293945,59.84000015258789,59.20000076293945,59.58000183105469,59.58000183105469,1100000
2005-03-07,59.79999923706055,60.34000015258789,59.36000061035156,60.02000045776367,60.02000045776367,1105000
2005-03-08,60.04999923706055,60.41999816894531,59.86000061035156,60.220001220703125,60.220001220703125,710000
2005-03-09,60.0,60.70000076293945,60.0,60.5,60.5,890000
2005-03-10,60.36000061035156,60.459999084472656,60.02000045776367,60.13999938964844,60.13999938964844,650000
2005-03-11,60.2400016784668,60.36000061035156,60.0,60.02000045776367,60.02000045776367,735000
2005-03-14,60.31999969482422,60.31999969482422,60.02000045776367,60.119998931884766,60.119998931884766,300000
2005-03-15,60.2400016784668,60.29999923706055,59.560001373291016,59.560001373291016,59.560001373291016,795000
2005-03-16,59.400001525878906,59.400001525878906,57.2599983215332,57.36000061035156,57.36000061035156,2390000
2005-03-17,57.400001525878906,59.36000061035156,57.400001525878906,58.65999984741211,58.65999984741211,1580000
2005-03-18,58.880001068115234,58.959999084472656,58.15999984741211,58.369998931884766,58.369998931884766,475000
2005-03-21,58.36000061035156,58.79999923706055,58.02000045776367,58.02000045776367,58.02000045776367,675000
2005-03-22,58.0,58.0,57.41999816894531,57.70000076293945,57.70000076293945,705000
2005-03-23,57.459999084472656,57.58000183105469,57.20000076293945,57.20000076293945,57.20000076293945,940000
2005-03-24,57.29999923706055,58.119998931884766,57.290000915527344,57.900001525878906,57.900001525878906,660000
2005-03-28,58.0,58.0,57.099998474121094,57.400001525878906,57.400001525878906,920000
2005-03-29,56.79999923706055,57.52000045776367,56.099998474121094,57.279998779296875,57.279998779296875,2465000
2005-03-30,57.2599983215332,58.15999984741211,57.18000030517578,57.7599983215332,57.7599983215332,1480000
2005-03-31,57.65999984741211,57.70000076293945,56.959999084472656,57.119998931884766,57.119998931884766,995000
2005-04-01,56.900001525878906,57.31999969482422,56.20000076293945,56.29999923706055,56.29999923706055,1145000
2005-04-04,57.20000076293945,57.81999969482422,56.70000076293945,57.70000076293945,57.70000076293945,1370000
2005-04-05,57.86000061035156,58.599998474121094,57.86000061035156,58.41999816894531,58.41999816894531,710000
2005-04-06,58.5,58.959999084472656,58.20000076293945,58.47999954223633,58.47999954223633,530000
2005-04-07,58.400001525878906,58.58000183105469,57.81999969482422,58.04999923706055,58.04999923706055,415000
2005-04-08,57.900001525878906,57.97999954223633,57.52000045776367,57.650001525878906,57.650001525878906,480000
2005-04-11,57.400001525878906,58.52000045776367,57.400001525878906,58.29999923706055,58.29999923706055,895000
2005-04-12,58.439998626708984,58.63999938964844,58.15999984741211,58.36000061035156,58.36000061035156,1025000
2005-04-13,58.34000015258789,58.560001373291016,57.400001525878906,57.709999084472656,57.709999084472656,725000
2005-04-14,57.560001373291016,57.599998474121094,57.099998474121094,57.220001220703125,57.220001220703125,515000
2005-04-15,56.900001525878906,57.7599983215332,56.65999984741211,56.939998626708984,56.939998626708984,1190000
2005-04-18,57.2400016784668,57.560001373291016,56.2400016784668,56.47999954223633,56.47999954223633,1280000
2005-04-19,56.79999923706055,57.099998474121094,56.20000076293945,56.47999954223633,56.47999954223633,720000
2005-04-20,56.47999954223633,56.47999954223633,55.20000076293945,55.209999084472656,55.209999084472656,1470000
2005-04-21,56.20000076293945,56.29999923706055,55.720001220703125,55.959999084472656,55.959999084472656,1410000
2005-04-22,55.959999084472656,56.099998474121094,54.84000015258789,54.86000061035156,54.86000061035156,1240000
2005-04-25,55.20000076293945,55.779998779296875,54.880001068115234,55.060001373291016,55.060001373291016,1285000
2005-04-26,55.52000045776367,55.52000045776367,55.0,55.02000045776367,55.02000045776367,810000
2005-04-27,54.97999954223633,55.08000183105469,54.65999984741211,54.869998931884766,54.869998931884766,935000
2005-04-28,54.68000030517578,56.779998779296875,54.68000030517578,55.79999923706055,55.79999923706055,1255000
2005-04-29,55.86000061035156,56.5,55.86000061035156,55.959999084472656,55.959999084472656,885000
2005-05-02,56.65999984741211,57.599998474121094,56.400001525878906,56.599998474121094,56.599998474121094,1210000
2005-05-03,56.599998474121094,56.7599983215332,56.02000045776367,56.2599983215332,56.2599983215332,605000
2005-05-04,56.599998474121094,56.779998779296875,56.2599983215332,56.65999984741211,56.65999984741211,1100000
2005-05-05,56.65999984741211,56.65999984741211,56.15999984741211,56.220001220703125,56.220001220703125,545000
2005-05-06,56.099998474121094,56.31999969482422,55.70000076293945,55.91999816894531,55.91999816894531,590000
2005-05-09,56.2400016784668,56.29999923706055,55.52000045776367,55.52000045776367,55.52000045776367,435000
2005-05-10,55.900001525878906,55.900001525878906,55.060001373291016,55.2400016784668,55.2400016784668,590000
2005-05-11,55.70000076293945,55.720001220703125,55.099998474121094,55.34000015258789,55.34000015258789,335000
2005-05-12,55.29999923706055,55.68000030517578,55.2400016784668,55.47999954223633,55.47999954223633,375000
2005-05-13,55.29999923706055,55.599998474121094,55.2599983215332,55.34000015258789,55.34000015258789,405000
2005-05-16,55.47999954223633,55.47999954223633,55.02000045776367,55.040000915527344,55.040000915527344,435000
2005-05-17,55.060001373291016,55.220001220703125,55.0,55.099998474121094,55.099998474121094,480000
2005-05-18,55.2599983215332,55.31999969482422,55.040000915527344,55.2400016784668,55.2400016784668,450000
2005-05-19,55.20000076293945,56.15999984741211,55.16999816894531,55.86000061035156,55.86000061035156,555000
2005-05-20,55.939998626708984,56.099998474121094,55.70000076293945,56.04999923706055,56.04999923706055,845000
2005-05-23,56.34000015258789,56.34000015258789,55.52000045776367,55.619998931884766,55.619998931884766,765000
2005-05-24,55.79999923706055,57.18000030517578,55.79999923706055,57.18000030517578,57.18000030517578,890000
2005-05-25,57.20000076293945,57.20000076293945,56.7599983215332,56.900001525878906,56.900001525878906,805000
2005-05-26,56.900001525878906,57.0,56.2599983215332,56.41999816894531,56.41999816894531,490000
2005-05-27,56.2400016784668,56.91999816894531,56.2400016784668,56.79999923706055,56.79999923706055,440000
2005-05-31,56.86000061035156,57.099998474121094,56.13999938964844,56.20000076293945,56.20000076293945,435000
2005-06-01,56.459999084472656,56.459999084472656,56.18000030517578,56.18000030517578,56.18000030517578,350000
2005-06-02,56.20000076293945,56.29999923706055,56.0,56.15999984741211,56.15999984741211,330000
2005-06-03,56.040000915527344,56.13999938964844,55.7400016784668,55.81999969482422,55.81999969482422,540000
2005-06-06,55.599998474121094,55.97999954223633,55.29999923706055,55.540000915527344,55.540000915527344,560000
2005-06-07,55.52000045776367,55.7599983215332,55.41999816894531,55.459999084472656,55.459999084472656,390000
2005-06-08,55.65999984741211,55.65999984741211,55.220001220703125,55.31999969482422,55.31999969482422,375000
2005-06-09,55.459999084472656,55.65999984741211,55.31999969482422,55.400001525878906,55.400001525878906,310000
2005-06-10,55.2599983215332,55.79999923706055,55.2599983215332,55.400001525878906,55.400001525878906,385000
2005-06-13,55.79999923706055,56.09000015258789,55.63999938964844,55.7599983215332,55.7599983215332,505000
2005-06-14,56.2400016784668,56.2400016784668,55.9900016784668,56.20000076293945,56.20000076293945,340000
2005-06-15,56.20000076293945,56.20000076293945,55.7400016784668,55.86000061035156,55.86000061035156,335000
2005-06-16,55.86000061035156,55.959999084472656,55.41999816894531,55.79999923706055,55.79999923706055,530000
2005-06-17,55.779998779296875,55.880001068115234,55.02000045776367,55.02000045776367,55.02000045776367,830000
2005-06-20,55.0,55.41999816894531,54.939998626708984,55.13999938964844,55.13999938964844,895000
2005-06-21,55.2599983215332,56.08000183105469,55.13999938964844,55.7400016784668,55.7400016784668,555000
2005-06-22,55.65999984741211,55.720001220703125,55.2599983215332,55.34000015258789,55.34000015258789,355000
2005-06-23,55.459999084472656,56.220001220703125,55.29999923706055,55.599998474121094,55.599998474121094,870000
2005-06-24,55.18000030517578,55.470001220703125,55.099998474121094,55.13999938964844,55.13999938964844,925000
2005-06-27,55.2400016784668,55.880001068115234,55.18000030517578,55.5,55.5,600000
2005-06-28,55.79999923706055,55.79999923706055,55.220001220703125,55.41999816894531,55.41999816894531,360000
2005-06-29,55.41999816894531,55.65999984741211,55.400001525878906,55.400001525878906,55.400001525878906,395000
2005-06-30,55.599998474121094,55.79999923706055,55.5,55.66999816894531,55.66999816894531,415000
2005-07-01,55.79999923706055,55.91999816894531,55.68000030517578,55.68000030517578,55.68000030517578,480000
2005-07-05,55.7400016784668,56.400001525878906,55.7400016784668,56.400001525878906,56.400001525878906,660000
2005-07-06,56.560001373291016,56.880001068115234,56.36000061035156,56.79999923706055,56.79999923706055,570000
2005-07-07,56.099998474121094,56.900001525878906,56.099998474121094,56.84000015258789,56.84000015258789,720000
2005-07-08,56.79999923706055,56.81999969482422,56.400001525878906,56.560001373291016,56.560001373291016,350000
2005-07-11,56.540000915527344,56.959999084472656,56.45000076293945,56.7400016784668,56.7400016784668,530000
2005-07-12,56.84000015258789,56.84000015258789,56.13999938964844,56.13999938964844,56.13999938964844,545000
2005-07-13,56.20000076293945,56.459999084472656,56.08000183105469,56.13999938964844,56.13999938964844,565000
2005-07-14,56.13999938964844,56.36000061035156,55.599998474121094,55.63999938964844,55.63999938964844,755000
2005-07-15,55.720001220703125,55.9900016784668,55.599998474121094,55.900001525878906,55.900001525878906,705000
2005-07-18,56.0,56.0,55.63999938964844,55.75,55.75,310000
2005-07-19,55.79999923706055,55.900001525878906,55.560001373291016,55.720001220703125,55.720001220703125,440000
2005-07-20,55.63999938964844,55.88999938964844,55.63999938964844,55.84000015258789,55.84000015258789,335000
2005-07-21,55.79999923706055,55.88999938964844,55.63999938964844,55.7400016784668,55.7400016784668,435000
2005-07-22,55.779998779296875,56.0,55.70000076293945,55.959999084472656,55.959999084472656,690000
2005-07-25,56.0,56.099998474121094,55.880001068115234,56.099998474121094,56.099998474121094,830000
2005-07-26,56.099998474121094,56.13999938964844,55.79999923706055,55.86000061035156,55.86000061035156,310000
2005-07-27,55.91999816894531,56.099998474121094,55.79999923706055,55.79999923706055,55.79999923706055,320000
2005-07-28,55.79999923706055,56.0,55.619998931884766,55.70000076293945,55.70000076293945,705000
2005-07-29,55.70000076293945,56.0,55.619998931884766,55.63999938964844,55.63999938964844,360000
2005-08-01,55.939998626708984,55.97999954223633,55.68000030517578,55.959999084472656,55.959999084472656,395000
2005-08-02,55.959999084472656,55.959999084472656,55.58000183105469,55.599998474121094,55.599998474121094,775000
2005-08-03,55.599998474121094,55.7400016784668,55.5,55.560001373291016,55.560001373291016,715000
2005-08-04,55.47999954223633,55.720001220703125,55.380001068115234,55.70000076293945,55.70000076293945,765000
2005-08-05,55.79999923706055,56.0,55.43000030517578,55.7400016784668,55.7400016784668,845000
2005-08-08,55.91999816894531,55.91999816894531,55.34000015258789,55.459999084472656,55.459999084472656,905000
2005-08-09,55.540000915527344,55.63999938964844,55.20000076293945,55.439998626708984,55.439998626708984,590000
2005-08-10,55.34000015258789,55.560001373291016,55.31999969482422,55.36000061035156,55.36000061035156,385000
2005-08-11,55.36000061035156,55.880001068115234,55.20000076293945,55.779998779296875,55.779998779296875,625000
2005-08-12,55.939998626708984,56.08000183105469,55.70000076293945,56.0,56.0,405000
2005-08-15,55.900001525878906,56.060001373291016,55.36000061035156,55.40999984741211,55.40999984741211,545000
2005-08-16,55.40999984741211,55.599998474121094,55.279998779296875,55.47999954223633,55.47999954223633,365000
2005-08-17,55.47999954223633,55.52000045776367,55.220001220703125,55.279998779296875,55.279998779296875,435000
2005-08-18,55.220001220703125,56.7400016784668,55.18000030517578,56.7400016784668,56.7400016784668,1575000
2005-08-19,56.119998931884766,56.7599983215332,56.119998931884766,56.599998474121094,56.599998474121094,650000
2005-08-22,56.560001373291016,56.560001373291016,56.20000076293945,56.400001525878906,56.400001525878906,485000
2005-08-23,56.5,56.599998474121094,56.36000061035156,56.400001525878906,56.400001525878906,470000
2005-08-24,56.279998779296875,56.31999969482422,56.0,56.13999938964844,56.13999938964844,815000
2005-08-25,56.060001373291016,56.119998931884766,55.79999923706055,55.810001373291016,55.810001373291016,495000
2005-08-26,55.7599983215332,55.86000061035156,55.36000061035156,55.439998626708984,55.439998626708984,460000
2005-08-29,55.20000076293945,55.599998474121094,55.0,55.41999816894531,55.41999816894531,845000
2005-08-30,55.36000061035156,55.47999954223633,55.11000061035156,55.15999984741211,55.15999984741211,500000
2005-08-31,55.08000183105469,55.52000045776367,55.0,55.52000045776367,55.52000045776367,650000
2005-09-01,55.36000061035156,55.439998626708984,55.0,55.060001373291016,55.060001373291016,840000
2005-09-02,55.02000045776367,55.36000061035156,55.0,55.119998931884766,55.119998931884766,680000
2005-09-06,55.13999938964844,56.31999969482422,55.13999938964844,55.63999938964844,55.63999938964844,780000
2005-09-07,55.70000076293945,56.0,55.65999984741211,55.939998626708984,55.939998626708984,560000
2005-09-08,55.939998626708984,56.2400016784668,55.79999923706055,56.15999984741211,56.15999984741211,690000
2005-09-09,56.0,56.099998474121094,55.79999923706055,55.84000015258789,55.84000015258789,720000
2005-09-12,55.65999984741211,55.77000045776367,55.220001220703125,55.369998931884766,55.369998931884766,605000
2005-09-13,55.29999923706055,55.400001525878906,55.0,55.290000915527344,55.290000915527344,735000
2005-09-14,55.290000915527344,55.540000915527344,55.040000915527344,55.15999984741211,55.15999984741211,910000
2005-09-15,55.0,55.20000076293945,54.7599983215332,54.939998626708984,54.939998626708984,875000
2005-09-16,54.939998626708984,55.34000015258789,54.47999954223633,54.5,54.5,1280000
2005-09-19,54.5,54.68000030517578,54.15999984741211,54.31999969482422,54.31999969482422,1385000
2005-09-20,54.36000061035156,54.560001373291016,54.20000076293945,54.2599983215332,54.2599983215332,1715000
2005-09-21,54.2400016784668,54.36000061035156,53.439998626708984,53.5,53.5,1475000
2005-09-22,53.2599983215332,54.18000030517578,52.2400016784668,53.86000061035156,53.86000061035156,2115000
2005-09-23,53.70000076293945,55.36000061035156,53.52000045776367,55.060001373291016,55.060001373291016,1285000
2005-09-26,55.459999084472656,55.83000183105469,54.619998931884766,54.900001525878906,54.900001525878906,710000
2005-09-27,54.959999084472656,55.040000915527344,54.7400016784668,54.880001068115234,54.880001068115234,515000
2005-09-28,54.7599983215332,54.97999954223633,54.41999816894531,54.52000045776367,54.52000045776367,520000
2005-09-29,54.36000061035156,54.380001068115234,54.060001373291016,54.13999938964844,54.13999938964844,685000
2005-09-30,54.040000915527344,54.79999923706055,53.720001220703125,54.619998931884766,54.619998931884766,920000
2005-10-03,54.619998931884766,54.900001525878906,54.560001373291016,54.720001220703125,54.720001220703125,425000
2005-10-04,54.720001220703125,55.0,54.599998474121094,54.91999816894531,54.91999816894531,355000
2005-10-05,54.959999084472656,55.439998626708984,54.79999923706055,55.2400016784668,55.2400016784668,500000
2005-10-06,55.15999984741211,55.279998779296875,54.84000015258789,55.0,55.0,540000
2005-10-07,55.060001373291016,55.54999923706055,54.81999969482422,54.959999084472656,54.959999084472656,470000
2005-10-10,54.959999084472656,55.5,54.959999084472656,55.400001525878906,55.400001525878906,695000
2005-10-11,55.599998474121094,55.70000076293945,55.31999969482422,55.400001525878906,55.400001525878906,845000
2005-10-12,55.2599983215332,55.970001220703125,55.2599983215332,55.959999084472656,55.959999084472656,980000
2005-10-13,55.5,55.84000015258789,55.34000015258789,55.599998474121094,55.599998474121094,615000
2005-10-14,55.47999954223633,55.7400016784668,55.02000045776367,55.7400016784668,55.7400016784668,620000
2005-10-17,55.70000076293945,55.900001525878906,55.459999084472656,55.810001373291016,55.810001373291016,540000
2005-10-18,55.86000061035156,55.900001525878906,55.5,55.79999923706055,55.79999923706055,475000
2005-10-19,55.599998474121094,55.939998626708984,55.119998931884766,55.7400016784668,55.7400016784668,870000
2005-10-20,55.63999938964844,55.7599983215332,55.34000015258789,55.63999938964844,55.63999938964844,570000
2005-10-21,55.84000015258789,55.86000061035156,55.68000030517578,55.779998779296875,55.779998779296875,730000
2005-10-24,56.0,56.5,56.0,56.220001220703125,56.220001220703125,895000
2005-10-25,56.2599983215332,56.599998474121094,56.0,56.599998474121094,56.599998474121094,650000
2005-10-26,56.599998474121094,56.599998474121094,55.77000045776367,56.18000030517578,56.18000030517578,545000
2005-10-27,56.08000183105469,56.08000183105469,55.560001373291016,56.08000183105469,56.08000183105469,590000
2005-10-28,56.08000183105469,56.400001525878906,55.7599983215332,55.97999954223633,55.97999954223633,415000
2005-10-31,55.900001525878906,56.34000015258789,55.86000061035156,56.29999923706055,56.29999923706055,575000
2005-11-01,56.29999923706055,56.86000061035156,56.220001220703125,56.68000030517578,56.68000030517578,1155000
2005-11-02,56.900001525878906,57.5,56.5,57.119998931884766,57.119998931884766,1530000
2005-11-03,57.400001525878906,58.70000076293945,57.29999923706055,58.70000076293945,58.70000076293945,1370000
2005-11-04,58.70000076293945,58.70000076293945,57.7599983215332,58.380001068115234,58.380001068115234,1115000
2005-11-07,58.380001068115234,59.86000061035156,57.79999923706055,59.540000915527344,59.540000915527344,2395000
2005-11-08,59.5,59.959999084472656,59.279998779296875,59.7400016784668,59.7400016784668,1120000
2005-11-09,59.63999938964844,59.779998779296875,59.400001525878906,59.70000076293945,59.70000076293945,410000
2005-11-10,59.560001373291016,59.68000030517578,59.31999969482422,59.63999938964844,59.63999938964844,375000
2005-11-11,59.70000076293945,60.060001373291016,59.52000045776367,59.70000076293945,59.70000076293945,690000
2005-11-14,59.70000076293945,59.86000061035156,59.2400016784668,59.400001525878906,59.400001525878906,375000
2005-11-15,59.279998779296875,59.5,59.15999984741211,59.20000076293945,59.20000076293945,380000
2005-11-16,59.060001373291016,59.13999938964844,58.220001220703125,58.380001068115234,58.380001068115234,635000
2005-11-17,58.439998626708984,59.20000076293945,58.29999923706055,59.18000030517578,59.18000030517578,905000
2005-11-18,59.02000045776367,59.47999954223633,59.0,59.13999938964844,59.13999938964844,405000
2005-11-21,58.79999923706055,58.939998626708984,58.08000183105469,58.220001220703125,58.220001220703125,595000
2005-11-22,58.400001525878906,58.400001525878906,57.15999984741211,57.900001525878906,57.900001525878906,955000
2005-11-23,58.099998474121094,58.970001220703125,57.959999084472656,58.400001525878906,58.400001525878906,1005000
2005-11-25,58.439998626708984,58.560001373291016,57.939998626708984,58.13999938964844,58.13999938964844,235000
2005-11-28,58.400001525878906,58.5099983215332,58.119998931884766,58.2400016784668,58.2400016784668,365000
2005-11-29,58.29999923706055,58.7599983215332,58.119998931884766,58.709999084472656,58.709999084472656,645000
2005-11-30,58.779998779296875,59.20000076293945,58.7599983215332,59.099998474121094,59.099998474121094,565000
2005-12-01,59.279998779296875,60.15999984741211,59.279998779296875,60.13999938964844,60.13999938964844,905000
2005-12-02,60.099998474121094,60.630001068115234,60.060001373291016,60.380001068115234,60.380001068115234,725000
2005-12-05,60.380001068115234,60.380001068115234,59.20000076293945,59.20000076293945,59.20000076293945,745000
2005-12-06,59.70000076293945,59.880001068115234,59.29999923706055,59.79999923706055,59.79999923706055,485000
2005-12-07,59.70000076293945,59.81999969482422,59.279998779296875,59.70000076293945,59.70000076293945,615000
2005-12-08,59.70000076293945,59.70000076293945,59.20000076293945,59.599998474121094,59.599998474121094,455000
2005-12-09,59.58000183105469,59.720001220703125,59.41999816894531,59.63999938964844,59.63999938964844,475000
2005-12-12,59.7400016784668,59.79999923706055,59.5,59.5,59.5,450000
2005-12-13,59.5,59.68000030517578,59.20000076293945,59.400001525878906,59.400001525878906,285000
2005-12-14,59.400001525878906,59.599998474121094,59.099998474121094,59.13999938964844,59.13999938964844,375000
2005-12-15,59.2599983215332,59.52000045776367,59.040000915527344,59.040000915527344,59.040000915527344,445000
2005-12-16,59.15999984741211,59.5,59.02000045776367,59.47999954223633,59.47999954223633,305000
2005-12-19,59.31999969482422,59.439998626708984,59.08000183105469,59.08000183105469,59.08000183105469,320000
2005-12-20,59.040000915527344,59.20000076293945,58.83000183105469,58.95000076293945,58.95000076293945,530000
2005-12-21,58.900001525878906,59.20000076293945,58.84000015258789,59.060001373291016,59.060001373291016,640000
2005-12-22,59.060001373291016,59.13999938964844,58.7599983215332,58.880001068115234,58.880001068115234,545000
2005-12-23,58.86000061035156,59.15999984741211,58.86000061035156,59.060001373291016,59.060001373291016,400000
2005-12-27,59.18000030517578,59.18000030517578,58.720001220703125,58.880001068115234,58.880001068115234,385000
2005-12-28,58.79999923706055,58.91999816894531,58.599998474121094,58.709999084472656,58.709999084472656,295000
2005-12-29,58.720001220703125,58.97999954223633,58.720001220703125,58.97999954223633,58.97999954223633,300000
2005-12-30,59.0,59.02000045776367,58.58000183105469,58.709999084472656,58.709999084472656,355000
2006-01-03,58.5,59.29999923706055,58.41999816894531,59.29999923706055,59.29999923706055,720000
2006-01-04,59.2599983215332,59.97999954223633,59.2599983215332,59.34000015258789,59.34000015258789,620000
2006-01-05,59.2599983215332,59.47999954223633,59.08000183105469,59.20000076293945,59.20000076293945,565000
2006-01-06,59.36000061035156,59.599998474121094,59.220001220703125,59.400001525878906,59.400001525878906,540000
2006-01-09,59.20000076293945,59.63999938964844,59.02000045776367,59.58000183105469,59.58000183105469,610000
2006-01-10,59.400001525878906,59.599998474121094,59.29999923706055,59.400001525878906,59.400001525878906,425000
2006-01-11,59.400001525878906,59.63999938964844,59.08000183105469,59.279998779296875,59.279998779296875,620000
2006-01-12,59.099998474121094,59.29999923706055,58.779998779296875,58.900001525878906,58.900001525878906,725000
2006-01-13,58.900001525878906,59.2400016784668,58.81999969482422,59.040000915527344,59.040000915527344,585000
2006-01-17,59.0,59.0,58.599998474121094,58.86000061035156,58.86000061035156,510000
2006-01-18,58.68000030517578,59.29999923706055,58.68000030517578,59.279998779296875,59.279998779296875,685000
2006-01-19,59.5,59.7599983215332,59.119998931884766,59.27000045776367,59.27000045776367,835000
2006-01-20,59.279998779296875,59.36000061035156,58.79999923706055,58.84000015258789,58.84000015258789,485000
2006-01-23,58.79999923706055,59.18000030517578,58.70000076293945,58.790000915527344,58.790000915527344,385000
2006-01-24,58.779998779296875,59.119998931884766,58.779998779296875,58.959999084472656,58.959999084472656,570000
2006-01-25,58.91999816894531,59.29999923706055,58.779998779296875,59.29999923706055,59.29999923706055,635000
2006-01-26,59.20000076293945,59.20000076293945,58.7400016784668,58.81999969482422,58.81999969482422,530000
2006-01-27,58.91999816894531,59.0,58.599998474121094,58.7599983215332,58.7599983215332,645000
2006-01-30,58.7599983215332,58.900001525878906,58.560001373291016,58.560001373291016,58.560001373291016,460000
2006-01-31,58.70000076293945,58.779998779296875,58.220001220703125,58.63999938964844,58.63999938964844,730000
2006-02-01,58.400001525878906,58.52000045776367,58.15999984741211,58.29999923706055,58.29999923706055,600000
2006-02-02,58.29999923706055,58.36000061035156,57.91999816894531,58.13999938964844,58.13999938964844,535000
2006-02-03,58.20000076293945,58.20000076293945,57.70000076293945,57.84000015258789,57.84000015258789,550000
2006-02-06,57.619998931884766,57.84000015258789,57.52000045776367,57.70000076293945,57.70000076293945,435000
2006-02-07,57.540000915527344,57.79999923706055,57.220001220703125,57.529998779296875,57.529998779296875,380000
2006-02-08,57.58000183105469,57.90999984741211,57.400001525878906,57.84000015258789,57.84000015258789,460000
2006-02-09,57.900001525878906,58.099998474121094,57.81999969482422,57.81999969482422,57.81999969482422,355000
2006-02-10,57.91999816894531,58.2599983215332,57.79999923706055,57.91999816894531,57.91999816894531,475000
2006-02-13,58.119998931884766,58.34000015258789,57.970001220703125,58.34000015258789,58.34000015258789,410000
2006-02-14,58.34000015258789,58.599998474121094,58.119998931884766,58.540000915527344,58.540000915527344,530000
2006-02-15,58.540000915527344,58.599998474121094,58.15999984741211,58.29999923706055,58.29999923706055,520000
2006-02-16,58.20000076293945,58.34000015258789,57.900001525878906,58.099998474121094,58.099998474121094,400000
2006-02-17,57.939998626708984,58.15999984741211,57.84000015258789,58.0,58.0,395000
2006-02-21,58.0,58.09000015258789,57.65999984741211,57.68000030517578,57.68000030517578,485000
2006-02-22,57.20000076293945,57.939998626708984,57.20000076293945,57.63999938964844,57.63999938964844,835000
2006-02-23,57.70000076293945,57.81999969482422,57.5,57.619998931884766,57.619998931884766,550000
2006-02-24,57.7599983215332,57.7599983215332,57.41999816894531,57.58000183105469,57.58000183105469,430000
2006-02-27,57.400001525878906,58.150001525878906,57.400001525878906,57.939998626708984,57.939998626708984,785000
2006-02-28,58.099998474121094,58.099998474121094,57.20000076293945,57.7599983215332,57.7599983215332,670000
2006-03-01,57.84000015258789,58.02000045776367,57.560001373291016,57.83000183105469,57.83000183105469,715000
2006-03-02,57.7400016784668,57.97999954223633,57.68000030517578,57.86000061035156,57.86000061035156,365000
2006-03-03,57.900001525878906,58.41999816894531,57.79999923706055,58.22999954223633,58.22999954223633,500000
2006-03-06,58.560001373291016,58.900001525878906,58.400001525878906,58.77000045776367,58.77000045776367,980000
2006-03-07,58.68000030517578,58.939998626708984,58.470001220703125,58.79999923706055,58.79999923706055,1120000
2006-03-08,58.880001068115234,59.18000030517578,58.68000030517578,59.15999984741211,59.15999984741211,790000
2006-03-09,59.400001525878906,59.84000015258789,59.2400016784668,59.630001068115234,59.630001068115234,1555000
2006-03-10,59.65999984741211,60.0,59.630001068115234,59.900001525878906,59.900001525878906,1815000
2006-03-13,59.900001525878906,60.2400016784668,59.900001525878906,60.099998474121094,60.099998474121094,765000
2006-03-14,59.959999084472656,60.08000183105469,59.599998474121094,59.619998931884766,59.619998931884766,1000000
2006-03-15,59.720001220703125,59.7400016784668,59.2400016784668,59.459999084472656,59.459999084472656,1290000
2006-03-16,59.599998474121094,59.65999984741211,59.41999816894531,59.5,59.5,750000
2006-03-17,59.400001525878906,59.439998626708984,58.86000061035156,59.220001220703125,59.220001220703125,1390000
2006-03-20,59.459999084472656,59.79999923706055,59.439998626708984,59.70000076293945,59.70000076293945,725000
2006-03-21,59.709999084472656,60.02000045776367,59.599998474121094,59.7400016784668,59.7400016784668,815000
2006-03-22,59.84000015258789,60.119998931884766,59.779998779296875,60.0,60.0,1190000
2006-03-23,60.0,60.119998931884766,59.79999923706055,59.91999816894531,59.91999816894531,955000
2006-03-24,59.900001525878906,60.18000030517578,59.779998779296875,60.18000030517578,60.18000030517578,650000
2006-03-27,59.79999923706055,60.099998474121094,59.68000030517578,59.900001525878906,59.900001525878906,660000
2006-03-28,59.91999816894531,59.959999084472656,59.65999984741211,59.880001068115234,59.880001068115234,365000
2006-03-29,59.91999816894531,60.0,59.68000030517578,59.88999938964844,59.88999938964844,560000
2006-03-30,59.70000076293945,59.97999954223633,59.70000076293945,59.84000015258789,59.84000015258789,415000
2006-03-31,59.880001068115234,60.2599983215332,59.880001068115234,60.2400016784668,60.2400016784668,550000
2006-04-03,60.20000076293945,60.5,59.900001525878906,60.2400016784668,60.2400016784668,690000
2006-04-04,60.20000076293945,60.2599983215332,59.90999984741211,60.02000045776367,60.02000045776367,715000
2006-04-05,59.939998626708984,60.08000183105469,59.7400016784668,59.79999923706055,59.79999923706055,1035000
2006-04-06,59.79999923706055,59.900001525878906,59.70000076293945,59.79999923706055,59.79999923706055,810000
2006-04-07,59.68000030517578,59.79999923706055,59.13999938964844,59.439998626708984,59.439998626708984,605000
2006-04-10,59.15999984741211,59.18000030517578,58.720001220703125,58.9900016784668,58.9900016784668,835000
2006-04-11,58.900001525878906,58.91999816894531,58.31999969482422,58.400001525878906,58.400001525878906,1500000
2006-04-12,58.29999923706055,58.29999923706055,57.880001068115234,58.0,58.0,1410000
2006-04-13,57.84000015258789,58.0,57.7400016784668,57.86000061035156,57.86000061035156,1100000
2006-04-17,57.7599983215332,57.900001525878906,57.18000030517578,57.36000061035156,57.36000061035156,1360000
2006-04-18,57.2400016784668,57.400001525878906,56.779998779296875,57.0,57.0,2285000
2006-04-19,57.15999984741211,57.529998779296875,57.0,57.41999816894531,57.41999816894531,1250000
2006-04-20,57.439998626708984,57.58000183105469,57.220001220703125,57.400001525878906,57.400001525878906,1475000
2006-04-21,57.31999969482422,57.70000076293945,57.20000076293945,57.619998931884766,57.619998931884766,845000
2006-04-24,57.619998931884766,57.7400016784668,57.29999923706055,57.459999084472656,57.459999084472656,890000
2006-04-25,57.459999084472656,57.65999984741211,57.459999084472656,57.650001525878906,57.650001525878906,750000
2006-04-26,57.650001525878906,58.84000015258789,57.650001525878906,58.70000076293945,58.70000076293945,740000
2006-04-27,58.5,58.959999084472656,58.20000076293945,58.279998779296875,58.279998779296875,1130000
2006-04-28,58.20000076293945,59.040000915527344,58.15999984741211,59.040000915527344,59.040000915527344,700000
2006-05-01,59.15999984741211,59.70000076293945,59.060001373291016,59.599998474121094,59.599998474121094,805000
2006-05-02,59.66999816894531,59.779998779296875,59.20000076293945,59.20000076293945,59.20000076293945,460000
2006-05-03,59.20000076293945,59.20000076293945,58.880001068115234,59.060001373291016,59.060001373291016,590000
2006-05-04,58.86000061035156,58.86000061035156,58.20000076293945,58.20000076293945,58.20000076293945,1105000
2006-05-05,58.400001525878906,59.099998474121094,58.400001525878906,58.900001525878906,58.900001525878906,845000
2006-05-08,59.400001525878906,59.79999923706055,59.08000183105469,59.08000183105469,59.08000183105469,950000
2006-05-09,59.099998474121094,59.79999923706055,59.08000183105469,59.70000076293945,59.70000076293945,695000
2006-05-10,59.70000076293945,59.97999954223633,59.47999954223633,59.619998931884766,59.619998931884766,680000
2006-05-11,59.65999984741211,60.0,59.65999984741211,59.7400016784668,59.7400016784668,480000
2006-05-12,59.7400016784668,59.779998779296875,59.22999954223633,59.599998474121094,59.599998474121094,445000
2006-05-15,59.65999984741211,59.97999954223633,59.41999816894531,59.880001068115234,59.880001068115234,695000
2006-05-16,59.90999984741211,60.459999084472656,59.90999984741211,60.18000030517578,60.18000030517578,1450000
2006-05-17,60.20000076293945,60.599998474121094,60.099998474121094,60.5,60.5,2010000
2006-05-18,60.400001525878906,61.79999923706055,60.380001068115234,61.400001525878906,61.400001525878906,2285000
2006-05-19,61.5,61.900001525878906,60.70000076293945,61.18000030517578,61.18000030517578,970000
2006-05-22,61.18000030517578,61.97999954223633,60.7400016784668,61.810001373291016,61.810001373291016,930000
2006-05-23,61.65999984741211,61.65999984741211,60.400001525878906,60.779998779296875,60.779998779296875,1195000
2006-05-24,60.97999954223633,61.79999923706055,60.81999969482422,61.68000030517578,61.68000030517578,1320000
2006-05-25,61.599998474121094,61.720001220703125,61.02000045776367,61.34000015258789,61.34000015258789,520000
2006-05-26,61.459999084472656,61.650001525878906,61.04999923706055,61.34000015258789,61.34000015258789,555000
2006-05-30,61.5,61.7400016784668,61.189998626708984,61.27000045776367,61.27000045776367,440000
2006-05-31,61.63999938964844,61.63999938964844,61.20000076293945,61.380001068115234,61.380001068115234,570000
2006-06-01,61.459999084472656,61.56999969482422,61.0,61.29999923706055,61.29999923706055,450000
2006-06-02,61.13999938964844,61.31999969482422,60.880001068115234,61.119998931884766,61.119998931884766,305000
2006-06-05,61.119998931884766,61.279998779296875,61.040000915527344,61.16999816894531,61.16999816894531,570000
2006-06-06,61.0,61.13999938964844,60.400001525878906,60.959999084472656,60.959999084472656,435000
2006-06-07,60.7599983215332,60.83000183105469,60.36000061035156,60.400001525878906,60.400001525878906,325000
2006-06-08,60.400001525878906,60.47999954223633,59.630001068115234,60.15999984741211,60.15999984741211,1015000
2006-06-09,60.13999938964844,60.599998474121094,60.119998931884766,60.439998626708984,60.439998626708984,445000
2006-06-12,60.36000061035156,60.619998931884766,60.36000061035156,60.459999084472656,60.459999084472656,365000
2006-06-13,60.15999984741211,60.599998474121094,59.79999923706055,60.290000915527344,60.290000915527344,795000
2006-06-14,60.13999938964844,60.220001220703125,59.86000061035156,60.099998474121094,60.099998474121094,1080000
2006-06-15,60.099998474121094,61.599998474121094,60.099998474121094,61.20000076293945,61.20000076293945,1460000
2006-06-16,61.08000183105469,61.18000030517578,60.81999969482422,61.119998931884766,61.119998931884766,485000
2006-06-19,61.2599983215332,61.779998779296875,61.15999984741211,61.7599983215332,61.7599983215332,985000
2006-06-20,61.63999938964844,61.70000076293945,61.2599983215332,61.599998474121094,61.599998474121094,985000
2006-06-21,61.400001525878906,61.70000076293945,61.34000015258789,61.68000030517578,61.68000030517578,1135000
2006-06-22,61.7400016784668,61.7400016784668,61.209999084472656,61.31999969482422,61.31999969482422,600000
2006-06-23,61.20000076293945,61.47999954223633,61.20000076293945,61.41999816894531,61.41999816894531,535000
2006-06-26,61.2400016784668,61.279998779296875,59.65999984741211,60.86000061035156,60.86000061035156,1620000
2006-06-27,60.79999923706055,61.279998779296875,60.79999923706055,60.86000061035156,60.86000061035156,1170000
2006-06-28,61.0,61.459999084472656,60.720001220703125,61.459999084472656,61.459999084472656,650000
2006-06-29,61.400001525878906,61.47999954223633,60.79999923706055,61.29999923706055,61.29999923706055,405000
2006-06-30,61.34000015258789,61.5,60.81999969482422,60.86000061035156,60.86000061035156,475000
2006-07-03,61.29999923706055,61.439998626708984,60.86000061035156,61.0,61.0,735000
2006-07-05,60.70000076293945,60.70000076293945,59.79999923706055,59.79999923706055,59.79999923706055,1405000
2006-07-06,60.099998474121094,60.29999923706055,60.02000045776367,60.130001068115234,60.130001068115234,415000
2006-07-07,59.959999084472656,60.18000030517578,59.900001525878906,60.099998474121094,60.099998474121094,735000
2006-07-10,60.099998474121094,60.91999816894531,60.08000183105469,60.68000030517578,60.68000030517578,470000
2006-07-11,60.400001525878906,60.68000030517578,60.400001525878906,60.58000183105469,60.58000183105469,475000
2006-07-12,60.58000183105469,60.65999984741211,60.22999954223633,60.290000915527344,60.290000915527344,365000
2006-07-13,60.279998779296875,60.380001068115234,59.560001373291016,59.97999954223633,59.97999954223633,795000
2006-07-14,60.0,60.0,59.58000183105469,59.900001525878906,59.900001525878906,820000
2006-07-17,59.720001220703125,60.2599983215332,59.63999938964844,60.13999938964844,60.13999938964844,415000
2006-07-18,60.20000076293945,60.36000061035156,59.900001525878906,60.2599983215332,60.2599983215332,495000
2006-07-19,60.20000076293945,60.70000076293945,60.20000076293945,60.599998474121094,60.599998474121094,655000
2006-07-20,60.599998474121094,60.70000076293945,60.29999923706055,60.540000915527344,60.540000915527344,795000
2006-07-21,60.400001525878906,60.439998626708984,59.63999938964844,60.130001068115234,60.130001068115234,825000
2006-07-24,60.040000915527344,60.90999984741211,59.959999084472656,60.599998474121094,60.599998474121094,915000
2006-07-25,60.560001373291016,60.75,60.5,60.5,60.5,285000
2006-07-26,60.47999954223633,60.939998626708984,60.29999923706055,60.70000076293945,60.70000076293945,860000
2006-07-27,60.63999938964844,60.900001525878906,60.47999954223633,60.900001525878906,60.900001525878906,985000
2006-07-28,60.70000076293945,61.0,60.70000076293945,60.86000061035156,60.86000061035156,715000
2006-07-31,60.70000076293945,61.41999816894531,60.70000076293945,60.939998626708984,60.939998626708984,580000
2006-08-01,60.939998626708984,61.29999923706055,60.779998779296875,60.90999984741211,60.90999984741211,460000
2006-08-02,60.90999984741211,61.20000076293945,60.65999984741211,60.81999969482422,60.81999969482422,530000
2006-08-03,60.900001525878906,61.060001373291016,60.7400016784668,60.84000015258789,60.84000015258789,595000
2006-08-04,60.84000015258789,61.099998474121094,60.84000015258789,61.0,61.0,665000
2006-08-07,61.400001525878906,61.79999923706055,61.2400016784668,61.70000076293945,61.70000076293945,1150000
2006-08-08,61.63999938964844,62.41999816894531,61.63999938964844,61.900001525878906,61.900001525878906,1010000
2006-08-09,61.900001525878906,62.119998931884766,61.599998474121094,61.900001525878906,61.900001525878906,425000
2006-08-10,61.70000076293945,62.060001373291016,61.459999084472656,62.060001373291016,62.060001373291016,415000
2006-08-11,61.900001525878906,62.04999923706055,61.81999969482422,62.040000915527344,62.040000915527344,455000
2006-08-14,62.040000915527344,62.099998474121094,61.52000045776367,61.599998474121094,61.599998474121094,525000
2006-08-15,61.5,61.7599983215332,61.31999969482422,61.560001373291016,61.560001373291016,780000
2006-08-16,61.5,63.2400016784668,61.5,62.900001525878906,62.900001525878906,1520000
2006-08-17,62.63999938964844,63.18000030517578,62.439998626708984,62.79999923706055,62.79999923706055,785000
2006-08-18,62.79999923706055,63.70000076293945,62.79999923706055,63.58000183105469,63.58000183105469,450000
2006-08-21,63.380001068115234,63.869998931884766,63.31999969482422,63.84000015258789,63.84000015258789,605000
2006-08-22,63.779998779296875,63.91999816894531,63.5099983215332,63.619998931884766,63.619998931884766,335000
2006-08-23,63.619998931884766,63.790000915527344,63.29999923706055,63.459999084472656,63.459999084472656,665000
2006-08-24,63.65999984741211,64.58000183105469,63.65999984741211,64.16000366210938,64.16000366210938,1590000
2006-08-25,64.27999877929688,64.27999877929688,63.70000076293945,64.04000091552734,64.04000091552734,570000
2006-08-28,64.04000091552734,64.30000305175781,63.43000030517578,63.93000030517578,63.93000030517578,705000
2006-08-29,63.7599983215332,64.12000274658203,63.7400016784668,64.08999633789062,64.08999633789062,445000
2006-08-30,63.91999816894531,64.0199966430664,63.84000015258789,63.939998626708984,63.939998626708984,355000
2006-08-31,63.86000061035156,64.12000274658203,63.79999923706055,64.06999969482422,64.06999969482422,840000
2006-09-01,63.86000061035156,64.0,63.720001220703125,63.900001525878906,63.900001525878906,585000
2006-09-05,63.7599983215332,64.27999877929688,63.720001220703125,64.26000213623047,64.26000213623047,720000
2006-09-06,64.26000213623047,64.26000213623047,63.939998626708984,64.0,64.0,260000
2006-09-07,63.900001525878906,64.06999969482422,63.7599983215332,64.01000213623047,64.01000213623047,275000
2006-09-08,64.0,64.16999816894531,63.84000015258789,64.13999938964844,64.13999938964844,380000
2006-09-11,64.08000183105469,64.54000091552734,63.79999923706055,64.12000274658203,64.12000274658203,475000
2006-09-12,64.12000274658203,64.4800033569336,63.900001525878906,64.19999694824219,64.19999694824219,505000
2006-09-13,64.0,64.4000015258789,63.880001068115234,64.4000015258789,64.4000015258789,565000
2006-09-14,64.4000015258789,64.68000030517578,64.30000305175781,64.5,64.5,305000
2006-09-15,64.5,64.76000213623047,64.30000305175781,64.30000305175781,64.30000305175781,430000
2006-09-18,64.5199966430664,64.58000183105469,63.63999938964844,63.7400016784668,63.7400016784668,810000
2006-09-19,63.7400016784668,63.7400016784668,62.79999923706055,62.79999923706055,62.79999923706055,775000
2006-09-20,62.81999969482422,63.540000915527344,62.81999969482422,63.279998779296875,63.279998779296875,605000
2006-09-21,63.18000030517578,63.220001220703125,62.61000061035156,62.779998779296875,62.779998779296875,1245000
2006-09-22,62.70000076293945,62.79999923706055,62.08000183105469,62.38999938964844,62.38999938964844,705000
2006-09-25,62.36000061035156,62.5,61.779998779296875,62.459999084472656,62.459999084472656,960000
2006-09-26,62.459999084472656,63.18000030517578,62.400001525878906,63.08000183105469,63.08000183105469,1010000
2006-09-27,62.79999923706055,63.459999084472656,62.7400016784668,63.38999938964844,63.38999938964844,590000
2006-09-28,63.560001373291016,63.79999923706055,63.040000915527344,63.2400016784668,63.2400016784668,450000
2006-09-29,63.599998474121094,64.0,63.439998626708984,63.47999954223633,63.47999954223633,510000
2006-10-02,63.400001525878906,64.19999694824219,63.29999923706055,63.5,63.5,780000
2006-10-03,63.70000076293945,64.80000305175781,63.439998626708984,64.79000091552734,64.79000091552734,1030000
2006-10-04,64.66000366210938,65.0,64.54000091552734,65.0,65.0,1165000
2006-10-05,65.0,66.5,64.94000244140625,65.5999984741211,65.5999984741211,1010000
2006-10-06,65.62000274658203,65.86000061035156,65.19999694824219,65.5999984741211,65.5999984741211,600000
2006-10-09,65.72000122070312,65.72000122070312,65.22000122070312,65.41999816894531,65.41999816894531,275000
2006-10-10,65.4800033569336,66.37999725341797,65.4800033569336,66.27999877929688,66.27999877929688,695000
2006-10-11,66.26000213623047,66.27999877929688,65.83999633789062,66.08000183105469,66.08000183105469,420000
2006-10-12,66.13999938964844,66.66000366210938,66.12000274658203,66.58000183105469,66.58000183105469,660000
2006-10-13,66.5999984741211,66.66000366210938,65.5999984741211,65.5999984741211,65.5999984741211,835000
2006-10-16,65.76000213623047,66.0999984741211,65.63999938964844,66.0199966430664,66.0199966430664,545000
2006-10-17,65.86000061035156,66.13999938964844,65.68000030517578,65.81999969482422,65.81999969482422,510000
2006-10-18,65.76000213623047,66.4000015258789,65.76000213623047,66.18000030517578,66.18000030517578,435000
2006-10-19,66.36000061035156,66.63999938964844,66.31999969482422,66.55999755859375,66.55999755859375,370000
2006-10-20,66.58000183105469,66.58000183105469,66.13999938964844,66.55999755859375,66.55999755859375,540000
2006-10-23,66.55999755859375,66.87999725341797,66.5,66.66000366210938,66.66000366210938,1065000
2006-10-24,66.76000213623047,67.30000305175781,66.75,67.0999984741211,67.0999984741211,1095000
2006-10-25,67.4000015258789,68.4000015258789,67.0,67.83999633789062,67.83999633789062,1050000
2006-10-26,68.5,69.91999816894531,68.44000244140625,69.80000305175781,69.80000305175781,1440000
2006-10-27,69.77999877929688,70.45999908447266,69.13999938964844,69.13999938964844,69.13999938964844,1035000
2006-10-30,69.0,70.0,68.9000015258789,69.63999938964844,69.63999938964844,785000
2006-10-31,70.19999694824219,70.44000244140625,69.91999816894531,70.30000305175781,70.30000305175781,800000
2006-11-01,70.19999694824219,70.41999816894531,69.55999755859375,69.86000061035156,69.86000061035156,1005000
2006-11-02,69.66000366210938,70.0199966430664,68.9000015258789,69.45999908447266,69.45999908447266,835000
2006-11-03,69.45999908447266,70.0999984741211,69.45999908447266,70.0199966430664,70.0199966430664,880000
2006-11-06,71.27999877929688,71.75,70.76000213623047,71.73999786376953,71.73999786376953,2005000
2006-11-07,71.19999694824219,71.6500015258789,71.04000091552734,71.41999816894531,71.41999816894531,1265000
2006-11-08,71.73999786376953,71.95999908447266,71.36000061035156,71.86000061035156,71.86000061035156,855000
2006-11-09,72.19999694824219,72.55999755859375,71.22000122070312,71.31999969482422,71.31999969482422,1285000
2006-11-10,71.72000122070312,72.2300033569336,71.22000122070312,71.4000015258789,71.4000015258789,760000
2006-11-13,71.91999816894531,72.0,70.77999877929688,70.95999908447266,70.95999908447266,675000
2006-11-14,71.19999694824219,71.19999694824219,70.44000244140625,71.19999694824219,71.19999694824219,585000
2006-11-15,71.19999694824219,71.44000244140625,70.95999908447266,71.4000015258789,71.4000015258789,525000
2006-11-16,71.76000213623047,71.81999969482422,71.19999694824219,71.29000091552734,71.29000091552734,545000
2006-11-17,71.12000274658203,71.4000015258789,71.04000091552734,71.16000366210938,71.16000366210938,360000
2006-11-20,71.45999908447266,71.5,71.18000030517578,71.43000030517578,71.43000030517578,630000
2006-11-21,71.86000061035156,71.86000061035156,71.36000061035156,71.62000274658203,71.62000274658203,600000
2006-11-22,71.72000122070312,71.9000015258789,71.4800033569336,71.86000061035156,71.86000061035156,345000
2006-11-24,71.86000061035156,71.86000061035156,71.5,71.75,71.75,185000
2006-11-27,72.05999755859375,72.05999755859375,70.5999984741211,71.13999938964844,71.13999938964844,790000
2006-11-28,71.06999969482422,71.06999969482422,70.2300033569336,70.63999938964844,70.63999938964844,940000
2006-11-29,70.5199966430664,70.76000213623047,70.13999938964844,70.37999725341797,70.37999725341797,905000
2006-11-30,70.30000305175781,71.43000030517578,70.16999816894531,71.0999984741211,71.0999984741211,1150000
2006-12-01,71.0999984741211,71.33999633789062,70.4000015258789,71.19999694824219,71.19999694824219,720000
2006-12-04,70.91999816894531,71.66000366210938,70.91999816894531,71.44000244140625,71.44000244140625,1135000
2006-12-05,71.30000305175781,72.23999786376953,71.30000305175781,72.08000183105469,72.08000183105469,1090000
2006-12-06,71.72000122070312,73.31999969482422,71.55999755859375,72.63999938964844,72.63999938964844,955000
2006-12-07,72.4000015258789,72.66000366210938,71.4000015258789,71.66000366210938,71.66000366210938,760000
2006-12-08,71.45999908447266,71.83000183105469,71.22000122070312,71.5,71.5,350000
2006-12-11,71.23999786376953,72.36000061035156,71.23999786376953,71.83999633789062,71.83999633789062,800000
2006-12-12,71.9000015258789,73.30000305175781,71.5999984741211,73.30000305175781,73.30000305175781,1095000
2006-12-13,72.80000305175781,73.4000015258789,72.68000030517578,73.26000213623047,73.26000213623047,925000
2006-12-14,73.05999755859375,73.55999755859375,73.04000091552734,73.5,73.5,1300000
2006-12-15,73.36000061035156,76.0,73.23999786376953,76.0,76.0,2365000
2006-12-18,76.5,76.5,75.54000091552734,75.62000274658203,75.62000274658203,1100000
2006-12-19,75.5199966430664,75.55999755859375,74.9000015258789,75.4000015258789,75.4000015258789,930000
2006-12-20,75.55999755859375,75.76000213623047,74.12000274658203,74.41999816894531,74.41999816894531,1295000
2006-12-21,74.0999984741211,74.76000213623047,72.83999633789062,73.16000366210938,73.16000366210938,980000
2006-12-22,73.31999969482422,73.5999984741211,72.94000244140625,73.19000244140625,73.19000244140625,630000
2006-12-26,73.13999938964844,73.23999786376953,71.81999969482422,73.18000030517578,73.18000030517578,565000
2006-12-27,73.66000366210938,73.66000366210938,73.16000366210938,73.27999877929688,73.27999877929688,450000
2006-12-28,73.63999938964844,73.63999938964844,73.04000091552734,73.3499984741211,73.3499984741211,525000
2006-12-29,73.19999694824219,73.31999969482422,72.5199966430664,73.31999969482422,73.31999969482422,430000
2007-01-03,73.55999755859375,73.72000122070312,72.5999984741211,72.86000061035156,72.86000061035156,1385000
2007-01-04,72.86000061035156,72.94000244140625,72.05999755859375,72.19999694824219,72.19999694824219,1070000
2007-01-05,72.66000366210938,72.66000366210938,71.26000213623047,71.55999755859375,71.55999755859375,930000
2007-01-08,71.81999969482422,71.9000015258789,71.5,71.72000122070312,71.72000122070312,760000
2007-01-09,71.72000122070312,73.04000091552734,71.66000366210938,73.0,73.0,610000
2007-01-10,73.0,73.18000030517578,72.30000305175781,73.0199966430664,73.0199966430664,775000
2007-01-11,73.08000183105469,73.4000015258789,73.0,73.4000015258789,73.4000015258789,570000
2007-01-12,73.4000015258789,73.4800033569336,73.0999984741211,73.36000061035156,73.36000061035156,460000
2007-01-16,73.4800033569336,73.63999938964844,72.31999969482422,72.37999725341797,72.37999725341797,800000
2007-01-17,72.37999725341797,73.16000366210938,72.37999725341797,72.41000366210938,72.41000366210938,730000
2007-01-18,72.5999984741211,73.0,72.41000366210938,72.66999816894531,72.66999816894531,515000
2007-01-19,72.80000305175781,73.16000366210938,72.62000274658203,73.12000274658203,73.12000274658203,420000
2007-01-22,73.30000305175781,73.33999633789062,72.4000015258789,72.80000305175781,72.80000305175781,675000
2007-01-23,72.80000305175781,72.80000305175781,72.30999755859375,72.4800033569336,72.4800033569336,720000
2007-01-24,72.66000366210938,72.69000244140625,71.31999969482422,71.62000274658203,71.62000274658203,1285000
2007-01-25,72.0,72.0,71.4000015258789,71.72000122070312,71.72000122070312,560000
2007-01-26,71.77999877929688,71.80000305175781,70.81999969482422,70.91000366210938,70.91000366210938,790000
2007-01-29,71.05000305175781,72.13999938964844,71.0199966430664,72.13999938964844,72.13999938964844,730000
2007-01-30,72.04000091552734,72.72000122070312,72.0199966430664,72.72000122070312,72.72000122070312,765000
2007-01-31,73.08000183105469,73.43000030517578,72.5999984741211,73.3499984741211,73.3499984741211,1115000
2007-02-01,73.43000030517578,73.80000305175781,73.0999984741211,73.62000274658203,73.62000274658203,650000
2007-02-02,73.68000030517578,73.72000122070312,72.4000015258789,72.63999938964844,72.63999938964844,890000
2007-02-05,72.81999969482422,72.81999969482422,72.0999984741211,72.48999786376953,72.48999786376953,580000
2007-02-06,72.48999786376953,72.72000122070312,72.0199966430664,72.63999938964844,72.63999938964844,730000
2007-02-07,72.36000061035156,72.66000366210938,72.27999877929688,72.4800033569336,72.4800033569336,735000
2007-02-08,72.08000183105469,72.5999984741211,72.08000183105469,72.22000122070312,72.22000122070312,495000
2007-02-09,72.55999755859375,72.83000183105469,72.3499984741211,72.69999694824219,72.69999694824219,715000
2007-02-12,72.94000244140625,72.95999908447266,72.27999877929688,72.4800033569336,72.4800033569336,410000
2007-02-13,72.5999984741211,72.72000122070312,72.0,72.19999694824219,72.19999694824219,450000
2007-02-14,72.4000015258789,72.4000015258789,72.0,72.19999694824219,72.19999694824219,795000
2007-02-15,72.0999984741211,72.37999725341797,71.04000091552734,71.19999694824219,71.19999694824219,1300000
2007-02-16,71.80000305175781,72.44000244140625,71.26000213623047,72.4000015258789,72.4000015258789,920000
2007-02-20,72.4000015258789,72.94999694824219,72.19999694824219,72.66000366210938,72.66000366210938,475000
2007-02-21,72.4800033569336,72.69000244140625,71.54000091552734,71.73999786376953,71.73999786376953,710000
2007-02-22,71.91999816894531,72.18000030517578,71.30000305175781,71.5,71.5,430000
2007-02-23,71.5,71.5,70.94000244140625,71.23999786376953,71.23999786376953,840000
2007-02-26,71.45999908447266,71.5,70.9000015258789,71.16000366210938,71.16000366210938,895000
2007-02-27,70.9000015258789,70.9000015258789,69.19999694824219,69.58000183105469,69.58000183105469,3035000
2007-02-28,70.27999877929688,70.8499984741211,69.9000015258789,70.45999908447266,70.45999908447266,1580000
2007-03-01,70.27999877929688,71.45999908447266,69.86000061035156,71.08000183105469,71.08000183105469,800000
2007-03-02,71.5199966430664,71.80000305175781,71.04000091552734,71.23999786376953,71.23999786376953,675000
2007-03-05,71.0,72.0199966430664,70.5,71.23999786376953,71.23999786376953,680000
2007-03-06,71.76000213623047,71.83999633789062,71.19999694824219,71.5199966430664,71.5199966430664,615000
2007-03-07,71.44000244140625,71.94999694824219,71.44000244140625,71.87999725341797,71.87999725341797,440000
2007-03-08,72.08000183105469,72.66000366210938,72.04000091552734,72.66000366210938,72.66000366210938,550000
2007-03-09,72.80000305175781,73.16000366210938,72.66000366210938,72.91999816894531,72.91999816894531,530000
2007-03-12,73.08000183105469,73.08000183105469,72.47000122070312,72.87999725341797,72.87999725341797,565000
2007-03-13,72.45999908447266,72.55999755859375,71.72000122070312,72.05999755859375,72.05999755859375,490000
2007-03-14,72.0,72.0,71.0,71.23999786376953,71.23999786376953,1030000
2007-03-15,71.58000183105469,71.58000183105469,70.95999908447266,71.0,71.0,425000
2007-03-16,71.0,71.26000213623047,70.4000015258789,70.63999938964844,70.63999938964844,625000
2007-03-19,70.72000122070312,72.11000061035156,70.72000122070312,71.9800033569336,71.9800033569336,765000
2007-03-20,71.83999633789062,72.04000091552734,71.0999984741211,71.9800033569336,71.9800033569336,725000
2007-03-21,72.0,72.87999725341797,71.5,72.87999725341797,72.87999725341797,1010000
2007-03-22,72.94000244140625,72.9800033569336,72.0999984741211,72.18000030517578,72.18000030517578,350000
2007-03-23,71.9000015258789,72.54000091552734,71.86000061035156,72.01000213623047,72.01000213623047,400000
2007-03-26,72.26000213623047,72.26000213623047,71.9000015258789,72.06999969482422,72.06999969482422,445000
2007-03-27,72.19999694824219,72.19999694824219,71.41000366210938,72.0999984741211,72.0999984741211,560000
2007-03-28,71.80000305175781,72.23999786376953,71.52999877929688,72.08000183105469,72.08000183105469,645000
2007-03-29,72.23999786376953,72.23999786376953,71.76000213623047,72.06999969482422,72.06999969482422,375000
2007-03-30,72.13999938964844,72.80000305175781,71.95999908447266,72.80000305175781,72.80000305175781,430000
2007-04-02,72.19999694824219,72.37999725341797,71.72000122070312,72.05999755859375,72.05999755859375,700000
2007-04-03,72.16000366210938,72.79000091552734,72.0999984741211,72.36000061035156,72.36000061035156,390000
2007-04-04,72.36000061035156,72.58000183105469,72.0999984741211,72.58000183105469,72.58000183105469,240000
2007-04-05,72.5999984741211,72.76000213623047,72.4000015258789,72.5199966430664,72.5199966430664,300000
2007-04-09,72.66000366210938,72.76000213623047,72.41999816894531,72.69999694824219,72.69999694824219,565000
2007-04-10,72.73999786376953,73.33999633789062,72.66000366210938,73.30000305175781,73.30000305175781,440000
2007-04-11,73.30000305175781,73.30000305175781,72.81999969482422,73.08000183105469,73.08000183105469,515000
2007-04-12,72.69999694824219,73.19999694824219,72.69999694824219,73.19999694824219,73.19999694824219,430000
2007-04-13,73.19999694824219,73.19999694824219,73.04000091552734,73.19999694824219,73.19999694824219,375000
2007-04-16,73.16000366210938,73.3499984741211,73.01000213623047,73.3499984741211,73.3499984741211,560000
2007-04-17,73.3499984741211,73.3499984741211,73.0199966430664,73.33999633789062,73.33999633789062,670000
2007-04-18,73.23999786376953,73.33999633789062,72.87999725341797,72.9000015258789,72.9000015258789,830000
2007-04-19,72.9800033569336,73.0999984741211,72.5,72.66000366210938,72.66000366210938,560000
2007-04-20,73.05999755859375,73.05999755859375,72.44999694824219,72.55999755859375,72.55999755859375,555000
2007-04-23,72.5999984741211,73.05000305175781,72.5999984741211,72.72000122070312,72.72000122070312,670000
2007-04-24,73.0,73.0,72.30000305175781,72.4800033569336,72.4800033569336,790000
2007-04-25,72.69999694824219,72.80000305175781,72.0999984741211,72.4000015258789,72.4000015258789,780000
2007-04-26,72.5,72.77999877929688,72.4000015258789,72.55999755859375,72.55999755859375,460000
2007-04-27,72.5999984741211,72.72000122070312,72.43000030517578,72.58999633789062,72.58999633789062,280000
2007-04-30,72.83999633789062,72.83999633789062,72.31999969482422,72.55999755859375,72.55999755859375,430000
2007-05-01,72.68000030517578,72.68000030517578,71.87999725341797,72.12000274658203,72.12000274658203,870000
2007-05-02,72.12000274658203,72.41999816894531,72.12000274658203,72.37999725341797,72.37999725341797,400000
2007-05-03,72.5999984741211,72.5999984741211,72.0,72.36000061035156,72.36000061035156,600000
2007-05-04,72.5,73.0,72.47000122070312,72.62000274658203,72.62000274658203,540000
2007-05-07,73.08000183105469,73.58999633789062,72.83000183105469,73.58000183105469,73.58000183105469,775000
2007-05-08,73.5,73.5,72.23999786376953,72.36000061035156,72.36000061035156,925000
2007-05-09,72.44000244140625,72.83999633789062,72.44000244140625,72.73999786376953,72.73999786376953,990000
2007-05-10,72.9000015258789,72.94000244140625,72.72000122070312,72.73999786376953,72.73999786376953,790000
2007-05-11,72.72000122070312,73.4800033569336,72.70999908447266,73.36000061035156,73.36000061035156,495000
2007-05-14,73.0999984741211,73.26000213623047,72.5999984741211,72.80000305175781,72.80000305175781,590000
2007-05-15,72.80000305175781,73.12000274658203,72.62000274658203,72.66000366210938,72.66000366210938,360000
2007-05-16,72.69999694824219,72.95999908447266,72.44000244140625,72.5999984741211,72.5999984741211,690000
2007-05-17,72.69999694824219,72.69999694824219,72.22000122070312,72.26000213623047,72.26000213623047,645000
2007-05-18,72.30000305175781,72.30000305175781,71.80000305175781,72.08999633789062,72.08999633789062,1410000
2007-05-21,72.19999694824219,72.62000274658203,72.08999633789062,72.62000274658203,72.62000274658203,745000
2007-05-22,72.68000030517578,73.19999694824219,72.62999725341797,72.87000274658203,72.87000274658203,755000
2007-05-23,72.80000305175781,72.9800033569336,72.56999969482422,72.77999877929688,72.77999877929688,345000
2007-05-24,72.66000366210938,72.7699966430664,72.27999877929688,72.44999694824219,72.44999694824219,470000
2007-05-25,72.36000061035156,73.19999694824219,72.25,73.19999694824219,73.19999694824219,475000
2007-05-29,72.9800033569336,72.9800033569336,72.45999908447266,72.68000030517578,72.68000030517578,400000
2007-05-30,72.5,72.66000366210938,72.36000061035156,72.55999755859375,72.55999755859375,440000
2007-05-31,72.69999694824219,72.73999786376953,72.44000244140625,72.5,72.5,325000
2007-06-01,72.5999984741211,73.0,72.4000015258789,72.69999694824219,72.69999694824219,935000
2007-06-04,72.62000274658203,72.9800033569336,72.5999984741211,72.88999938964844,72.88999938964844,395000
2007-06-05,72.91999816894531,72.91999816894531,72.27999877929688,72.37999725341797,72.37999725341797,755000
2007-06-06,72.19999694824219,72.45999908447266,72.08000183105469,72.12000274658203,72.12000274658203,650000
2007-06-07,72.05999755859375,72.54000091552734,72.04000091552734,72.54000091552734,72.54000091552734,1070000
2007-06-08,72.4000015258789,72.63999938964844,72.12000274658203,72.23999786376953,72.23999786376953,680000
2007-06-11,72.23999786376953,72.62999725341797,72.23999786376953,72.62999725341797,72.62999725341797,400000
2007-06-12,72.4800033569336,72.5199966430664,72.30000305175781,72.36000061035156,72.36000061035156,630000
2007-06-13,72.4000015258789,72.5,72.30000305175781,72.5,72.5,420000
2007-06-14,72.30000305175781,72.5,72.23999786376953,72.41999816894531,72.41999816894531,345000
2007-06-15,72.41999816894531,72.69999694824219,72.41999816894531,72.44000244140625,72.44000244140625,625000
2007-06-18,72.5,72.5,72.26000213623047,72.27999877929688,72.27999877929688,370000
2007-06-19,72.27999877929688,72.58000183105469,72.23999786376953,72.56999969482422,72.56999969482422,580000
2007-06-20,72.56999969482422,72.66000366210938,72.19999694824219,72.2300033569336,72.2300033569336,555000
2007-06-21,72.26000213623047,72.4000015258789,71.62000274658203,71.87999725341797,71.87999725341797,840000
2007-06-22,71.5,71.79000091552734,71.30000305175781,71.55999755859375,71.55999755859375,505000
2007-06-25,71.30000305175781,71.44000244140625,70.80000305175781,71.05999755859375,71.05999755859375,535000
2007-06-26,71.05999755859375,71.4800033569336,70.76000213623047,70.80999755859375,70.80999755859375,465000
2007-06-27,70.81999969482422,71.19999694824219,70.77999877929688,71.19999694824219,71.19999694824219,310000
2007-06-28,71.5999984741211,72.13999938964844,71.12000274658203,71.83999633789062,71.83999633789062,405000
2007-06-29,71.63999938964844,72.0999984741211,71.63999938964844,72.0999984741211,72.0999984741211,485000
2007-07-02,72.30000305175781,72.5,72.11000061035156,72.48999786376953,72.48999786376953,390000
2007-07-03,72.5199966430664,72.80000305175781,72.5199966430664,72.73999786376953,72.73999786376953,175000
2007-07-05,72.77999877929688,73.36000061035156,72.73999786376953,73.36000061035156,73.36000061035156,585000
2007-07-06,73.45999908447266,74.0999984741211,73.36000061035156,74.0999984741211,74.0999984741211,475000
2007-07-09,74.23999786376953,74.45999908447266,74.04000091552734,74.27999877929688,74.27999877929688,590000
2007-07-10,74.37999725341797,74.45999908447266,73.86000061035156,74.08000183105469,74.08000183105469,495000
2007-07-11,74.18000030517578,74.18000030517578,73.41999816894531,73.80000305175781,73.80000305175781,305000
2007-07-12,73.76000213623047,73.77999877929688,73.30000305175781,73.55000305175781,73.55000305175781,475000
2007-07-13,73.4000015258789,73.55000305175781,73.13999938964844,73.55000305175781,73.55000305175781,450000
2007-07-16,73.62000274658203,73.63999938964844,72.94000244140625,73.08000183105469,73.08000183105469,635000
2007-07-17,73.08000183105469,73.37999725341797,72.81999969482422,73.26000213623047,73.26000213623047,310000
2007-07-18,73.19999694824219,73.33999633789062,72.86000061035156,72.9800033569336,72.9800033569336,750000
2007-07-19,72.94000244140625,73.23999786376953,72.58000183105469,72.76000213623047,72.76000213623047,685000
2007-07-20,72.76000213623047,73.05999755859375,72.54000091552734,72.8499984741211,72.8499984741211,530000
2007-07-23,72.69999694824219,72.83999633789062,72.5,72.7699966430664,72.7699966430664,470000
2007-07-24,72.69999694824219,72.9000015258789,72.51000213623047,72.72000122070312,72.72000122070312,500000
2007-07-25,72.9800033569336,73.05999755859375,72.55999755859375,72.7699966430664,72.7699966430664,540000
2007-07-26,72.7699966430664,72.86000061035156,71.16000366210938,71.91000366210938,71.91000366210938,1795000
2007-07-27,72.19999694824219,72.5999984741211,71.86000061035156,72.30000305175781,72.30000305175781,710000
2007-07-30,72.69999694824219,72.69999694824219,71.72000122070312,71.9800033569336,71.9800033569336,610000
2007-07-31,72.04000091552734,72.13999938964844,71.80000305175781,72.08000183105469,72.08000183105469,590000
2007-08-01,71.95999908447266,72.27999877929688,71.80000305175781,71.98999786376953,71.98999786376953,355000
2007-08-02,71.9800033569336,72.0999984741211,71.73999786376953,71.76000213623047,71.76000213623047,385000
2007-08-03,71.91999816894531,72.08999633789062,71.5999984741211,71.9800033569336,71.9800033569336,1165000
2007-08-06,72.5999984741211,73.56999969482422,71.93000030517578,73.4000015258789,73.4000015258789,1680000
2007-08-07,73.41999816894531,73.83999633789062,73.01000213623047,73.83999633789062,73.83999633789062,1165000
2007-08-08,73.9800033569336,74.27999877929688,73.5199966430664,73.73999786376953,73.73999786376953,710000
2007-08-09,73.54000091552734,73.54000091552734,72.54000091552734,72.86000061035156,72.86000061035156,940000
2007-08-10,72.0,72.72000122070312,71.80000305175781,72.5,72.5,1175000
2007-08-13,72.9000015258789,73.72000122070312,72.77999877929688,72.77999877929688,72.77999877929688,430000
2007-08-14,72.77999877929688,73.19999694824219,72.36000061035156,72.56999969482422,72.56999969482422,630000
2007-08-15,72.36000061035156,73.62000274658203,72.16000366210938,73.0999984741211,73.0999984741211,615000
2007-08-16,73.37999725341797,75.94000244140625,73.30000305175781,75.83000183105469,75.83000183105469,2175000
2007-08-17,75.5,79.0,75.30000305175781,78.95999908447266,78.95999908447266,1290000
2007-08-20,79.19999694824219,79.4000015258789,77.69999694824219,79.23999786376953,79.23999786376953,1035000
2007-08-21,79.77999877929688,79.9800033569336,78.73999786376953,79.6500015258789,79.6500015258789,1105000
2007-08-22,80.0,80.0,78.26000213623047,78.77999877929688,78.77999877929688,990000
2007-08-23,78.76000213623047,79.45999908447266,78.4000015258789,78.9000015258789,78.9000015258789,560000
2007-08-24,79.0,79.9000015258789,78.80000305175781,79.9000015258789,79.9000015258789,625000
2007-08-27,80.0,80.0,78.9000015258789,79.30999755859375,79.30999755859375,1350000
2007-08-28,79.4800033569336,79.5199966430664,78.83999633789062,79.30000305175781,79.30000305175781,500000
2007-08-29,79.19999694824219,79.77999877929688,78.94000244140625,79.0,79.0,475000
2007-08-30,79.19999694824219,79.33999633789062,78.80999755859375,78.95999908447266,78.95999908447266,315000
2007-08-31,79.18000030517578,79.30000305175781,77.80000305175781,77.80000305175781,77.80000305175781,1300000
2007-09-04,77.95999908447266,79.62000274658203,77.94000244140625,79.13999938964844,79.13999938964844,990000
2007-09-05,79.30000305175781,79.72000122070312,79.08000183105469,79.58000183105469,79.58000183105469,355000
2007-09-06,79.69999694824219,80.0,79.4000015258789,79.98999786376953,79.98999786376953,465000
2007-09-07,79.72000122070312,79.77999877929688,79.4000015258789,79.58999633789062,79.58999633789062,530000
2007-09-10,79.77999877929688,79.77999877929688,78.80000305175781,78.86000061035156,78.86000061035156,755000
2007-09-11,79.37999725341797,79.37999725341797,78.73999786376953,78.97000122070312,78.97000122070312,450000
2007-09-12,78.9800033569336,79.2699966430664,78.76000213623047,78.97000122070312,78.97000122070312,455000
2007-09-13,78.9800033569336,79.30000305175781,78.63999938964844,79.13999938964844,79.13999938964844,405000
2007-09-14,78.9000015258789,79.95999908447266,78.4000015258789,79.91999816894531,79.91999816894531,755000
2007-09-17,79.9000015258789,79.9000015258789,78.76000213623047,78.94999694824219,78.94999694824219,490000
2007-09-18,78.94000244140625,79.25,78.4800033569336,79.04000091552734,79.04000091552734,1070000
2007-09-19,79.45999908447266,79.76000213623047,78.0,78.0,78.0,1145000
2007-09-20,78.19999694824219,79.08000183105469,78.18000030517578,78.30000305175781,78.30000305175781,790000
2007-09-21,78.23999786376953,79.0,77.80000305175781,77.80000305175781,77.80000305175781,990000
2007-09-24,77.81999969482422,78.44000244140625,77.77999877929688,78.08000183105469,78.08000183105469,1165000
2007-09-25,77.63999938964844,78.27999877929688,77.63999938964844,77.88999938964844,77.88999938964844,575000
2007-09-26,77.81999969482422,78.19999694824219,77.62000274658203,77.9800033569336,77.9800033569336,925000
2007-09-27,77.9800033569336,78.2699966430664,77.8499984741211,78.2699966430664,78.2699966430664,730000
2007-09-28,78.23999786376953,79.30000305175781,77.95999908447266,79.04000091552734,79.04000091552734,760000
2007-10-01,79.4000015258789,79.54000091552734,78.9800033569336,79.18000030517578,79.18000030517578,765000
2007-10-02,79.30000305175781,79.93000030517578,79.18000030517578,79.93000030517578,79.93000030517578,790000
2007-10-03,79.93000030517578,79.9800033569336,79.31999969482422,79.63999938964844,79.63999938964844,630000
2007-10-04,79.80000305175781,80.08000183105469,79.4000015258789,79.4000015258789,79.4000015258789,925000
2007-10-05,79.19999694824219,80.58000183105469,79.19999694824219,80.58000183105469,80.58000183105469,950000
2007-10-08,80.58000183105469,82.5199966430664,80.4800033569336,82.19999694824219,82.19999694824219,1035000
2007-10-09,81.83999633789062,82.4800033569336,81.33999633789062,81.77999877929688,81.77999877929688,1010000
2007-10-10,81.72000122070312,83.19999694824219,81.68000030517578,83.19999694824219,83.19999694824219,1115000
2007-10-11,83.19999694824219,84.19999694824219,83.08000183105469,83.9000015258789,83.9000015258789,645000
2007-10-12,84.0,85.80000305175781,84.0,84.68000030517578,84.68000030517578,1620000
2007-10-15,85.0,85.13999938964844,83.76000213623047,84.16000366210938,84.16000366210938,1010000
2007-10-16,84.23999786376953,84.94000244140625,84.04000091552734,84.63999938964844,84.63999938964844,695000
2007-10-17,85.0999984741211,86.69999694824219,85.05000305175781,86.69999694824219,86.69999694824219,1735000
2007-10-18,86.4000015258789,86.4800033569336,85.5,86.0,86.0,865000
2007-10-19,86.0999984741211,86.0999984741211,84.44000244140625,84.86000061035156,84.86000061035156,805000
2007-10-22,84.72000122070312,84.72000122070312,83.91999816894531,84.26000213623047,84.26000213623047,555000
2007-10-23,84.26000213623047,85.36000061035156,84.26000213623047,85.12000274658203,85.12000274658203,760000
2007-10-24,85.44000244140625,85.45999908447266,84.69999694824219,84.94000244140625,84.94000244140625,520000
2007-10-25,84.94000244140625,85.05000305175781,84.55999755859375,85.05000305175781,85.05000305175781,745000
2007-10-26,84.80000305175781,87.83000183105469,84.66000366210938,84.66000366210938,84.66000366210938,750000
2007-10-29,85.12000274658203,85.63999938964844,84.86000061035156,85.45999908447266,85.45999908447266,600000
2007-10-30,85.54000091552734,86.0,85.37999725341797,85.80000305175781,85.80000305175781,495000
2007-10-31,85.9000015258789,88.27999877929688,85.69999694824219,88.27999877929688,88.27999877929688,1035000
2007-11-01,88.0,88.72000122070312,87.33999633789062,87.54000091552734,87.54000091552734,1405000
2007-11-02,87.80000305175781,88.33999633789062,87.66000366210938,88.04000091552734,88.04000091552734,865000
2007-11-05,89.4000015258789,89.44000244140625,88.33999633789062,88.73999786376953,88.73999786376953,1840000
2007-11-06,88.77999877929688,89.69999694824219,88.73999786376953,89.47000122070312,89.47000122070312,2340000
2007-11-07,89.91999816894531,90.20999908447266,89.33999633789062,90.05999755859375,90.05999755859375,1065000
2007-11-08,90.05999755859375,90.54000091552734,89.19999694824219,89.69999694824219,89.69999694824219,1675000
2007-11-09,89.69999694824219,89.72000122070312,88.0,88.66000366210938,88.66000366210938,1705000
2007-11-12,88.13999938964844,89.55999755859375,87.4800033569336,89.37999725341797,89.37999725341797,1550000
2007-11-13,89.72000122070312,90.68000030517578,89.55999755859375,90.4800033569336,90.4800033569336,1615000
2007-11-14,90.66000366210938,91.77999877929688,90.19999694824219,91.4000015258789,91.4000015258789,2000000
2007-11-15,91.4800033569336,92.5,89.5999984741211,90.11000061035156,90.11000061035156,1190000
2007-11-16,90.91999816894531,90.95999908447266,90.36000061035156,90.87999725341797,90.87999725341797,895000
2007-11-19,90.87999725341797,91.30000305175781,90.54000091552734,91.30000305175781,91.30000305175781,1005000
2007-11-20,91.26000213623047,91.68000030517578,90.87999725341797,91.02999877929688,91.02999877929688,1270000
2007-11-21,91.0,91.0,89.30000305175781,89.43000030517578,89.43000030517578,1495000
2007-11-23,89.23999786376953,89.63999938964844,89.23999786376953,89.5,89.5,525000
2007-11-26,89.5999984741211,91.26000213623047,89.2300033569336,91.26000213623047,91.26000213623047,1490000
2007-11-27,91.4800033569336,91.58000183105469,91.04000091552734,91.54000091552734,91.54000091552734,975000
2007-11-28,91.4800033569336,92.44000244140625,91.4800033569336,91.5,91.5,1600000
2007-11-29,91.4000015258789,92.88999938964844,91.4000015258789,92.76000213623047,92.76000213623047,760000
2007-11-30,93.5,93.95999908447266,92.62000274658203,93.80000305175781,93.80000305175781,1035000
2007-12-03,94.12000274658203,96.30000305175781,93.80000305175781,95.0,95.0,1575000
2007-12-04,95.91999816894531,96.45999908447266,94.30000305175781,96.44999694824219,96.44999694824219,1505000
2007-12-05,97.19999694824219,98.5999984741211,97.16000366210938,98.0999984741211,98.0999984741211,1645000
2007-12-06,98.5999984741211,99.69999694824219,98.26000213623047,99.0199966430664,99.0199966430664,1170000
2007-12-07,99.9000015258789,100.72000122070312,98.95999908447266,99.0,99.0,1650000
2007-12-10,99.4000015258789,99.80000305175781,99.30000305175781,99.69999694824219,99.69999694824219,1075000
2007-12-11,100.19999694824219,101.18000030517578,98.44000244140625,98.44000244140625,98.44000244140625,1085000
2007-12-12,100.4000015258789,100.4000015258789,93.4000015258789,96.18000030517578,96.18000030517578,1675000
2007-12-13,96.0,96.0,92.5199966430664,94.69999694824219,94.69999694824219,1525000
2007-12-14,94.5199966430664,95.68000030517578,90.9000015258789,95.08000183105469,95.08000183105469,1515000
2007-12-17,93.0999984741211,93.0999984741211,89.19999694824219,90.5,90.5,1975000
2007-12-18,90.30000305175781,91.5,87.30000305175781,90.19999694824219,90.19999694824219,2215000
2007-12-19,90.19999694824219,90.19999694824219,88.63999938964844,89.55999755859375,89.55999755859375,595000
2007-12-20,90.19999694824219,90.19999694824219,87.66000366210938,88.81999969482422,88.81999969482422,1190000
2007-12-21,88.4000015258789,89.5,87.95999908447266,89.5,89.5,1385000
2007-12-24,89.66000366210938,91.4000015258789,89.5,90.80000305175781,90.80000305175781,745000
2007-12-26,91.95999908447266,92.76000213623047,91.08000183105469,91.4000015258789,91.4000015258789,1190000
2007-12-27,92.16000366210938,92.18000030517578,91.16000366210938,91.45999908447266,91.45999908447266,630000
2007-12-28,92.0,93.9000015258789,92.0,93.69999694824219,93.69999694824219,940000
2007-12-31,95.5,95.95999908447266,94.26000213623047,94.72000122070312,94.72000122070312,1050000
2008-01-02,94.80000305175781,94.9800033569336,90.66000366210938,92.0999984741211,92.0999984741211,1780000
2008-01-03,92.68000030517578,93.86000061035156,92.16000366210938,93.0,93.0,1040000
2008-01-04,92.83999633789062,92.83999633789062,89.76000213623047,91.0,91.0,1415000
2008-01-07,90.54000091552734,90.95999908447266,88.19999694824219,88.76000213623047,88.76000213623047,1285000
2008-01-08,88.4000015258789,89.55999755859375,87.5999984741211,88.30000305175781,88.30000305175781,1030000
2008-01-09,87.95999908447266,88.19999694824219,84.76000213623047,86.30000305175781,86.30000305175781,1475000
2008-01-10,86.55999755859375,89.9000015258789,85.0,89.22000122070312,89.22000122070312,1320000
2008-01-11,89.18000030517578,89.26000213623047,86.36000061035156,87.54000091552734,87.54000091552734,835000
2008-01-14,88.55999755859375,88.58000183105469,86.19999694824219,86.55000305175781,86.55000305175781,545000
2008-01-15,86.19999694824219,86.76000213623047,85.19999694824219,85.31999969482422,85.31999969482422,1075000
2008-01-16,84.5,85.4800033569336,83.5,84.5,84.5,1140000
2008-01-17,84.62000274658203,87.9000015258789,84.19999694824219,86.95999908447266,86.95999908447266,1455000
2008-01-18,88.31999969482422,90.0,87.41999816894531,88.0999984741211,88.0999984741211,1450000
2008-01-22,83.19999694824219,91.5999984741211,83.0,91.37999725341797,91.37999725341797,1970000
2008-01-23,89.19999694824219,92.69999694824219,89.0,92.0,92.0,1690000
2008-01-24,96.0,96.9800033569336,91.5199966430664,92.37999725341797,92.37999725341797,2090000
2008-01-25,92.5999984741211,93.19999694824219,92.19999694824219,92.5999984741211,92.5999984741211,1890000
2008-01-28,92.63999938964844,93.0999984741211,90.19999694824219,90.4000015258789,90.4000015258789,885000
2008-01-29,91.69999694824219,93.0,91.5,92.9000015258789,92.9000015258789,940000
2008-01-30,94.0,94.0,91.62000274658203,92.31999969482422,92.31999969482422,1175000
2008-01-31,94.19999694824219,94.19999694824219,91.0,91.0,91.0,1460000
2008-02-01,91.19999694824219,92.66000366210938,90.0,90.45999908447266,90.45999908447266,915000
2008-02-04,91.0,92.12999725341797,90.0199966430664,90.0199966430664,90.0199966430664,700000
2008-02-05,90.04000091552734,91.04000091552734,89.44000244140625,90.9000015258789,90.9000015258789,845000
2008-02-06,91.19999694824219,91.54000091552734,89.62000274658203,90.80000305175781,90.80000305175781,605000
2008-02-07,90.5999984741211,91.76000213623047,89.33999633789062,90.76000213623047,90.76000213623047,735000
2008-02-08,91.66000366210938,92.22000122070312,91.0,91.83999633789062,91.83999633789062,705000
2008-02-11,92.80000305175781,92.94000244140625,91.30000305175781,92.9000015258789,92.9000015258789,820000
2008-02-12,93.0999984741211,93.4000015258789,92.83999633789062,93.18000030517578,93.18000030517578,1530000
2008-02-13,93.37999725341797,96.5999984741211,93.22000122070312,95.36000061035156,95.36000061035156,2540000
2008-02-14,96.0,96.77999877929688,95.0,95.37999725341797,95.37999725341797,1440000
2008-02-15,95.5999984741211,95.9000015258789,93.55999755859375,95.9000015258789,95.9000015258789,770000
2008-02-19,96.80000305175781,97.16000366210938,94.19999694824219,95.80000305175781,95.80000305175781,840000
2008-02-20,95.5999984741211,96.05999755859375,95.0,95.5,95.5,600000
2008-02-21,96.0,96.0,94.0,94.0199966430664,94.0199966430664,630000
2008-02-22,94.0199966430664,94.54000091552734,92.0,92.95999908447266,92.95999908447266,645000
2008-02-25,93.45999908447266,93.95999908447266,92.0999984741211,93.12000274658203,93.12000274658203,600000
2008-02-26,92.45999908447266,93.19999694824219,92.4000015258789,92.5199966430664,92.5199966430664,710000
2008-02-27,92.5199966430664,93.88999938964844,92.41999816894531,93.68000030517578,93.68000030517578,545000
2008-02-28,93.66000366210938,93.95999908447266,92.80000305175781,93.19999694824219,93.19999694824219,695000
2008-02-29,93.0999984741211,93.77999877929688,92.5,93.48999786376953,93.48999786376953,910000
2008-03-03,92.04000091552734,92.04000091552734,89.04000091552734,90.18000030517578,90.18000030517578,2075000
2008-03-04,90.0,91.5,89.55999755859375,91.5,91.5,1295000
2008-03-05,92.12000274658203,92.4000015258789,90.9800033569336,92.18000030517578,92.18000030517578,950000
2008-03-06,92.13999938964844,92.13999938964844,90.05999755859375,90.44000244140625,90.44000244140625,760000
2008-03-07,89.69999694824219,90.37999725341797,89.0,89.23999786376953,89.23999786376953,1005000
2008-03-10,88.91999816894531,89.18000030517578,86.86000061035156,87.26000213623047,87.26000213623047,1140000
2008-03-11,87.80000305175781,88.73999786376953,87.0,88.0,88.0,1280000
2008-03-12,88.5,88.58000183105469,86.80000305175781,87.13999938964844,87.13999938964844,910000
2008-03-13,86.66000366210938,87.37999725341797,86.0,86.68000030517578,86.68000030517578,810000
2008-03-14,86.80000305175781,86.80000305175781,85.5999984741211,86.36000061035156,86.36000061035156,1150000
2008-03-17,84.9000015258789,86.36000061035156,84.5999984741211,84.9000015258789,84.9000015258789,1420000
2008-03-18,84.91999816894531,87.0,84.91999816894531,86.11000061035156,86.11000061035156,940000
2008-03-19,87.19999694824219,87.19999694824219,85.19999694824219,85.30999755859375,85.30999755859375,1015000
2008-03-20,85.30000305175781,87.0,85.0199966430664,86.95999908447266,86.95999908447266,1485000
2008-03-24,87.54000091552734,87.94000244140625,86.41999816894531,86.81999969482422,86.81999969482422,1110000
2008-03-25,87.0999984741211,87.55999755859375,86.0,86.0,86.0,1160000
2008-03-26,86.30000305175781,86.38999938964844,85.5,85.63999938964844,85.63999938964844,1005000
2008-03-27,86.0,87.5,85.55999755859375,87.4000015258789,87.4000015258789,1010000
2008-03-28,87.4000015258789,89.26000213623047,87.30000305175781,89.04000091552734,89.04000091552734,905000
2008-03-31,89.58000183105469,90.1500015258789,89.02999877929688,89.45999908447266,89.45999908447266,1135000
2008-04-01,90.0,90.37999725341797,87.5999984741211,88.80000305175781,88.80000305175781,1815000
2008-04-02,89.0999984741211,89.0999984741211,87.0999984741211,87.29000091552734,87.29000091552734,1535000
2008-04-03,87.0999984741211,87.69999694824219,86.5199966430664,86.83999633789062,86.83999633789062,910000
2008-04-04,87.19999694824219,87.5999984741211,86.80000305175781,87.37999725341797,87.37999725341797,820000
2008-04-07,87.91999816894531,88.27999877929688,86.5999984741211,88.0999984741211,88.0999984741211,740000
2008-04-08,88.5999984741211,88.5999984741211,87.33999633789062,88.30000305175781,88.30000305175781,835000
2008-04-09,88.4000015258789,88.5999984741211,87.19999694824219,87.80000305175781,87.80000305175781,805000
2008-04-10,87.87999725341797,88.19999694824219,87.0,87.58000183105469,87.58000183105469,720000
2008-04-11,87.30000305175781,87.77999877929688,86.0199966430664,87.08000183105469,87.08000183105469,740000
2008-04-14,87.4800033569336,87.5,85.55000305175781,85.72000122070312,85.72000122070312,1075000
2008-04-15,85.73999786376953,86.0,85.22000122070312,85.80000305175781,85.80000305175781,765000
2008-04-16,86.0,86.4000015258789,85.81999969482422,86.4000015258789,86.4000015258789,905000
2008-04-17,86.27999877929688,86.29000091552734,85.41999816894531,85.63999938964844,85.63999938964844,825000
2008-04-18,86.0999984741211,86.0999984741211,85.55999755859375,85.76000213623047,85.76000213623047,1115000
2008-04-21,85.86000061035156,85.95999908447266,85.20999908447266,85.5,85.5,740000
2008-04-22,85.72000122070312,85.72000122070312,84.66000366210938,84.81999969482422,84.81999969482422,745000
2008-04-23,84.94000244140625,85.1500015258789,84.44000244140625,84.72000122070312,84.72000122070312,700000
2008-04-24,85.33999633789062,85.33999633789062,84.23999786376953,84.5,84.5,830000
2008-04-25,84.5,84.76000213623047,84.4000015258789,84.5999984741211,84.5999984741211,770000
2008-04-28,85.0,85.86000061035156,84.80000305175781,85.41999816894531,85.41999816894531,1055000
2008-04-29,85.9800033569336,87.66000366210938,85.69999694824219,87.66000366210938,87.66000366210938,880000
2008-04-30,88.12000274658203,89.13999938964844,87.5999984741211,89.13999938964844,89.13999938964844,1345000
2008-05-01,89.18000030517578,89.44000244140625,88.19999694824219,89.19999694824219,89.19999694824219,740000
2008-05-02,90.0,90.04000091552734,88.30000305175781,88.95999908447266,88.95999908447266,920000
2008-05-05,88.95999908447266,88.95999908447266,86.33999633789062,86.66999816894531,86.66999816894531,1425000
2008-05-06,87.0999984741211,87.0999984741211,86.0999984741211,86.9000015258789,86.9000015258789,1685000
2008-05-07,87.23999786376953,87.23999786376953,85.19999694824219,85.25,85.25,1595000
2008-05-08,85.80000305175781,86.08000183105469,85.25,85.5999984741211,85.5999984741211,1085000
2008-05-09,85.62000274658203,85.87999725341797,83.5,83.58000183105469,83.58000183105469,1840000
2008-05-12,83.33999633789062,83.69999694824219,81.73999786376953,81.9000015258789,81.9000015258789,1945000
2008-05-13,82.19999694824219,83.69999694824219,82.19999694824219,82.95999908447266,82.95999908447266,1135000
2008-05-14,83.48999786376953,84.0,82.19999694824219,82.38999938964844,82.38999938964844,2000000
2008-05-15,82.80000305175781,83.76000213623047,80.91999816894531,81.30000305175781,81.30000305175781,2045000
2008-05-16,81.4000015258789,82.12000274658203,80.80000305175781,81.54000091552734,81.54000091552734,1570000
2008-05-19,82.0999984741211,82.9000015258789,82.0999984741211,82.38999938964844,82.38999938964844,1345000
2008-05-20,83.13999938964844,83.33999633789062,81.62000274658203,82.0199966430664,82.0199966430664,1390000
2008-05-21,82.0,82.08000183105469,80.69999694824219,81.19999694824219,81.19999694824219,1175000
2008-05-22,81.27999877929688,82.12000274658203,80.80000305175781,82.11000061035156,82.11000061035156,1070000
2008-05-23,82.36000061035156,83.69999694824219,81.62000274658203,82.5999984741211,82.5999984741211,1535000
2008-05-27,82.4000015258789,85.9000015258789,81.69999694824219,85.9000015258789,85.9000015258789,3015000
2008-05-28,85.9000015258789,86.80000305175781,85.45999908447266,86.76000213623047,86.76000213623047,2350000
2008-05-29,86.80000305175781,88.29000091552734,86.43000030517578,88.0199966430664,88.0199966430664,2265000
2008-05-30,89.0999984741211,90.4000015258789,87.44000244140625,89.95999908447266,89.95999908447266,8935000
2008-06-02,89.68000030517578,90.4000015258789,86.9000015258789,87.80000305175781,87.80000305175781,1850000
2008-06-03,87.80000305175781,90.04000091552734,87.41999816894531,89.4000015258789,89.4000015258789,1840000
2008-06-04,88.80000305175781,89.19000244140625,87.0,87.0,87.0,1620000
2008-06-05,87.5999984741211,87.9800033569336,86.63999938964844,87.0999984741211,87.0999984741211,1350000
2008-06-06,86.5999984741211,86.83999633789062,85.5999984741211,85.72000122070312,85.72000122070312,775000
2008-06-09,85.69999694824219,85.72000122070312,84.0,84.83999633789062,84.83999633789062,1060000
2008-06-10,84.13999938964844,85.63999938964844,84.0,84.5,84.5,835000
2008-06-11,84.81999969482422,85.5199966430664,84.0,84.4000015258789,84.4000015258789,930000
2008-06-12,84.45999908447266,84.9000015258789,84.0,84.5,84.5,1470000
2008-06-13,84.4800033569336,85.0,84.0999984741211,84.94000244140625,84.94000244140625,1010000
2008-06-16,84.5999984741211,85.04000091552734,83.76000213623047,83.95999908447266,83.95999908447266,775000
2008-06-17,84.27999877929688,84.69999694824219,83.91999816894531,84.13999938964844,84.13999938964844,915000
2008-06-18,84.08000183105469,84.13999938964844,82.0999984741211,83.9800033569336,83.9800033569336,1385000
2008-06-19,83.69999694824219,83.83999633789062,80.19999694824219,83.26000213623047,83.26000213623047,590000
2008-06-20,83.26000213623047,83.5,82.30000305175781,83.08000183105469,83.08000183105469,910000
2008-06-23,82.9800033569336,83.30999755859375,81.0999984741211,81.30000305175781,81.30000305175781,950000
2008-06-24,81.30000305175781,81.9800033569336,80.33000183105469,81.83999633789062,81.83999633789062,900000
2008-06-25,81.69999694824219,82.9000015258789,81.19999694824219,81.33999633789062,81.33999633789062,710000
2008-06-26,81.16000366210938,81.55999755859375,80.05999755859375,80.75,80.75,1310000
2008-06-27,80.4000015258789,81.5999984741211,80.0199966430664,80.33000183105469,80.33000183105469,1200000
2008-06-30,80.04000091552734,80.33999633789062,79.5999984741211,80.23999786376953,80.23999786376953,1210000
2008-07-01,79.63999938964844,80.19999694824219,79.30000305175781,79.9800033569336,79.9800033569336,1240000
2008-07-02,79.63999938964844,80.0,78.80999755859375,78.95999908447266,78.95999908447266,1200000
2008-07-03,78.80000305175781,78.94000244140625,76.02999877929688,77.9000015258789,77.9000015258789,1875000
2008-07-07,78.72000122070312,79.80000305175781,77.0,78.81999969482422,78.81999969482422,1835000
2008-07-08,78.9000015258789,79.62000274658203,78.55999755859375,79.33999633789062,79.33999633789062,1270000
2008-07-09,79.33999633789062,80.0,79.13999938964844,79.69999694824219,79.69999694824219,770000
2008-07-10,79.68000030517578,81.83999633789062,79.12000274658203,79.4800033569336,79.4800033569336,610000
2008-07-11,79.4800033569336,79.4800033569336,77.5199966430664,78.18000030517578,78.18000030517578,1030000
2008-07-14,78.0999984741211,78.69999694824219,76.69999694824219,77.13999938964844,77.13999938964844,1290000
2008-07-15,76.5999984741211,77.4800033569336,74.5999984741211,76.63999938964844,76.63999938964844,2030000
2008-07-16,75.76000213623047,76.9800033569336,75.0,75.80000305175781,75.80000305175781,1790000
2008-07-17,77.80000305175781,78.0,75.58000183105469,77.30000305175781,77.30000305175781,1395000
2008-07-18,77.80000305175781,78.4800033569336,77.31999969482422,78.27999877929688,78.27999877929688,1625000
2008-07-21,78.5,79.36000061035156,78.19999694824219,78.73999786376953,78.73999786376953,1010000
2008-07-22,78.44000244140625,79.0,77.23999786376953,78.72000122070312,78.72000122070312,1070000
2008-07-23,79.55999755859375,79.55999755859375,78.16000366210938,78.5,78.5,2715000
2008-07-24,78.80000305175781,78.87999725341797,76.73999786376953,76.91999816894531,76.91999816894531,1005000
2008-07-25,77.19999694824219,77.41999816894531,75.0,75.4000015258789,75.4000015258789,1265000
2008-07-28,75.4000015258789,75.5,74.0199966430664,74.5999984741211,74.5999984741211,1125000
2008-07-29,75.0,75.0,74.13999938964844,74.30000305175781,74.30000305175781,1155000
2008-07-30,74.66000366210938,76.0999984741211,74.0999984741211,76.0999984741211,76.0999984741211,2240000
2008-07-31,75.86000061035156,77.5999984741211,74.80000305175781,76.58000183105469,76.58000183105469,1225000
2008-08-01,76.9000015258789,78.0999984741211,76.45999908447266,77.73999786376953,77.73999786376953,845000
2008-08-04,77.9000015258789,78.16000366210938,76.1500015258789,76.54000091552734,76.54000091552734,530000
2008-08-05,76.5,77.4000015258789,76.31999969482422,76.9800033569336,76.9800033569336,1560000
2008-08-06,77.16000366210938,77.55999755859375,76.33999633789062,77.55999755859375,77.55999755859375,800000
2008-08-07,77.0999984741211,77.4000015258789,75.22000122070312,77.08000183105469,77.08000183105469,1880000
2008-08-08,76.68000030517578,77.19999694824219,75.0999984741211,76.95999908447266,76.95999908447266,1125000
2008-08-11,77.19999694824219,78.95999908447266,76.76000213623047,78.19999694824219,78.19999694824219,1655000
2008-08-12,78.5999984741211,78.69999694824219,76.5,76.76000213623047,76.76000213623047,885000
2008-08-13,77.4000015258789,77.4800033569336,75.69999694824219,76.0999984741211,76.0999984741211,1405000
2008-08-14,76.0999984741211,78.0,75.7699966430664,77.86000061035156,77.86000061035156,1070000
2008-08-15,78.0999984741211,80.0,77.91999816894531,80.0,80.0,1160000
2008-08-18,79.94000244140625,79.94000244140625,78.0199966430664,78.4800033569336,78.4800033569336,800000
2008-08-19,78.5999984741211,78.86000061035156,77.27999877929688,78.0,78.0,870000
2008-08-20,77.69999694824219,78.16000366210938,76.9000015258789,77.0999984741211,77.0999984741211,855000
2008-08-21,76.9000015258789,77.19999694824219,76.36000061035156,76.69999694824219,76.69999694824219,700000
2008-08-22,76.9000015258789,77.9000015258789,76.9000015258789,77.4000015258789,77.4000015258789,640000
2008-08-25,77.0999984741211,77.55999755859375,76.5199966430664,77.33000183105469,77.33000183105469,1050000
2008-08-26,77.0,77.27999877929688,76.51000213623047,77.04000091552734,77.04000091552734,770000
2008-08-27,76.0,77.76000213623047,76.0,77.0999984741211,77.0999984741211,895000
2008-08-28,77.36000061035156,78.66000366210938,77.33000183105469,78.5999984741211,78.5999984741211,885000
2008-08-29,78.55999755859375,78.76000213623047,77.26000213623047,78.04000091552734,78.04000091552734,845000
2008-09-02,78.5,80.0,78.5,79.98999786376953,79.98999786376953,1515000
2008-09-03,79.95999908447266,80.29000091552734,78.76000213623047,80.29000091552734,80.29000091552734,890000
2008-09-04,80.0,80.63999938964844,78.01000213623047,78.91999816894531,78.91999816894531,975000
2008-09-05,78.5999984741211,78.77999877929688,77.77999877929688,78.23999786376953,78.23999786376953,820000
2008-09-08,80.19999694824219,80.4000015258789,78.63999938964844,79.91999816894531,79.91999816894531,1275000
2008-09-09,79.9800033569336,79.9800033569336,78.5,79.06999969482422,79.06999969482422,915000
2008-09-10,78.44000244140625,78.9000015258789,77.9000015258789,77.9000015258789,77.9000015258789,1465000
2008-09-11,77.30000305175781,78.22000122070312,77.0,78.22000122070312,78.22000122070312,695000
2008-09-12,77.80000305175781,79.83999633789062,77.5199966430664,79.5999984741211,79.5999984741211,1875000
2008-09-15,77.0,82.08000183105469,76.4000015258789,80.30000305175781,80.30000305175781,2510000
2008-09-16,79.9000015258789,83.5,78.91999816894531,83.5,83.5,2745000
2008-09-17,84.0,84.0,81.91999816894531,83.30000305175781,83.30000305175781,2700000
2008-09-18,83.5999984741211,85.9800033569336,80.94000244140625,85.0,85.0,2975000
2008-09-19,89.80000305175781,91.9000015258789,85.5999984741211,91.9000015258789,91.9000015258789,3505000
2008-09-22,89.0,89.69000244140625,84.5,87.0999984741211,87.0999984741211,1935000
2008-09-23,85.0,87.0999984741211,84.54000091552734,86.0,86.0,1085000
2008-09-24,90.0,90.0,88.0,89.5,89.5,2250000
2008-09-25,89.5,90.08000183105469,87.81999969482422,88.80000305175781,88.80000305175781,1540000
2008-09-26,86.80000305175781,89.48999786376953,86.63999938964844,88.5,88.5,1050000
2008-09-29,87.95999908447266,89.16000366210938,86.0,89.16000366210938,89.16000366210938,1715000
2008-09-30,89.0,89.0,86.5999984741211,87.9000015258789,87.9000015258789,1770000
2008-10-01,88.19999694824219,91.4800033569336,87.31999969482422,91.30000305175781,91.30000305175781,2865000
2008-10-02,91.5,92.5,90.0,92.16000366210938,92.16000366210938,3695000
2008-10-03,92.36000061035156,94.0,91.4000015258789,93.0,93.0,2630000
2008-10-06,88.80000305175781,88.9000015258789,85.19999694824219,87.80000305175781,87.80000305175781,3105000
2008-10-07,86.5999984741211,87.77999877929688,82.0,82.5,82.5,2460000
2008-10-08,79.5999984741211,82.0,78.0,78.5999984741211,78.5999984741211,3570000
2008-10-09,81.9000015258789,81.95999908447266,73.5,77.0999984741211,77.0999984741211,4110000
2008-10-10,60.0,76.95999908447266,60.0,75.5999984741211,75.5999984741211,6525000
2008-10-13,81.5999984741211,81.80000305175781,78.80000305175781,78.9000015258789,78.9000015258789,3650000
2008-10-14,81.5999984741211,81.63999938964844,78.22000122070312,79.16000366210938,79.16000366210938,2860000
2008-10-15,79.0,79.0,75.5999984741211,75.91999816894531,75.91999816894531,1530000
2008-10-16,75.5999984741211,75.77999877929688,72.62000274658203,75.30000305175781,75.30000305175781,2015000
2008-10-17,74.5999984741211,80.45999908447266,74.0199966430664,79.5199966430664,79.5199966430664,1890000
2008-10-20,80.80000305175781,82.63999938964844,80.4000015258789,82.58000183105469,82.58000183105469,1950000
2008-10-21,82.55999755859375,83.55999755859375,80.5999984741211,81.19999694824219,81.19999694824219,1615000
2008-10-22,79.69999694824219,79.69999694824219,76.94000244140625,78.97000122070312,78.97000122070312,1380000
2008-10-23,77.0,78.91999816894531,74.94000244140625,77.0,77.0,1995000
2008-10-24,73.19999694824219,75.80000305175781,73.13999938964844,74.26000213623047,74.26000213623047,2450000
2008-10-27,73.0999984741211,74.0999984741211,70.22000122070312,70.4000015258789,70.4000015258789,2755000
2008-10-28,70.5999984741211,72.77999877929688,68.16000366210938,70.19999694824219,70.19999694824219,3295000
2008-10-29,71.80000305175781,74.36000061035156,71.19999694824219,73.9000015258789,73.9000015258789,2010000
2008-10-30,75.5999984741211,76.16000366210938,72.68000030517578,74.5999984741211,74.5999984741211,1865000
2008-10-31,73.4000015258789,76.9800033569336,73.4000015258789,76.80000305175781,76.80000305175781,1935000
2008-11-03,76.0,78.36000061035156,75.80000305175781,77.19999694824219,77.19999694824219,1665000
2008-11-04,78.0,79.37999725341797,77.0199966430664,79.0,79.0,1240000
2008-11-05,78.5999984741211,79.0,76.76000213623047,77.80000305175781,77.80000305175781,1150000
2008-11-06,76.0,77.36000061035156,74.0,74.0,74.0,1740000
2008-11-07,74.19999694824219,75.30000305175781,73.04000091552734,73.72000122070312,73.72000122070312,2195000
2008-11-10,73.0199966430664,73.5999984741211,70.4000015258789,70.77999877929688,70.77999877929688,1945000
2008-11-11,70.0999984741211,70.19999694824219,68.0,69.19999694824219,69.19999694824219,3105000
2008-11-12,68.30000305175781,69.0,66.66999816894531,67.19999694824219,67.19999694824219,2600000
2008-11-13,66.0199966430664,68.5,62.220001220703125,68.5,68.5,4305000
2008-11-14,67.69999694824219,68.69999694824219,66.04000091552734,67.77999877929688,67.77999877929688,2200000
2008-11-17,66.0199966430664,66.18000030517578,62.7599983215332,62.79999923706055,62.79999923706055,2095000
2008-11-18,62.400001525878906,64.19999694824219,60.20000076293945,62.5,62.5,3140000
2008-11-19,60.900001525878906,61.540000915527344,55.20000076293945,55.65999984741211,55.65999984741211,5480000
2008-11-20,54.0,55.939998626708984,49.02000045776367,52.400001525878906,52.400001525878906,9165000
2008-11-21,53.599998474121094,58.400001525878906,52.099998474121094,58.279998779296875,58.279998779296875,4650000
2008-11-24,60.79999923706055,64.94000244140625,59.0,59.0,59.0,5740000
2008-11-25,60.20000076293945,64.80000305175781,60.13999938964844,64.27999877929688,64.27999877929688,2685000
2008-11-26,62.20000076293945,67.66000366210938,62.0,67.19999694824219,67.19999694824219,2500000
2008-11-28,66.4000015258789,69.9800033569336,65.41999816894531,69.9800033569336,69.9800033569336,1205000
2008-12-01,65.0,67.45999908447266,62.369998931884766,65.5999984741211,65.5999984741211,1990000
2008-12-02,65.19999694824219,68.05999755859375,64.0,66.72000122070312,66.72000122070312,2220000
2008-12-03,65.19999694824219,68.4000015258789,65.04000091552734,67.51000213623047,67.51000213623047,2505000
2008-12-04,66.19999694824219,68.36000061035156,64.19999694824219,65.5999984741211,65.5999984741211,1405000
2008-12-05,63.79999923706055,68.18000030517578,62.20000076293945,67.19999694824219,67.19999694824219,2070000
2008-12-08,68.0999984741211,71.08000183105469,67.63999938964844,70.79000091552734,70.79000091552734,2985000
2008-12-09,69.19999694824219,71.19999694824219,68.54000091552734,70.86000061035156,70.86000061035156,2085000
2008-12-10,70.4000015258789,71.08000183105469,68.23999786376953,68.9000015258789,68.9000015258789,1710000
2008-12-11,66.5999984741211,68.55999755859375,64.87999725341797,66.80000305175781,66.80000305175781,1665000
2008-12-12,63.099998474121094,66.9800033569336,63.0,64.83999633789062,64.83999633789062,1935000
2008-12-15,64.19999694824219,65.7699966430664,62.599998474121094,63.31999969482422,63.31999969482422,2080000
2008-12-16,63.400001525878906,66.83999633789062,63.31999969482422,66.55999755859375,66.55999755859375,2155000
2008-12-17,65.0999984741211,66.9800033569336,65.0999984741211,66.0,66.0,1240000
2008-12-18,66.30000305175781,66.91999816894531,63.79999923706055,65.5999984741211,65.5999984741211,1315000
2008-12-19,65.5999984741211,66.37999725341797,63.599998474121094,64.23999786376953,64.23999786376953,1225000
2008-12-22,64.5999984741211,65.0,62.040000915527344,63.97999954223633,63.97999954223633,1200000
2008-12-23,63.29999923706055,63.599998474121094,60.959999084472656,62.86000061035156,62.86000061035156,1170000
2008-12-24,62.900001525878906,63.380001068115234,62.15999984741211,62.29999923706055,62.29999923706055,495000
2008-12-26,62.2400016784668,62.84000015258789,61.599998474121094,62.2599983215332,62.2599983215332,520000
2008-12-29,62.79999923706055,62.900001525878906,60.79999923706055,61.7599983215332,61.7599983215332,1270000
2008-12-30,62.099998474121094,62.68000030517578,60.20000076293945,61.119998931884766,61.119998931884766,1910000
2008-12-31,60.79999923706055,64.95999908447266,60.0,64.27999877929688,64.27999877929688,2005000
2009-01-02,64.0999984741211,66.72000122070312,63.599998474121094,66.45999908447266,66.45999908447266,1355000
2009-01-05,66.86000061035156,68.0999984741211,65.81999969482422,66.9800033569336,66.9800033569336,1435000
2009-01-06,67.69999694824219,68.31999969482422,66.33999633789062,66.66000366210938,66.66000366210938,1100000
2009-01-07,66.66000366210938,66.66000366210938,62.220001220703125,63.79999923706055,63.79999923706055,1320000
2009-01-08,63.779998779296875,65.4800033569336,62.0,65.33999633789062,65.33999633789062,1375000
2009-01-09,65.5,65.5,62.36000061035156,62.81999969482422,62.81999969482422,1125000
2009-01-12,65.0,65.0,62.400001525878906,62.779998779296875,62.779998779296875,1085000
2009-01-13,62.400001525878906,64.5,62.29999923706055,63.959999084472656,63.959999084472656,1190000
2009-01-14,63.0,63.29999923706055,62.0,62.0,62.0,1050000
2009-01-15,62.0,62.029998779296875,60.0,61.86000061035156,61.86000061035156,2355000
2009-01-16,62.79999923706055,63.04999923706055,60.040000915527344,60.5,60.5,1240000
2009-01-20,60.099998474121094,60.36000061035156,56.20000076293945,57.65999984741211,57.65999984741211,2835000
2009-01-21,59.900001525878906,61.41999816894531,56.84000015258789,58.779998779296875,58.779998779296875,1600000
2009-01-22,57.779998779296875,59.36000061035156,57.040000915527344,59.15999984741211,59.15999984741211,1640000
2009-01-23,57.779998779296875,58.2400016784668,56.81999969482422,56.97999954223633,56.97999954223633,2410000
2009-01-26,56.97999954223633,58.68000030517578,55.79999923706055,56.0,56.0,1585000
2009-01-27,56.70000076293945,58.099998474121094,56.099998474121094,57.11000061035156,57.11000061035156,1020000
2009-01-28,58.5,61.0,58.20000076293945,59.880001068115234,59.880001068115234,1705000
2009-01-29,58.08000183105469,59.47999954223633,50.02000045776367,58.0,58.0,1615000
2009-01-30,58.29999923706055,60.119998931884766,56.7400016784668,59.779998779296875,59.779998779296875,1665000
2009-02-02,57.79999923706055,59.15999984741211,57.70000076293945,59.08000183105469,59.08000183105469,990000
2009-02-03,58.900001525878906,68.4000015258789,58.52000045776367,59.599998474121094,59.599998474121094,1040000
2009-02-04,59.599998474121094,60.540000915527344,59.13999938964844,59.880001068115234,59.880001068115234,900000
2009-02-05,59.34000015258789,62.0,56.83000183105469,57.41999816894531,57.41999816894531,2310000
2009-02-06,57.70000076293945,58.7599983215332,57.70000076293945,58.20000076293945,58.20000076293945,1565000
2009-02-09,58.13999938964844,59.18000030517578,58.040000915527344,58.52000045776367,58.52000045776367,1035000
2009-02-10,58.20000076293945,59.540000915527344,55.79999923706055,56.65999984741211,56.65999984741211,2150000
2009-02-11,57.119998931884766,58.380001068115234,56.15999984741211,57.900001525878906,57.900001525878906,1240000
2009-02-12,57.70000076293945,58.86000061035156,56.7599983215332,57.93000030517578,57.93000030517578,1200000
2009-02-13,57.52000045776367,59.18000030517578,56.86000061035156,57.20000076293945,57.20000076293945,855000
2009-02-17,56.040000915527344,56.400001525878906,55.220001220703125,55.400001525878906,55.400001525878906,2015000
2009-02-18,55.400001525878906,55.400001525878906,51.79999923706055,52.29999923706055,52.29999923706055,3770000
2009-02-19,52.119998931884766,53.540000915527344,50.0,50.33000183105469,50.33000183105469,3735000
2009-02-20,50.0,50.099998474121094,44.81999969482422,47.7400016784668,47.7400016784668,8800000
2009-02-23,48.02000045776367,49.58000183105469,46.040000915527344,47.20000076293945,47.20000076293945,4380000
2009-02-24,46.060001373291016,51.36000061035156,46.060001373291016,51.04999923706055,51.04999923706055,3100000
2009-02-25,50.099998474121094,52.65999984741211,49.2400016784668,51.34000015258789,51.34000015258789,2950000
2009-02-26,51.29999923706055,52.540000915527344,50.560001373291016,51.279998779296875,51.279998779296875,2125000
2009-02-27,48.20000076293945,51.97999954223633,47.29999923706055,51.279998779296875,51.279998779296875,4815000
2009-03-02,47.70000076293945,49.68000030517578,47.02000045776367,48.880001068115234,48.880001068115234,4695000
2009-03-03,48.959999084472656,49.779998779296875,46.63999938964844,47.400001525878906,47.400001525878906,3500000
2009-03-04,48.65999984741211,49.79999923706055,46.79999923706055,49.0,49.0,3100000
2009-03-05,47.400001525878906,47.779998779296875,45.41999816894531,46.0,46.0,4610000
2009-03-06,46.099998474121094,47.70000076293945,45.599998474121094,46.540000915527344,46.540000915527344,2005000
2009-03-09,45.08000183105469,47.79999923706055,45.02000045776367,46.20000076293945,46.20000076293945,2515000
2009-03-10,46.5,55.099998474121094,46.5,55.099998474121094,55.099998474121094,5025000
2009-03-11,55.459999084472656,56.58000183105469,53.31999969482422,54.79999923706055,54.79999923706055,3865000
2009-03-12,54.400001525878906,57.79999923706055,52.5,55.61000061035156,55.61000061035156,2790000
2009-03-13,56.5,56.560001373291016,53.220001220703125,54.83000183105469,54.83000183105469,1870000
2009-03-16,56.900001525878906,56.900001525878906,52.619998931884766,52.84000015258789,52.84000015258789,1695000
2009-03-17,52.29999923706055,54.099998474121094,52.220001220703125,54.08000183105469,54.08000183105469,1210000
2009-03-18,54.0,55.86000061035156,53.560001373291016,54.7400016784668,54.7400016784668,1835000
2009-03-19,55.959999084472656,56.34000015258789,55.060001373291016,55.5,55.5,1470000
2009-03-20,55.5,56.13999938964844,55.060001373291016,55.060001373291016,55.060001373291016,1450000
2009-03-23,56.29999923706055,59.779998779296875,56.29999923706055,58.81999969482422,58.81999969482422,3045000
2009-03-24,59.13999938964844,59.779998779296875,58.099998474121094,58.439998626708984,58.439998626708984,2485000
2009-03-25,58.7599983215332,59.68000030517578,57.099998474121094,58.0,58.0,2530000
2009-03-26,58.20000076293945,59.599998474121094,57.400001525878906,59.15999984741211,59.15999984741211,1855000
2009-03-27,58.5,59.560001373291016,58.20000076293945,58.400001525878906,58.400001525878906,1415000
2009-03-30,56.900001525878906,56.959999084472656,55.060001373291016,56.20000076293945,56.20000076293945,1595000
2009-03-31,57.7599983215332,58.31999969482422,56.0,56.400001525878906,56.400001525878906,1790000
2009-04-01,55.29999923706055,56.86000061035156,55.099998474121094,56.380001068115234,56.380001068115234,2345000
2009-04-02,57.79999923706055,59.279998779296875,57.560001373291016,58.119998931884766,58.119998931884766,2090000
2009-04-03,58.29999923706055,60.29999923706055,57.959999084472656,60.08000183105469,60.08000183105469,1620000
2009-04-06,60.0,60.459999084472656,59.11000061035156,59.939998626708984,59.939998626708984,2210000
2009-04-07,60.0,60.0,57.58000183105469,58.400001525878906,58.400001525878906,1505000
2009-04-08,58.5,58.70000076293945,57.439998626708984,58.29999923706055,58.29999923706055,1020000
2009-04-09,60.29999923706055,61.29999923706055,59.70000076293945,61.02000045776367,61.02000045776367,2840000
2009-04-13,60.0,61.459999084472656,59.099998474121094,61.439998626708984,61.439998626708984,1975000
2009-04-14,60.79999923706055,61.15999984741211,59.20000076293945,59.880001068115234,59.880001068115234,1330000
2009-04-15,59.63999938964844,60.380001068115234,59.220001220703125,59.65999984741211,59.65999984741211,735000
2009-04-16,60.20000076293945,60.880001068115234,59.900001525878906,60.5,60.5,1315000
2009-04-17,60.5,61.43000030517578,59.7400016784668,60.2400016784668,60.2400016784668,1390000
2009-04-20,59.58000183105469,59.79999923706055,58.099998474121094,58.599998474121094,58.599998474121094,1445000
2009-04-21,57.599998474121094,58.439998626708984,57.220001220703125,58.0,58.0,2425000
2009-04-22,56.900001525878906,58.15999984741211,56.02000045776367,56.02000045776367,56.02000045776367,2275000
2009-04-23,56.220001220703125,58.150001525878906,55.13999938964844,56.2599983215332,56.2599983215332,1605000
2009-04-24,56.900001525878906,58.599998474121094,56.18000030517578,58.20000076293945,58.20000076293945,2700000
2009-04-27,56.79999923706055,59.79999923706055,56.41999816894531,58.619998931884766,58.619998931884766,1880000
2009-04-28,58.0,58.97999954223633,57.70000076293945,58.22999954223633,58.22999954223633,1545000
2009-04-29,59.0,61.470001220703125,58.61000061035156,61.470001220703125,61.470001220703125,2610000
2009-04-30,62.0,63.099998474121094,60.81999969482422,61.29999923706055,61.29999923706055,2125000
2009-05-01,61.099998474121094,61.619998931884766,60.29999923706055,60.880001068115234,60.880001068115234,1305000
2009-05-04,61.5,62.29999923706055,60.900001525878906,62.29999923706055,62.29999923706055,1520000
2009-05-05,62.0,62.459999084472656,60.34000015258789,61.939998626708984,61.939998626708984,1220000
2009-05-06,62.20000076293945,62.20000076293945,60.86000061035156,61.79999923706055,61.79999923706055,1870000
2009-05-07,62.63999938964844,62.81999969482422,60.86000061035156,61.040000915527344,61.040000915527344,2390000
2009-05-08,62.0,62.63999938964844,61.68000030517578,62.63999938964844,62.63999938964844,2790000
2009-05-11,61.31999969482422,61.36000061035156,59.20000076293945,59.20000076293945,59.20000076293945,2300000
2009-05-12,59.540000915527344,59.880001068115234,58.41999816894531,58.779998779296875,58.779998779296875,1355000
2009-05-13,58.29999923706055,58.29999923706055,57.040000915527344,57.40999984741211,57.40999984741211,1375000
2009-05-14,57.040000915527344,58.7599983215332,56.91999816894531,58.38999938964844,58.38999938964844,1350000
2009-05-15,57.84000015258789,58.939998626708984,57.84000015258789,58.0,58.0,1290000
2009-05-18,58.5,59.18000030517578,58.41999816894531,58.86000061035156,58.86000061035156,1325000
2009-05-19,58.65999984741211,60.2400016784668,58.65999984741211,60.0,60.0,1550000
2009-05-20,61.18000030517578,61.18000030517578,59.599998474121094,59.599998474121094,59.599998474121094,1335000
2009-05-21,59.040000915527344,59.2599983215332,58.20000076293945,58.58000183105469,58.58000183105469,1385000
2009-05-22,58.52000045776367,58.63999938964844,57.63999938964844,58.15999984741211,58.15999984741211,930000
2009-05-26,58.02000045776367,59.959999084472656,57.810001373291016,59.779998779296875,59.779998779296875,2415000
2009-05-27,58.970001220703125,60.16999816894531,58.220001220703125,58.65999984741211,58.65999984741211,1505000
2009-05-28,58.599998474121094,59.2599983215332,57.79999923706055,58.0,58.0,1605000
2009-05-29,58.400001525878906,59.439998626708984,58.119998931884766,59.439998626708984,59.439998626708984,1585000
2009-06-01,59.709999084472656,60.540000915527344,56.400001525878906,59.689998626708984,59.689998626708984,1455000
2009-06-02,59.2599983215332,60.099998474121094,59.02000045776367,59.959999084472656,59.959999084472656,1185000
2009-06-03,59.2400016784668,59.619998931884766,58.34000015258789,58.47999954223633,58.47999954223633,1005000
2009-06-04,58.70000076293945,59.150001525878906,58.400001525878906,58.65999984741211,58.65999984741211,1275000
2009-06-05,58.880001068115234,59.20000076293945,58.220001220703125,58.400001525878906,58.400001525878906,1160000
2009-06-08,58.060001373291016,58.63999938964844,57.970001220703125,58.63999938964844,58.63999938964844,675000
2009-06-09,58.900001525878906,59.84000015258789,58.34000015258789,59.560001373291016,59.560001373291016,1370000
2009-06-10,59.939998626708984,59.939998626708984,58.47999954223633,58.5,58.5,1055000
2009-06-11,58.34000015258789,59.540000915527344,58.34000015258789,59.29999923706055,59.29999923706055,1340000
2009-06-12,59.18000030517578,59.900001525878906,58.81999969482422,59.470001220703125,59.470001220703125,1500000
2009-06-15,58.79999923706055,58.959999084472656,58.060001373291016,58.58000183105469,58.58000183105469,1455000
2009-06-16,58.70000076293945,58.86000061035156,57.970001220703125,58.220001220703125,58.220001220703125,980000
2009-06-17,58.29999923706055,58.29999923706055,57.099998474121094,57.47999954223633,57.47999954223633,1555000
2009-06-18,57.13999938964844,57.34000015258789,56.41999816894531,56.58000183105469,56.58000183105469,1765000
2009-06-19,56.720001220703125,57.099998474121094,56.0099983215332,56.099998474121094,56.099998474121094,1530000
2009-06-22,56.0,56.060001373291016,55.20000076293945,55.599998474121094,55.599998474121094,1675000
2009-06-23,55.0,55.459999084472656,54.81999969482422,55.22999954223633,55.22999954223633,1605000
2009-06-24,55.29999923706055,56.31999969482422,55.29999923706055,55.880001068115234,55.880001068115234,1770000
2009-06-25,55.97999954223633,56.86000061035156,55.65999984741211,56.040000915527344,56.040000915527344,1195000
2009-06-26,56.0,56.380001068115234,55.900001525878906,56.02000045776367,56.02000045776367,1035000
2009-06-29,55.959999084472656,57.16999816894531,55.5,56.900001525878906,56.900001525878906,1560000
2009-06-30,56.97999954223633,57.91999816894531,56.959999084472656,57.91999816894531,57.91999816894531,1845000
2009-07-01,57.939998626708984,58.70000076293945,57.81999969482422,58.47999954223633,58.47999954223633,1475000
2009-07-02,58.13999938964844,58.18000030517578,57.2400016784668,57.86000061035156,57.86000061035156,950000
2009-07-06,57.02000045776367,57.66999816894531,56.4900016784668,57.099998474121094,57.099998474121094,1985000
2009-07-07,57.2400016784668,57.2400016784668,56.02000045776367,56.20000076293945,56.20000076293945,1280000
2009-07-08,56.689998626708984,56.689998626708984,55.119998931884766,56.220001220703125,56.220001220703125,1880000
2009-07-09,56.220001220703125,56.47999954223633,55.29999923706055,55.41999816894531,55.41999816894531,1120000
2009-07-10,55.29999923706055,55.5,54.65999984741211,54.900001525878906,54.900001525878906,1255000
2009-07-13,55.20000076293945,57.040000915527344,55.20000076293945,56.560001373291016,56.560001373291016,2160000
2009-07-14,56.959999084472656,57.5,56.7599983215332,57.400001525878906,57.400001525878906,1400000
2009-07-15,57.849998474121094,59.2599983215332,57.79999923706055,58.79999923706055,58.79999923706055,1820000
2009-07-16,58.70000076293945,58.790000915527344,58.060001373291016,58.459999084472656,58.459999084472656,1220000
2009-07-17,58.70000076293945,59.13999938964844,58.439998626708984,59.02000045776367,59.02000045776367,1195000
2009-07-20,59.040000915527344,59.540000915527344,58.93000030517578,59.470001220703125,59.470001220703125,1080000
2009-07-21,59.7599983215332,59.86000061035156,59.36000061035156,59.5,59.5,1520000
2009-07-22,59.20000076293945,60.08000183105469,59.15999984741211,60.029998779296875,60.029998779296875,1520000
2009-07-23,60.099998474121094,61.439998626708984,59.84000015258789,61.34000015258789,61.34000015258789,2305000
2009-07-24,61.279998779296875,62.54999923706055,60.75,62.54999923706055,62.54999923706055,2045000
2009-07-27,62.400001525878906,62.7599983215332,61.81999969482422,62.65999984741211,62.65999984741211,2350000
2009-07-28,62.5,62.70000076293945,61.91999816894531,62.70000076293945,62.70000076293945,1650000
2009-07-29,62.58000183105469,62.58000183105469,62.130001068115234,62.41999816894531,62.41999816894531,1695000
2009-07-30,62.70000076293945,64.0,62.70000076293945,63.65999984741211,63.65999984741211,3535000
2009-07-31,63.779998779296875,63.79999923706055,63.33000183105469,63.61000061035156,63.61000061035156,2020000
2009-08-03,64.0199966430664,66.08000183105469,64.0,65.4000015258789,65.4000015258789,3545000
2009-08-04,65.4000015258789,66.08000183105469,65.19999694824219,65.98999786376953,65.98999786376953,1410000
2009-08-05,66.33000183105469,69.94000244140625,66.0999984741211,69.04000091552734,69.04000091552734,2625000
2009-08-06,70.19999694824219,70.83999633789062,68.23999786376953,70.3499984741211,70.3499984741211,2865000
2009-08-07,71.0,71.37999725341797,69.31999969482422,70.80000305175781,70.80000305175781,3080000
2009-08-10,70.19999694824219,70.37999725341797,66.22000122070312,67.80000305175781,67.80000305175781,2645000
2009-08-11,67.5999984741211,67.5999984741211,65.0,65.4000015258789,65.4000015258789,1750000
2009-08-12,65.33999633789062,67.5,65.33999633789062,66.43000030517578,66.43000030517578,1715000
2009-08-13,67.13999938964844,67.80000305175781,66.19999694824219,67.0999984741211,67.0999984741211,1280000
2009-08-14,66.44000244140625,66.91999816894531,66.13999938964844,66.58000183105469,66.58000183105469,1090000
2009-08-17,64.86000061035156,65.19999694824219,63.099998474121094,64.5999984741211,64.5999984741211,1440000
2009-08-18,64.81999969482422,65.62000274658203,64.66000366210938,65.5,65.5,960000
2009-08-19,64.69999694824219,66.7699966430664,64.69999694824219,65.19999694824219,65.19999694824219,1560000
2009-08-20,65.73999786376953,65.77999877929688,64.81999969482422,65.48999786376953,65.48999786376953,960000
2009-08-21,66.27999877929688,66.62000274658203,65.9000015258789,66.58999633789062,66.58999633789062,1095000
2009-08-24,66.8499984741211,67.62000274658203,66.31999969482422,66.51000213623047,66.51000213623047,1225000
2009-08-25,67.19999694824219,67.4000015258789,66.43000030517578,66.87999725341797,66.87999725341797,1605000
2009-08-26,66.33999633789062,66.81999969482422,65.72000122070312,65.95999908447266,65.95999908447266,1070000
2009-08-27,66.0,66.0,64.70999908447266,65.76000213623047,65.76000213623047,1350000
2009-08-28,66.30000305175781,66.63999938964844,65.95999908447266,66.13999938964844,66.13999938964844,1375000
2009-08-31,65.31999969482422,65.79000091552734,64.75,65.72000122070312,65.72000122070312,1180000
2009-09-01,65.86000061035156,65.91999816894531,63.70000076293945,64.5999984741211,64.5999984741211,1550000
2009-09-02,63.959999084472656,64.16000366210938,63.619998931884766,63.79999923706055,63.79999923706055,865000
2009-09-03,64.0999984741211,64.54000091552734,63.83000183105469,64.19999694824219,64.19999694824219,1050000
2009-09-04,63.939998626708984,64.23999786376953,63.709999084472656,64.23999786376953,64.23999786376953,1040000
2009-09-08,65.4800033569336,65.69999694824219,63.880001068115234,64.0,64.0,1215000
2009-09-09,64.30000305175781,65.11000061035156,63.7400016784668,64.80000305175781,64.80000305175781,1675000
2009-09-10,65.19999694824219,65.37999725341797,64.80000305175781,65.01000213623047,65.01000213623047,1005000
2009-09-11,65.04000091552734,65.5,65.0199966430664,65.27999877929688,65.27999877929688,780000
2009-09-14,65.0,65.30999755859375,64.58000183105469,65.13999938964844,65.13999938964844,690000
2009-09-15,65.19999694824219,66.0,64.9000015258789,65.98999786376953,65.98999786376953,2015000
2009-09-16,66.4000015258789,68.5199966430664,66.33999633789062,67.62000274658203,67.62000274658203,2110000
2009-09-17,68.04000091552734,69.0,67.0999984741211,67.37999725341797,67.37999725341797,1295000
2009-09-18,67.4000015258789,68.19999694824219,66.5999984741211,66.5999984741211,66.5999984741211,2365000
2009-09-21,67.0999984741211,67.18000030517578,66.36000061035156,66.41999816894531,66.41999816894531,1275000
2009-09-22,66.9800033569336,67.19999694824219,66.16000366210938,67.19999694824219,67.19999694824219,1655000
2009-09-23,67.33999633789062,67.9000015258789,66.94000244140625,67.19999694824219,67.19999694824219,1325000
2009-09-24,67.12000274658203,67.30000305175781,66.0199966430664,66.22000122070312,66.22000122070312,1250000
2009-09-25,66.18000030517578,66.23999786376953,65.0,65.36000061035156,65.36000061035156,1615000
2009-09-28,65.72000122070312,66.08000183105469,65.37999725341797,65.81999969482422,65.81999969482422,1370000
2009-09-29,65.54000091552734,67.1500015258789,65.5199966430664,66.81999969482422,66.81999969482422,2115000
2009-09-30,66.41999816894531,67.18000030517578,66.13999938964844,66.45999908447266,66.45999908447266,1125000
2009-10-01,65.62999725341797,66.54000091552734,64.69999694824219,65.22000122070312,65.22000122070312,1475000
2009-10-02,64.36000061035156,65.41999816894531,64.22000122070312,65.29000091552734,65.29000091552734,1825000
2009-10-05,65.0999984741211,66.0,64.86000061035156,65.69999694824219,65.69999694824219,1270000
2009-10-06,66.16000366210938,66.4800033569336,65.69999694824219,65.77999877929688,65.77999877929688,3210000
2009-10-07,65.19999694824219,65.94000244140625,65.19999694824219,65.80000305175781,65.80000305175781,1245000
2009-10-08,65.51000213623047,66.30000305175781,65.51000213623047,65.70999908447266,65.70999908447266,1285000
2009-10-09,65.4800033569336,65.77999877929688,65.0,65.73999786376953,65.73999786376953,1455000
2009-10-12,65.76000213623047,65.95999908447266,65.36000061035156,65.5999984741211,65.5999984741211,1080000
2009-10-13,65.5,65.91999816894531,65.38999938964844,65.80000305175781,65.80000305175781,2570000
2009-10-14,66.4000015258789,67.0999984741211,66.23999786376953,67.05999755859375,67.05999755859375,1760000
2009-10-15,66.9800033569336,67.20999908447266,66.5199966430664,67.20999908447266,67.20999908447266,1350000
2009-10-16,66.5999984741211,67.01000213623047,66.05000305175781,66.12000274658203,66.12000274658203,1660000
2009-10-19,66.45999908447266,66.58000183105469,66.0,66.55999755859375,66.55999755859375,1885000
2009-10-20,66.76000213623047,66.9800033569336,65.72000122070312,66.01000213623047,66.01000213623047,1115000
2009-10-21,66.19999694824219,66.37999725341797,65.66999816894531,65.66999816894531,65.66999816894531,1265000
2009-10-22,65.87999725341797,66.77999877929688,65.44000244140625,66.77999877929688,66.77999877929688,1790000
2009-10-23,66.5,66.9000015258789,65.80000305175781,66.36000061035156,66.36000061035156,1520000
2009-10-26,66.27999877929688,66.58000183105469,65.66000366210938,65.86000061035156,65.86000061035156,1655000
2009-10-27,65.80000305175781,66.08000183105469,65.6500015258789,66.06999969482422,66.06999969482422,1255000
2009-10-28,65.62000274658203,66.0,65.30000305175781,65.5999984741211,65.5999984741211,1450000
2009-10-29,65.83000183105469,66.30000305175781,65.72000122070312,66.12000274658203,66.12000274658203,1125000
2009-10-30,66.12000274658203,66.6500015258789,65.19999694824219,65.66000366210938,65.66000366210938,2080000
2009-11-02,65.5999984741211,66.0999984741211,64.81999969482422,65.30000305175781,65.30000305175781,1620000
2009-11-03,66.0,66.76000213623047,65.83999633789062,66.51000213623047,66.51000213623047,4490000
2009-11-04,67.5999984741211,68.9800033569336,66.9800033569336,67.62000274658203,67.62000274658203,5925000
2009-11-05,68.45999908447266,68.45999908447266,66.58000183105469,67.9000015258789,67.9000015258789,2780000
2009-11-06,67.5999984741211,69.0999984741211,67.54000091552734,68.5,68.5,2890000
2009-11-09,70.0,70.0,68.5,68.5,68.5,3465000
2009-11-10,68.9000015258789,68.9000015258789,67.69999694824219,67.69999694824219,67.69999694824219,2345000
2009-11-11,68.0999984741211,68.33999633789062,67.81999969482422,67.9000015258789,67.9000015258789,1880000
2009-11-12,68.08000183105469,68.19999694824219,67.47000122070312,68.06999969482422,68.06999969482422,1415000
2009-11-13,68.23999786376953,68.5999984741211,67.94000244140625,68.22000122070312,68.22000122070312,1745000
2009-11-16,68.5999984741211,68.86000061035156,68.04000091552734,68.62999725341797,68.62999725341797,1700000
2009-11-17,68.68000030517578,68.91000366210938,68.51000213623047,68.5999984741211,68.5999984741211,1240000
2009-11-18,68.69999694824219,69.48999786376953,68.69999694824219,69.04000091552734,69.04000091552734,2020000
2009-11-19,69.0,69.0199966430664,68.55000305175781,69.0,69.0,1445000
2009-11-20,68.86000061035156,69.18000030517578,68.72000122070312,68.94000244140625,68.94000244140625,1155000
2009-11-23,69.31999969482422,69.63999938964844,68.5999984741211,68.80000305175781,68.80000305175781,1525000
2009-11-24,69.0,69.0,67.95999908447266,68.30000305175781,68.30000305175781,1550000
2009-11-25,68.55000305175781,69.58999633789062,67.9000015258789,68.05999755859375,68.05999755859375,1800000
2009-11-27,67.38999938964844,68.0,67.19999694824219,67.63999938964844,67.63999938964844,1450000
2009-11-30,67.22000122070312,67.31999969482422,66.66999816894531,67.05999755859375,67.05999755859375,2230000
2009-12-01,67.45999908447266,67.45999908447266,66.94999694824219,67.05000305175781,67.05000305175781,3335000
2009-12-02,67.26000213623047,67.30999755859375,66.62000274658203,66.73999786376953,66.73999786376953,1500000
2009-12-03,66.98999786376953,67.0,65.81999969482422,65.81999969482422,65.81999969482422,1980000
2009-12-04,66.4800033569336,66.5199966430664,66.05999755859375,66.4000015258789,66.4000015258789,1520000
2009-12-07,66.19999694824219,66.7699966430664,66.0999984741211,66.30999755859375,66.30999755859375,1370000
2009-12-08,66.4000015258789,66.4000015258789,65.91999816894531,66.27999877929688,66.27999877929688,1610000
2009-12-09,66.4000015258789,66.4000015258789,65.5,65.68000030517578,65.68000030517578,1640000
2009-12-10,65.87999725341797,66.08000183105469,65.22000122070312,65.5199966430664,65.5199966430664,1835000
2009-12-11,65.62999725341797,65.9000015258789,65.4000015258789,65.73999786376953,65.73999786376953,1375000
2009-12-14,66.12000274658203,66.2699966430664,65.76000213623047,66.26000213623047,66.26000213623047,1220000
2009-12-15,66.16000366210938,66.5,65.77999877929688,66.19999694824219,66.19999694824219,2890000
2009-12-16,66.37999725341797,66.45999908447266,66.02999877929688,66.16999816894531,66.16999816894531,2110000
2009-12-17,66.18000030517578,66.18000030517578,65.5199966430664,65.7699966430664,65.7699966430664,1545000
2009-12-18,65.5999984741211,66.06999969482422,65.2699966430664,66.06999969482422,66.06999969482422,1900000
2009-12-21,65.80999755859375,66.11000061035156,65.72000122070312,65.9800033569336,65.9800033569336,2725000
2009-12-22,66.12000274658203,66.12000274658203,65.7300033569336,66.0999984741211,66.0999984741211,1115000
2009-12-23,65.83999633789062,65.9800033569336,65.5,65.72000122070312,65.72000122070312,1040000
2009-12-24,65.63999938964844,65.91999816894531,65.5,65.73999786376953,65.73999786376953,610000
2009-12-28,65.5999984741211,65.80000305175781,65.5,65.70999908447266,65.70999908447266,1080000
2009-12-29,65.69999694824219,65.79000091552734,65.4000015258789,65.5999984741211,65.5999984741211,1105000
2009-12-30,65.66000366210938,65.79000091552734,65.5999984741211,65.79000091552734,65.79000091552734,560000
2009-12-31,65.80000305175781,66.0199966430664,65.5999984741211,65.72000122070312,65.72000122070312,975000
2010-01-04,66.0,66.5,65.91999816894531,66.22000122070312,66.22000122070312,1575000
2010-01-05,66.38999938964844,66.58999633789062,66.1500015258789,66.54000091552734,66.54000091552734,1310000
2010-01-06,66.5,66.5,66.19999694824219,66.19999694824219,66.19999694824219,1760000
2010-01-07,66.19999694824219,66.51000213623047,66.13999938964844,66.45999908447266,66.45999908447266,1505000
2010-01-08,66.4800033569336,66.4800033569336,66.30000305175781,66.44000244140625,66.44000244140625,1500000
2010-01-11,66.63999938964844,66.87000274658203,66.16000366210938,66.5,66.5,2620000
2010-01-12,66.22000122070312,66.54000091552734,66.0,66.0,66.0,1740000
2010-01-13,66.22000122070312,66.45999908447266,65.98999786376953,66.0,66.0,1535000
2010-01-14,66.19999694824219,66.19999694824219,65.8499984741211,65.95999908447266,65.95999908447266,1325000
2010-01-15,66.30000305175781,66.30000305175781,64.72000122070312,64.94000244140625,64.94000244140625,2570000
2010-01-19,65.5199966430664,66.76000213623047,65.25,66.63999938964844,66.63999938964844,5535000
2010-01-20,67.5199966430664,70.05000305175781,66.80000305175781,69.5199966430664,69.5199966430664,12475000
2010-01-21,71.12999725341797,73.43000030517578,70.51000213623047,72.72000122070312,72.72000122070312,14497200
2010-01-22,72.9000015258789,73.2699966430664,69.36000061035156,70.0999984741211,70.0999984741211,8783200
2010-01-25,71.4800033569336,71.7699966430664,68.22000122070312,68.83999633789062,68.83999633789062,6568600
2010-01-26,69.33000183105469,69.68000030517578,67.87000274658203,68.0,68.0,5233900
2010-01-27,73.27999877929688,73.27999877929688,69.91000366210938,71.36000061035156,71.36000061035156,19886200
2010-01-28,71.94000244140625,73.98999786376953,71.79000091552734,73.75,73.75,14114100
2010-01-29,74.55000305175781,77.79000091552734,74.41999816894531,76.43000030517578,76.43000030517578,17297400
2010-02-01,77.79000091552734,78.0,74.62000274658203,75.41000366210938,75.41000366210938,13131500
2010-02-02,75.69999694824219,76.16999816894531,74.91000366210938,75.51000213623047,75.51000213623047,7978500
2010-02-03,75.43000030517578,75.51000213623047,74.1500015258789,74.36000061035156,74.36000061035156,7204000
2010-02-04,73.80000305175781,73.80000305175781,72.05000305175781,72.61000061035156,72.61000061035156,11190200
2010-02-05,72.25,73.69000244140625,71.61000061035156,73.56999969482422,73.56999969482422,11737900
2010-02-08,73.98999786376953,74.5,72.93000030517578,74.2300033569336,74.2300033569336,11992500
2010-02-09,74.72000122070312,74.72000122070312,73.9000015258789,74.52999877929688,74.52999877929688,13563700
2010-02-10,74.54000091552734,74.58999633789062,74.25,74.41999816894531,74.41999816894531,13792400
2010-02-11,74.5,76.80000305175781,74.1500015258789,76.69000244140625,76.69000244140625,23040200
2010-02-12,77.1500015258789,77.86000061035156,74.56999969482422,76.9000015258789,76.9000015258789,316134200
2010-02-16,75.87999725341797,76.16000366210938,75.6500015258789,76.05000305175781,76.05000305175781,25006300
2010-02-17,76.33999633789062,76.41000366210938,75.44000244140625,76.25,76.25,11576500
2010-02-18,76.19000244140625,76.69999694824219,75.86000061035156,76.63999938964844,76.63999938964844,9288300
2010-02-19,76.62000274658203,79.3499984741211,76.5,78.73999786376953,78.73999786376953,24692700
2010-02-22,79.27999877929688,80.08999633789062,78.31999969482422,79.55999755859375,79.55999755859375,16954300
2010-02-23,79.30000305175781,80.05999755859375,78.9800033569336,79.1500015258789,79.1500015258789,14902000
2010-02-24,79.54000091552734,80.0,78.80999755859375,79.68000030517578,79.68000030517578,12045300
2010-02-25,79.0199966430664,79.4000015258789,78.62999725341797,79.4000015258789,79.4000015258789,10176000
2010-02-26,79.66999816894531,80.18000030517578,79.0999984741211,80.12999725341797,80.12999725341797,10651200
2010-03-01,79.98999786376953,81.94000244140625,79.13999938964844,81.91000366210938,81.91000366210938,16667500
2010-03-02,82.29000091552734,82.7300033569336,80.75,80.7699966430664,80.7699966430664,15162600
2010-03-03,81.36000061035156,83.1500015258789,80.75,82.94999694824219,82.94999694824219,11875100
2010-03-04,83.0999984741211,83.33000183105469,82.41999816894531,82.68000030517578,82.68000030517578,8268300
2010-03-05,83.20999908447266,83.4000015258789,82.81999969482422,83.36000061035156,83.36000061035156,8266900
2010-03-08,83.56999969482422,83.56999969482422,82.6500015258789,82.79000091552734,82.79000091552734,7878900
2010-03-09,82.6500015258789,82.72000122070312,82.0199966430664,82.47000122070312,82.47000122070312,6188600
2010-03-10,82.54000091552734,82.83999633789062,81.6500015258789,82.06999969482422,82.06999969482422,5880700
2010-03-11,81.73999786376953,82.38999938964844,81.41000366210938,82.36000061035156,82.36000061035156,5527200
2010-03-12,82.62999725341797,82.8499984741211,81.69000244140625,82.23999786376953,82.23999786376953,4731100
2010-03-15,82.22000122070312,82.5,81.81999969482422,82.16999816894531,82.16999816894531,4740400
2010-03-16,82.27999877929688,82.51000213623047,81.73999786376953,82.30000305175781,82.30000305175781,4542100
2010-03-17,82.48999786376953,82.63999938964844,82.01000213623047,82.5,82.5,4365200
2010-03-18,82.5,82.55000305175781,82.0,82.3499984741211,82.3499984741211,3732600
2010-03-19,82.05999755859375,82.9800033569336,81.80000305175781,82.05999755859375,82.05999755859375,9720100
2010-03-22,81.55000305175781,82.37999725341797,81.19999694824219,82.37000274658203,82.37000274658203,4107700
2010-03-23,82.44999694824219,82.44999694824219,81.69999694824219,82.33000183105469,82.33000183105469,5008000
2010-03-24,81.95999908447266,82.0,81.0,81.44000244140625,81.44000244140625,5773000
2010-03-25,81.66999816894531,82.27999877929688,81.36000061035156,81.69999694824219,81.69999694824219,5460900
2010-03-26,81.68000030517578,82.1500015258789,80.94999694824219,81.30000305175781,81.30000305175781,4816000
2010-03-29,81.54000091552734,81.95999908447266,81.54000091552734,81.75,81.75,3579300
2010-03-30,81.54000091552734,81.81999969482422,81.43000030517578,81.5999984741211,81.5999984741211,3618900
2010-03-31,81.19999694824219,81.48999786376953,80.80999755859375,81.2699966430664,81.2699966430664,4307500
2010-04-01,81.5999984741211,81.94999694824219,81.02999877929688,81.6500015258789,81.6500015258789,3213500
2010-04-05,81.91999816894531,81.94999694824219,81.0,81.16000366210938,81.16000366210938,3601600
2010-04-06,81.0,81.0199966430664,80.5199966430664,80.91000366210938,80.91000366210938,3238300
2010-04-07,80.80999755859375,80.83999633789062,79.51000213623047,79.94999694824219,79.94999694824219,5196900
2010-04-08,79.44999694824219,79.73999786376953,79.11000061035156,79.68000030517578,79.68000030517578,3972300
2010-04-09,79.81999969482422,80.55000305175781,79.51000213623047,80.48999786376953,80.48999786376953,3130900
2010-04-12,80.80000305175781,81.08999633789062,80.12999725341797,80.4800033569336,80.4800033569336,2341600
2010-04-13,80.20999908447266,80.69000244140625,79.69999694824219,80.44999694824219,80.44999694824219,3071800
2010-04-14,80.55999755859375,81.05000305175781,80.2699966430664,80.88999938964844,80.88999938964844,3267400
2010-04-15,80.77999877929688,80.80000305175781,79.80000305175781,80.06999969482422,80.06999969482422,3912500
2010-04-16,79.8499984741211,80.2300033569336,75.5199966430664,78.72000122070312,78.72000122070312,12106000
2010-04-19,78.16999816894531,79.58999633789062,77.58000183105469,79.4800033569336,79.4800033569336,5146500
2010-04-20,79.87000274658203,80.12000274658203,79.31999969482422,80.01000213623047,80.01000213623047,3447100
2010-04-21,80.19999694824219,80.19999694824219,78.11000061035156,78.87000274658203,78.87000274658203,3983400
2010-04-22,78.25,78.8499984741211,77.3499984741211,78.68000030517578,78.68000030517578,4402000
2010-04-23,78.55999755859375,79.08999633789062,77.94999694824219,78.94999694824219,78.94999694824219,3868800
2010-04-26,78.98999786376953,79.66999816894531,78.94999694824219,79.23999786376953,79.23999786376953,4657400
2010-04-27,78.31999969482422,78.66999816894531,76.56999969482422,76.69000244140625,76.69000244140625,6036900
2010-04-28,77.0,77.68000030517578,76.9000015258789,77.16999816894531,77.16999816894531,4355700
2010-04-29,77.70999908447266,78.13999938964844,77.63999938964844,78.08999633789062,78.08999633789062,4334900
2010-04-30,77.9000015258789,78.45999908447266,77.0,77.0,77.0,4841900
2010-05-03,77.69999694824219,78.62000274658203,77.45999908447266,78.44000244140625,78.44000244140625,4280300
2010-05-04,78.05000305175781,78.05000305175781,76.29000091552734,76.61000061035156,76.61000061035156,4662400
2010-05-05,75.80000305175781,76.9800033569336,75.51000213623047,76.69999694824219,76.69999694824219,4785100
2010-05-06,76.41000366210938,77.25,71.5,74.58999633789062,74.58999633789062,10384300
2010-05-07,74.25,75.8499984741211,72.7300033569336,74.41000366210938,74.41000366210938,9018300
2010-05-10,77.06999969482422,78.30000305175781,76.62999725341797,78.2300033569336,78.2300033569336,7535300
2010-05-11,77.43000030517578,78.80000305175781,76.86000061035156,77.61000061035156,77.61000061035156,4919200
2010-05-12,77.69000244140625,78.55000305175781,77.20999908447266,78.0,78.0,3611600
2010-05-13,77.88999938964844,78.0999984741211,77.16999816894531,77.2699966430664,77.2699966430664,3429100
2010-05-14,77.1500015258789,77.20999908447266,75.30999755859375,76.2300033569336,76.2300033569336,5366600
2010-05-17,76.05999755859375,76.52999877929688,75.0199966430664,76.30999755859375,76.30999755859375,3707100
2010-05-18,76.36000061035156,77.36000061035156,75.25,75.47000122070312,75.47000122070312,4386500
2010-05-19,75.05000305175781,76.30000305175781,74.26000213623047,75.83000183105469,75.83000183105469,4675600
2010-05-20,74.4000015258789,74.61000061035156,72.25,72.27999877929688,72.27999877929688,7728800
2010-05-21,71.13999938964844,73.25,70.0,73.01000213623047,73.01000213623047,10920900
2010-05-24,72.30999755859375,72.52999877929688,70.69999694824219,70.77999877929688,70.77999877929688,5304400
2010-05-25,69.88999938964844,70.87000274658203,68.4800033569336,70.7300033569336,70.7300033569336,8409000
2010-05-26,71.4800033569336,71.4800033569336,70.16000366210938,70.31999969482422,70.31999969482422,5414900
2010-05-27,71.08999633789062,73.41999816894531,71.08999633789062,73.3499984741211,73.3499984741211,6530400
2010-05-28,72.4000015258789,72.73999786376953,70.55000305175781,70.55000305175781,70.55000305175781,7820800
2010-06-01,70.05000305175781,71.94000244140625,69.94999694824219,70.26000213623047,70.26000213623047,5382500
2010-06-02,70.51000213623047,72.33000183105469,70.16999816894531,72.25,72.25,4913800
2010-06-03,72.4000015258789,72.6500015258789,71.30000305175781,72.33999633789062,72.33999633789062,4122900
2010-06-04,70.91000366210938,71.25,69.77999877929688,70.19000244140625,70.19000244140625,7387000
2010-06-07,70.29000091552734,70.9800033569336,69.80000305175781,70.04000091552734,70.04000091552734,5457600
2010-06-08,70.19999694824219,72.86000061035156,69.61000061035156,72.63999938964844,72.63999938964844,6710600
2010-06-09,72.87000274658203,73.56999969482422,71.36000061035156,71.80999755859375,71.80999755859375,5909800
2010-06-10,72.30999755859375,74.19999694824219,72.30000305175781,74.0999984741211,74.0999984741211,6174000
2010-06-11,73.5999984741211,74.7300033569336,73.25,74.41000366210938,74.41000366210938,4812900
2010-06-14,74.87000274658203,75.7699966430664,74.58999633789062,74.91999816894531,74.91999816894531,5646100
2010-06-15,75.33000183105469,77.31999969482422,74.80000305175781,77.25,77.25,7254300
2010-06-16,76.86000061035156,77.54000091552734,76.48999786376953,77.51000213623047,77.51000213623047,4848700
2010-06-17,77.72000122070312,79.30000305175781,77.55999755859375,79.2300033569336,79.2300033569336,9075300
2010-06-18,79.44999694824219,79.9800033569336,79.16000366210938,79.93000030517578,79.93000030517578,13211800
2010-06-21,80.0999984741211,80.44999694824219,79.1500015258789,79.80999755859375,79.80999755859375,8377700
2010-06-22,79.54000091552734,80.31999969482422,79.11000061035156,79.52999877929688,79.52999877929688,9059300
2010-06-23,79.44999694824219,79.88999938964844,77.80999755859375,79.13999938964844,79.13999938964844,7180800
2010-06-24,78.87000274658203,79.75,78.0,78.86000061035156,78.86000061035156,10153600
2010-06-25,79.3499984741211,81.9000015258789,79.25,81.9000015258789,81.9000015258789,109267000
2010-06-28,81.26000213623047,81.36000061035156,80.88999938964844,81.0199966430664,81.0199966430664,17628400
2010-06-29,80.30000305175781,81.41999816894531,79.55000305175781,80.02999877929688,80.02999877929688,19427200
2010-06-30,79.80000305175781,80.77999877929688,79.37999725341797,79.69000244140625,79.69000244140625,10967500
2010-07-01,79.55999755859375,79.66999816894531,77.93000030517578,78.80999755859375,78.80999755859375,11930900
2010-07-02,79.05000305175781,79.47000122070312,76.66999816894531,77.23999786376953,77.23999786376953,9319900
2010-07-06,77.5999984741211,78.9000015258789,76.72000122070312,77.56999969482422,77.56999969482422,8676000
2010-07-07,77.76000213623047,79.98999786376953,77.16000366210938,79.91999816894531,79.91999816894531,9977300
2010-07-08,79.61000061035156,79.91999816894531,78.7300033569336,79.41000366210938,79.41000366210938,8430600
2010-07-09,79.2699966430664,79.8499984741211,78.88999938964844,79.75,79.75,5558700
2010-07-12,79.56999969482422,79.80000305175781,78.66000366210938,79.47000122070312,79.47000122070312,5076900
2010-07-13,79.75,80.2300033569336,79.0999984741211,79.86000061035156,79.86000061035156,9216600
2010-07-14,79.91999816894531,79.91999816894531,79.05000305175781,79.3499984741211,79.3499984741211,6486000
2010-07-15,79.48999786376953,79.98999786376953,78.47000122070312,79.70999908447266,79.70999908447266,6454400
2010-07-16,79.30000305175781,79.43000030517578,77.0,77.0999984741211,77.0999984741211,9286400
2010-07-19,77.37000274658203,77.8499984741211,76.44000244140625,77.30999755859375,77.30999755859375,4895600
2010-07-20,76.4000015258789,78.5,76.30000305175781,78.23999786376953,78.23999786376953,5254200
2010-07-21,78.5199966430664,78.69999694824219,76.20999908447266,76.62999725341797,76.62999725341797,5781900
2010-07-22,77.4800033569336,78.45999908447266,77.25,78.3499984741211,78.3499984741211,6352900
2010-07-23,78.20999908447266,78.93000030517578,77.81999969482422,78.70999908447266,78.70999908447266,5414300
2010-07-26,78.73999786376953,79.43000030517578,78.27999877929688,78.72000122070312,78.72000122070312,6045700
2010-07-27,78.9000015258789,78.9800033569336,78.30000305175781,78.51000213623047,78.51000213623047,4993800
2010-07-28,78.31999969482422,78.73999786376953,77.55000305175781,77.81999969482422,77.81999969482422,3447100
2010-07-29,78.47000122070312,78.79000091552734,77.25,78.04000091552734,78.04000091552734,5098200
2010-07-30,77.29000091552734,78.44000244140625,77.29000091552734,78.12000274658203,78.12000274658203,4680600
2010-08-02,78.77999877929688,79.9800033569336,78.55999755859375,79.91999816894531,79.91999816894531,6292400
2010-08-03,79.83999633789062,80.08000183105469,79.56999969482422,79.83000183105469,79.83000183105469,4860100
2010-08-04,79.98999786376953,80.8499984741211,79.80000305175781,80.76000213623047,80.76000213623047,5380700
2010-08-05,80.19999694824219,80.87000274658203,79.88999938964844,80.83000183105469,80.83000183105469,3805400
2010-08-06,80.19000244140625,80.73999786376953,78.80999755859375,80.47000122070312,80.47000122070312,5508700
2010-08-09,80.83000183105469,80.9000015258789,79.83999633789062,80.69999694824219,80.69999694824219,3697100
2010-08-10,79.95999908447266,80.44000244140625,79.08000183105469,79.7300033569336,79.7300033569336,3296300
2010-08-11,78.91999816894531,79.0,77.41000366210938,77.5,77.5,6150200
2010-08-12,77.0,77.48999786376953,76.63999938964844,77.0199966430664,77.0199966430664,4136200
2010-08-13,76.91999816894531,77.55999755859375,76.73999786376953,76.77999877929688,76.77999877929688,3248400
2010-08-16,76.5,77.25,76.04000091552734,76.83999633789062,76.83999633789062,2949400
2010-08-17,77.47000122070312,78.19000244140625,77.0,77.52999877929688,77.52999877929688,4116300
2010-08-18,77.69999694824219,79.4800033569336,77.44000244140625,78.79000091552734,78.79000091552734,6553500
2010-08-19,78.52999877929688,78.6500015258789,77.36000061035156,77.54000091552734,77.54000091552734,5691300
2010-08-20,76.8499984741211,78.1500015258789,76.8499984741211,77.7300033569336,77.7300033569336,5400500
2010-08-23,77.87999725341797,78.05000305175781,77.20999908447266,77.2300033569336,77.2300033569336,2999000
2010-08-24,76.4000015258789,77.51000213623047,76.31999969482422,76.58000183105469,76.58000183105469,5319000
2010-08-25,76.23999786376953,77.04000091552734,75.62000274658203,76.80000305175781,76.80000305175781,5902400
2010-08-26,77.11000061035156,77.20999908447266,76.0,76.37000274658203,76.37000274658203,4489300
2010-08-27,76.86000061035156,78.77999877929688,76.66999816894531,78.77999877929688,78.77999877929688,7285800
2010-08-30,78.22000122070312,79.0,77.87000274658203,77.9000015258789,77.9000015258789,6012900
2010-08-31,77.80999755859375,79.02999877929688,77.4800033569336,78.77999877929688,78.77999877929688,16303700
2010-09-01,79.30000305175781,80.9800033569336,78.98999786376953,80.91000366210938,80.91000366210938,11057000
2010-09-02,80.76000213623047,81.36000061035156,80.22000122070312,81.19000244140625,81.19000244140625,7215600
2010-09-03,81.37000274658203,81.6500015258789,80.44000244140625,81.61000061035156,81.61000061035156,6615400
2010-09-07,80.88999938964844,81.5199966430664,80.70999908447266,80.79000091552734,80.79000091552734,5113100
2010-09-08,81.13999938964844,81.75,81.08999633789062,81.69000244140625,81.69000244140625,4799300
2010-09-09,81.9800033569336,82.43000030517578,81.6500015258789,82.30999755859375,82.30999755859375,5223600
2010-09-10,82.16999816894531,82.72000122070312,82.05999755859375,82.72000122070312,82.72000122070312,3964000
2010-09-13,82.9800033569336,83.37000274658203,82.73999786376953,83.33999633789062,83.33999633789062,6474400
2010-09-14,83.26000213623047,83.58000183105469,82.9000015258789,83.05000305175781,83.05000305175781,5468500
2010-09-15,82.9800033569336,83.54000091552734,82.33999633789062,83.4800033569336,83.4800033569336,4437200
2010-09-16,83.41999816894531,83.54000091552734,82.93000030517578,83.54000091552734,83.54000091552734,4365700
2010-09-17,83.8499984741211,84.1500015258789,82.72000122070312,82.72000122070312,82.72000122070312,18493800
2010-09-20,82.83999633789062,83.69999694824219,82.81999969482422,83.51000213623047,83.51000213623047,6108800
2010-09-21,83.48999786376953,83.83000183105469,82.81999969482422,83.08999633789062,83.08999633789062,5318500
2010-09-22,83.18000030517578,83.4800033569336,82.36000061035156,82.41999816894531,82.41999816894531,4491200
2010-09-23,82.05999755859375,82.76000213623047,80.9800033569336,81.23999786376953,81.23999786376953,4570400
2010-09-24,82.08999633789062,85.86000061035156,82.0,83.31999969482422,83.31999969482422,16046900
2010-09-27,83.5999984741211,83.87000274658203,82.80000305175781,82.87000274658203,82.87000274658203,5761600
2010-09-28,82.8499984741211,83.38999938964844,82.11000061035156,83.06999969482422,83.06999969482422,4616500
2010-09-29,82.66000366210938,83.33000183105469,82.19999694824219,82.44000244140625,82.44000244140625,4469500
2010-09-30,82.83000183105469,83.7699966430664,82.51000213623047,82.68000030517578,82.68000030517578,4908500
2010-10-01,83.30000305175781,83.4800033569336,82.33000183105469,82.70999908447266,82.70999908447266,4519800
2010-10-04,82.41000366210938,82.8499984741211,81.4800033569336,82.11000061035156,82.11000061035156,3858400
2010-10-05,82.58999633789062,83.7300033569336,81.75,83.43000030517578,83.43000030517578,7290300
2010-10-06,83.26000213623047,83.54000091552734,82.81999969482422,83.54000091552734,83.54000091552734,3359400
2010-10-07,83.83000183105469,83.8499984741211,82.58000183105469,83.16999816894531,83.16999816894531,3371200
2010-10-08,83.41000366210938,83.41999816894531,82.62999725341797,83.16000366210938,83.16000366210938,3493900
2010-10-11,83.05000305175781,83.30000305175781,82.58000183105469,82.94999694824219,82.94999694824219,1957700
2010-10-12,82.63999938964844,83.3499984741211,82.30000305175781,83.30000305175781,83.30000305175781,3500300
2010-10-13,83.5199966430664,83.87000274658203,83.20999908447266,83.66000366210938,83.66000366210938,5060000
2010-10-14,83.79000091552734,84.44999694824219,83.19000244140625,83.61000061035156,83.61000061035156,5265000
2010-10-15,84.11000061035156,84.25,82.97000122070312,83.37000274658203,83.37000274658203,5856100
2010-10-18,83.22000122070312,84.0,83.11000061035156,83.5,83.5,3830200
2010-10-19,82.91000366210938,83.43000030517578,82.01000213623047,82.36000061035156,82.36000061035156,4953400
2010-10-20,82.55000305175781,83.23999786376953,82.25,82.91999816894531,82.91999816894531,4309200
2010-10-21,82.83000183105469,83.4800033569336,82.5,83.01000213623047,83.01000213623047,4053600
2010-10-22,83.06999969482422,83.43000030517578,82.58000183105469,83.33999633789062,83.33999633789062,2683400
2010-10-25,83.5199966430664,84.0,83.27999877929688,83.33000183105469,83.33000183105469,3548600
2010-10-26,83.0,83.11000061035156,81.25,82.22000122070312,82.22000122070312,5239300
2010-10-27,81.66999816894531,81.72000122070312,80.12999725341797,80.55000305175781,80.55000305175781,5959600
2010-10-28,81.08000183105469,81.0999984741211,80.06999969482422,80.0999984741211,80.0999984741211,4381200
2010-10-29,80.04000091552734,80.18000030517578,78.72000122070312,79.55999755859375,79.55999755859375,6112400
2010-11-01,79.76000213623047,81.30999755859375,79.58000183105469,79.9000015258789,79.9000015258789,4332700
2010-11-02,80.31999969482422,80.61000061035156,80.0,80.41999816894531,80.41999816894531,3800900
2010-11-03,80.79000091552734,81.5,80.23999786376953,81.2699966430664,81.2699966430664,4396400
2010-11-04,82.1500015258789,83.08999633789062,81.69000244140625,82.95999908447266,82.95999908447266,7622800
2010-11-05,82.63999938964844,83.80000305175781,82.45999908447266,83.72000122070312,83.72000122070312,6006200
2010-11-08,83.05000305175781,83.2699966430664,81.88999938964844,82.31999969482422,82.31999969482422,4947300
2010-11-09,82.2699966430664,82.41000366210938,80.5999984741211,80.8499984741211,80.8499984741211,5320300
2010-11-10,80.63999938964844,82.16999816894531,80.63999938964844,81.93000030517578,81.93000030517578,5661100
2010-11-11,81.30000305175781,81.5999984741211,80.9000015258789,81.12999725341797,81.12999725341797,2957100
2010-11-12,80.94999694824219,80.95999908447266,80.16000366210938,80.25,80.25,3351400
2010-11-15,80.4800033569336,80.98999786376953,80.06999969482422,80.19000244140625,80.19000244140625,3626300
2010-11-16,80.05999755859375,80.30000305175781,79.66999816894531,79.91000366210938,79.91000366210938,5640100
2010-11-17,80.12999725341797,80.33000183105469,79.5199966430664,79.52999877929688,79.52999877929688,3753400
2010-11-18,80.19999694824219,80.97000122070312,80.02999877929688,80.86000061035156,80.86000061035156,3925800
2010-11-19,80.5199966430664,81.02999877929688,80.30000305175781,80.7699966430664,80.7699966430664,4219300
2010-11-22,80.11000061035156,80.55000305175781,79.69999694824219,80.0,80.0,3565100
2010-11-23,79.48999786376953,79.9000015258789,79.0199966430664,79.08999633789062,79.08999633789062,4320000
2010-11-24,79.9800033569336,80.3499984741211,79.43000030517578,80.30000305175781,80.30000305175781,3291400
2010-11-26,79.41000366210938,79.86000061035156,79.4000015258789,79.76000213623047,79.76000213623047,1849800
2010-11-29,79.04000091552734,79.88999938964844,78.81999969482422,79.51000213623047,79.51000213623047,4088400
2010-11-30,79.05999755859375,80.58000183105469,79.05000305175781,79.68000030517578,79.68000030517578,6824700
2010-12-01,80.72000122070312,81.91999816894531,80.25,80.68000030517578,80.68000030517578,6657800
2010-12-02,80.94000244140625,81.41999816894531,80.76000213623047,81.41999816894531,81.41999816894531,4908200
2010-12-03,80.80000305175781,81.16999816894531,80.19999694824219,80.9000015258789,80.9000015258789,4083100
2010-12-06,80.7300033569336,81.38999938964844,80.20999908447266,80.37999725341797,80.37999725341797,2399100
2010-12-07,80.83999633789062,81.1500015258789,79.79000091552734,79.87000274658203,79.87000274658203,4981800
2010-12-08,79.7699966430664,80.54000091552734,79.5,80.54000091552734,80.54000091552734,3889800
2010-12-09,80.66000366210938,80.75,79.8499984741211,80.48999786376953,80.48999786376953,3846400
2010-12-10,80.47000122070312,80.72000122070312,79.83999633789062,80.68000030517578,80.68000030517578,3627000
2010-12-13,80.66000366210938,80.87999725341797,80.16000366210938,80.33999633789062,80.33999633789062,4012200
2010-12-14,80.33000183105469,80.66000366210938,79.91000366210938,80.23999786376953,80.23999786376953,3182100
2010-12-15,79.95999908447266,80.16999816894531,79.4800033569336,79.55000305175781,79.55000305175781,4341500
2010-12-16,79.61000061035156,79.93000030517578,79.19999694824219,79.87999725341797,79.87999725341797,3950700
2010-12-17,79.7300033569336,80.05000305175781,79.31999969482422,79.94999694824219,79.94999694824219,6823900
2010-12-20,79.94999694824219,80.02999877929688,79.30000305175781,79.56999969482422,79.56999969482422,3205700
2010-12-21,79.69999694824219,80.58000183105469,79.58999633789062,80.48999786376953,80.48999786376953,4024100
2010-12-22,80.41000366210938,80.73999786376953,79.80000305175781,80.13999938964844,80.13999938964844,3737600
2010-12-23,80.11000061035156,80.11000061035156,79.66999816894531,79.86000061035156,79.86000061035156,2607700
2010-12-27,79.80999755859375,80.18000030517578,79.58000183105469,80.16000366210938,80.16000366210938,2218800
2010-12-28,80.13999938964844,80.22000122070312,79.87000274658203,79.98999786376953,79.98999786376953,1792500
2010-12-29,79.93000030517578,80.05999755859375,79.75,79.88999938964844,79.88999938964844,1816100
2010-12-30,80.05000305175781,80.05000305175781,79.29000091552734,79.4000015258789,79.4000015258789,2508600
2010-12-31,79.2699966430664,80.11000061035156,79.19999694824219,80.11000061035156,80.11000061035156,2935300
2011-01-03,80.5,80.83999633789062,80.22000122070312,80.41000366210938,80.41000366210938,5573500
2011-01-04,80.33000183105469,80.38999938964844,79.72000122070312,80.16999816894531,80.16999816894531,4020400
2011-01-05,79.98999786376953,80.91000366210938,79.80000305175781,80.91000366210938,80.91000366210938,4107800
2011-01-06,80.93000030517578,80.9800033569336,80.37000274658203,80.37000274658203,80.37000274658203,3938000
2011-01-07,80.61000061035156,80.69999694824219,79.5,79.73999786376953,79.73999786376953,3809600
2011-01-10,79.5199966430664,79.97000122070312,79.13999938964844,79.6500015258789,79.6500015258789,3521800
2011-01-11,79.69000244140625,80.0199966430664,79.20999908447266,79.4000015258789,79.4000015258789,3481400
2011-01-12,79.91999816894531,80.73999786376953,79.70999908447266,80.73999786376953,80.73999786376953,5436500
2011-01-13,80.7300033569336,80.88999938964844,80.29000091552734,80.76000213623047,80.76000213623047,3303800
2011-01-14,80.62999725341797,81.66999816894531,80.58000183105469,81.6500015258789,81.6500015258789,4786900
2011-01-18,81.5199966430664,82.0999984741211,81.5,81.81999969482422,81.81999969482422,4249400
2011-01-19,81.80999755859375,81.81999969482422,80.5,80.91999816894531,80.91999816894531,3932000
2011-01-20,80.81999969482422,81.37000274658203,80.5,80.7300033569336,80.7300033569336,3674500
2011-01-21,81.18000030517578,81.18000030517578,80.22000122070312,80.44999694824219,80.44999694824219,4444300
2011-01-24,81.3499984741211,83.38999938964844,81.29000091552734,82.94000244140625,82.94000244140625,7143500
2011-01-25,82.83999633789062,83.2699966430664,82.16999816894531,83.25,83.25,3863600
2011-01-26,83.33000183105469,83.4800033569336,82.91000366210938,83.06999969482422,83.06999969482422,3325200
2011-01-27,82.73999786376953,83.23999786376953,82.6500015258789,83.02999877929688,83.02999877929688,2817800
2011-01-28,83.2300033569336,83.3499984741211,81.47000122070312,81.55999755859375,81.55999755859375,5263400
2011-01-31,81.93000030517578,82.30999755859375,81.5199966430664,81.75,81.75,3434700
2011-02-01,82.05999755859375,83.5,82.05999755859375,83.3499984741211,83.3499984741211,4630900
2011-02-02,83.01000213623047,83.87999725341797,82.4000015258789,82.44999694824219,82.44999694824219,3616200
2011-02-03,82.30000305175781,83.38999938964844,82.20999908447266,83.0199966430664,83.0199966430664,2788300
2011-02-04,82.9000015258789,83.19000244140625,82.4800033569336,83.16999816894531,83.16999816894531,2582200
2011-02-07,83.27999877929688,84.11000061035156,83.27999877929688,84.0999984741211,84.0999984741211,3891200
2011-02-08,84.01000213623047,84.6500015258789,83.70999908447266,84.2699966430664,84.2699966430664,3593600
2011-02-09,83.88999938964844,84.18000030517578,83.3499984741211,83.88999938964844,83.88999938964844,4091100
2011-02-10,83.75,84.4800033569336,83.4000015258789,84.44999694824219,84.44999694824219,3216900
2011-02-11,84.2699966430664,84.95999908447266,83.66999816894531,84.91000366210938,84.91000366210938,3937200
2011-02-14,84.94000244140625,85.5,84.83999633789062,85.30000305175781,85.30000305175781,3177500
2011-02-15,85.19000244140625,85.48999786376953,84.5199966430664,84.9800033569336,84.9800033569336,3357300
2011-02-16,85.18000030517578,85.36000061035156,84.61000061035156,84.95999908447266,84.95999908447266,2714900
2011-02-17,84.77999877929688,85.30000305175781,84.5999984741211,84.93000030517578,84.93000030517578,2135300
2011-02-18,85.06999969482422,85.18000030517578,84.70999908447266,85.05000305175781,85.05000305175781,4107400
2011-02-22,84.16000366210938,84.68000030517578,83.01000213623047,83.16999816894531,83.16999816894531,5621700
2011-02-23,83.30000305175781,83.5999984741211,82.0999984741211,82.86000061035156,82.86000061035156,4098700
2011-02-24,82.83999633789062,83.88999938964844,82.47000122070312,83.36000061035156,83.36000061035156,3995300
2011-02-25,83.6500015258789,85.25,83.41000366210938,84.87000274658203,84.87000274658203,4621300
2011-02-28,86.45999908447266,87.6500015258789,85.55000305175781,87.27999877929688,87.27999877929688,7671900
2011-03-01,87.54000091552734,87.61000061035156,85.12999725341797,85.25,85.25,6301000
2011-03-02,85.0,85.7699966430664,84.62000274658203,85.0199966430664,85.0199966430664,3635800
2011-03-03,85.80000305175781,86.91000366210938,85.52999877929688,86.69999694824219,86.69999694824219,4719000
2011-03-04,86.44999694824219,86.66000366210938,85.01000213623047,85.5,85.5,4698100
2011-03-07,85.77999877929688,86.26000213623047,85.0,85.04000091552734,85.04000091552734,3665200
2011-03-08,85.37999725341797,86.47000122070312,85.25,86.3499984741211,86.3499984741211,4050900
2011-03-09,86.0,86.26000213623047,85.43000030517578,86.0199966430664,86.0199966430664,2544200
2011-03-10,85.30000305175781,85.55000305175781,84.9800033569336,84.9800033569336,84.9800033569336,4649300
2011-03-11,84.19999694824219,85.5199966430664,84.0,85.30000305175781,85.30000305175781,4220500
2011-03-14,84.69000244140625,84.83000183105469,83.80000305175781,84.20999908447266,84.20999908447266,4798400
2011-03-15,82.19999694824219,83.2699966430664,81.66000366210938,82.5199966430664,82.5199966430664,6729000
2011-03-16,82.55000305175781,82.69999694824219,80.91000366210938,80.94999694824219,80.94999694824219,7922600
2011-03-17,82.20999908447266,83.05000305175781,81.61000061035156,82.7300033569336,82.7300033569336,5419100
2011-03-18,83.87999725341797,84.33000183105469,82.91999816894531,83.4800033569336,83.4800033569336,7245100
2011-03-21,84.05999755859375,85.19999694824219,83.75,85.16999816894531,85.16999816894531,4709300
2011-03-22,85.27999877929688,85.51000213623047,84.9000015258789,84.9800033569336,84.9800033569336,3090200
2011-03-23,84.80000305175781,85.16000366210938,83.8499984741211,84.73999786376953,84.73999786376953,3334600
2011-03-24,85.0199966430664,85.3499984741211,84.7300033569336,85.16000366210938,85.16000366210938,2646900
2011-03-25,85.43000030517578,85.43000030517578,84.81999969482422,85.23999786376953,85.23999786376953,2364900
2011-03-28,85.12999725341797,85.36000061035156,84.33999633789062,84.37000274658203,84.37000274658203,2377200
2011-03-29,84.20999908447266,84.70999908447266,83.75,84.70999908447266,84.70999908447266,2687100
2011-03-30,84.81999969482422,85.51000213623047,84.70999908447266,85.45999908447266,85.45999908447266,3635400
2011-03-31,83.94000244140625,84.44000244140625,83.41000366210938,83.62999725341797,83.62999725341797,10527600
2011-04-01,84.08999633789062,84.08999633789062,83.2699966430664,83.68000030517578,83.68000030517578,5098600
2011-04-04,83.9800033569336,83.9800033569336,82.62999725341797,83.0999984741211,83.0999984741211,5216400
2011-04-05,82.9800033569336,82.9800033569336,81.8499984741211,82.04000091552734,82.04000091552734,4844300
2011-04-06,82.19999694824219,82.3499984741211,81.62000274658203,81.98999786376953,81.98999786376953,5397200
2011-04-07,81.81999969482422,82.22000122070312,81.51000213623047,81.93000030517578,81.93000030517578,3667300
2011-04-08,82.1500015258789,82.16000366210938,81.58999633789062,81.80000305175781,81.80000305175781,3279200
2011-04-11,81.95999908447266,82.41000366210938,81.80000305175781,82.26000213623047,82.26000213623047,3704800
2011-04-12,81.80000305175781,82.2300033569336,81.5,81.68000030517578,81.68000030517578,3134700
2011-04-13,81.87999725341797,81.93000030517578,80.76000213623047,80.76000213623047,80.76000213623047,4410400
2011-04-14,80.55000305175781,81.0199966430664,80.38999938964844,80.73999786376953,80.73999786376953,3739400
2011-04-15,81.13999938964844,81.48999786376953,80.75,80.88999938964844,80.88999938964844,4564000
2011-04-18,80.12000274658203,80.51000213623047,79.77999877929688,80.30000305175781,80.30000305175781,4474700
2011-04-19,80.27999877929688,80.75,80.0,80.5,80.5,3026600
2011-04-20,81.30000305175781,81.9000015258789,81.11000061035156,81.72000122070312,81.72000122070312,4559700
2011-04-21,82.05000305175781,82.4000015258789,81.69000244140625,82.36000061035156,82.36000061035156,3193100
2011-04-25,82.26000213623047,82.5,81.91999816894531,82.37999725341797,82.37999725341797,2341300
2011-04-26,82.44999694824219,83.19999694824219,82.36000061035156,82.91999816894531,82.91999816894531,3600000
2011-04-27,82.93000030517578,83.05999755859375,82.31999969482422,82.98999786376953,82.98999786376953,3460900
2011-04-28,82.94999694824219,83.30000305175781,82.62000274658203,83.2699966430664,83.2699966430664,3450600
2011-04-29,83.19999694824219,83.72000122070312,83.05000305175781,83.30000305175781,83.30000305175781,2970800
2011-05-02,82.38999938964844,82.44000244140625,81.5199966430664,81.91999816894531,81.91999816894531,4940600
2011-05-03,81.66000366210938,82.33000183105469,81.41999816894531,82.31999969482422,82.31999969482422,3299500
2011-05-04,82.38999938964844,82.5,81.26000213623047,81.58000183105469,81.58000183105469,3235100
2011-05-05,81.19000244140625,81.38999938964844,79.5,79.66000366210938,79.66000366210938,5386400
2011-05-06,80.5999984741211,81.51000213623047,80.12999725341797,80.20999908447266,80.20999908447266,4056600
2011-05-09,80.12000274658203,81.44000244140625,80.12000274658203,80.7300033569336,80.7300033569336,2884200
2011-05-10,80.95999908447266,81.3499984741211,80.5999984741211,81.2300033569336,81.2300033569336,2865100
2011-05-11,80.94999694824219,81.13999938964844,79.94000244140625,80.0999984741211,80.0999984741211,3806400
2011-05-12,80.0,81.0999984741211,79.75,80.69999694824219,80.69999694824219,3652100
2011-05-13,80.6500015258789,81.0999984741211,79.54000091552734,79.6500015258789,79.6500015258789,4151600
2011-05-16,79.54000091552734,80.25,79.11000061035156,79.4800033569336,79.4800033569336,3876300
2011-05-17,79.20999908447266,79.44000244140625,78.56999969482422,78.93000030517578,78.93000030517578,4778400
2011-05-18,79.12999725341797,79.69000244140625,78.9000015258789,79.62000274658203,79.62000274658203,3029100
2011-05-19,79.75,79.97000122070312,78.91000366210938,79.27999877929688,79.27999877929688,2491500
2011-05-20,79.20999908447266,79.5999984741211,78.63999938964844,78.72000122070312,78.72000122070312,3512500
2011-05-23,78.1500015258789,78.33000183105469,77.62000274658203,77.88999938964844,77.88999938964844,4092000
2011-05-24,78.0,78.2300033569336,77.5999984741211,77.66999816894531,77.66999816894531,2975900
2011-05-25,77.51000213623047,78.54000091552734,77.2300033569336,78.16000366210938,78.16000366210938,3532300
2011-05-26,78.12000274658203,78.72000122070312,77.5,78.30999755859375,78.30999755859375,3084100
2011-05-27,78.38999938964844,78.55000305175781,77.6500015258789,78.04000091552734,78.04000091552734,3114900
2011-05-31,78.43000030517578,79.06999969482422,78.29000091552734,79.06999969482422,79.06999969482422,5339300
2011-06-01,78.76000213623047,78.88999938964844,77.01000213623047,77.08000183105469,77.08000183105469,5667000
2011-06-02,77.19999694824219,77.94000244140625,77.01000213623047,77.16000366210938,77.16000366210938,3773300
2011-06-03,76.48999786376953,76.97000122070312,76.11000061035156,76.25,76.25,4477600
2011-06-06,75.83000183105469,76.1500015258789,75.22000122070312,75.33999633789062,75.33999633789062,4727400
2011-06-07,75.69999694824219,75.91999816894531,74.83000183105469,74.86000061035156,74.86000061035156,4508900
2011-06-08,74.72000122070312,75.06999969482422,74.27999877929688,74.33000183105469,74.33000183105469,4883000
2011-06-09,74.4000015258789,75.41999816894531,74.33999633789062,75.01000213623047,75.01000213623047,3843900
2011-06-10,74.87000274658203,74.87000274658203,73.72000122070312,74.05999755859375,74.05999755859375,6460200
2011-06-13,74.08000183105469,74.51000213623047,73.70999908447266,74.29000091552734,74.29000091552734,4435100
2011-06-14,74.80000305175781,75.80000305175781,74.6500015258789,75.11000061035156,75.11000061035156,5591600
2011-06-15,74.76000213623047,74.7699966430664,73.2300033569336,73.83000183105469,73.83000183105469,7366900
2011-06-16,73.70999908447266,75.13999938964844,73.70999908447266,75.01000213623047,75.01000213623047,5966000
2011-06-17,75.6500015258789,75.87999725341797,75.16000366210938,75.51000213623047,75.51000213623047,9041100
2011-06-20,75.4800033569336,76.4800033569336,75.44000244140625,76.0999984741211,76.0999984741211,4221700
2011-06-21,76.41000366210938,76.80999755859375,76.1500015258789,76.48999786376953,76.48999786376953,5146900
2011-06-22,76.41000366210938,76.48999786376953,75.94999694824219,75.97000122070312,75.97000122070312,3685200
2011-06-23,75.25,75.73999786376953,74.4800033569336,75.61000061035156,75.61000061035156,5506600
2011-06-24,75.55999755859375,75.77999877929688,74.6500015258789,75.62000274658203,75.62000274658203,5390300
2011-06-27,75.69999694824219,76.37999725341797,75.3499984741211,75.62999725341797,75.62999725341797,3820100
2011-06-28,76.02999877929688,76.41999816894531,75.83000183105469,76.41999816894531,76.41999816894531,3687000
2011-06-29,76.55000305175781,77.05999755859375,76.2699966430664,77.02999877929688,77.02999877929688,4058900
2011-06-30,77.33000183105469,77.5,76.55999755859375,77.38999938964844,77.38999938964844,4113700
2011-07-01,77.23999786376953,78.19000244140625,76.69999694824219,78.08999633789062,78.08999633789062,4526100
2011-07-05,77.87000274658203,77.9800033569336,76.9800033569336,77.30999755859375,77.30999755859375,3768200
2011-07-06,77.2699966430664,77.2699966430664,76.18000030517578,76.5199966430664,76.5199966430664,4501400
2011-07-07,77.12999725341797,77.95999908447266,76.86000061035156,77.7699966430664,77.7699966430664,4167500
2011-07-08,76.91999816894531,76.9800033569336,76.37000274658203,76.9000015258789,76.9000015258789,3618700
2011-07-11,76.0,76.33999633789062,75.01000213623047,75.2699966430664,75.2699966430664,4780200
2011-07-12,75.06999969482422,76.75,75.0,75.77999877929688,75.77999877929688,4566300
2011-07-13,76.11000061035156,76.97000122070312,76.0999984741211,76.31999969482422,76.31999969482422,4039600
2011-07-14,76.5,76.69000244140625,75.87999725341797,76.0999984741211,76.0999984741211,4693200
2011-07-15,76.41000366210938,76.41000366210938,74.94999694824219,75.36000061035156,75.36000061035156,6131200
2011-07-18,75.12000274658203,75.36000061035156,74.7300033569336,75.11000061035156,75.11000061035156,4753800
2011-07-19,75.29000091552734,76.29000091552734,75.16999816894531,76.29000091552734,76.29000091552734,4702100
2011-07-20,76.44000244140625,76.5,75.81999969482422,76.13999938964844,76.13999938964844,3505700
2011-07-21,76.4000015258789,77.5999984741211,76.33999633789062,77.33999633789062,77.33999633789062,6298900
2011-07-22,77.26000213623047,77.45999908447266,76.61000061035156,77.05000305175781,77.05000305175781,3095900
2011-07-25,75.91000366210938,76.31999969482422,75.69000244140625,75.91000366210938,75.91000366210938,4706500
2011-07-26,75.79000091552734,76.0,75.43000030517578,75.51000213623047,75.51000213623047,4555800
2011-07-27,75.01000213623047,75.3499984741211,74.66000366210938,74.69000244140625,74.69000244140625,6823500
2011-07-28,74.72000122070312,75.47000122070312,74.5199966430664,74.8499984741211,74.8499984741211,4613000
2011-07-29,74.2699966430664,74.98999786376953,74.12999725341797,74.16999816894531,74.16999816894531,6691800
2011-08-01,75.69999694824219,75.69999694824219,74.22000122070312,74.93000030517578,74.93000030517578,7541000
2011-08-02,74.41000366210938,74.73999786376953,73.37000274658203,73.37000274658203,73.37000274658203,7147900
2011-08-03,73.48999786376953,74.12999725341797,72.8499984741211,74.01000213623047,74.01000213623047,7860100
2011-08-04,73.38999938964844,73.45999908447266,70.81999969482422,70.98999786376953,70.98999786376953,12469700
2011-08-05,71.75,72.83000183105469,70.05000305175781,71.25,71.25,12309000
2011-08-08,70.0,71.2300033569336,66.51000213623047,66.6500015258789,66.6500015258789,21398700
2011-08-09,68.5,73.02999877929688,67.08000183105469,72.93000030517578,72.93000030517578,18489200
2011-08-10,71.45999908447266,71.47000122070312,67.41000366210938,67.5999984741211,67.5999984741211,16639700
2011-08-11,68.37000274658203,73.0999984741211,68.19000244140625,71.73999786376953,71.73999786376953,14238800
2011-08-12,72.52999877929688,73.23999786376953,71.06999969482422,71.5199966430664,71.5199966430664,7685400
2011-08-15,72.26000213623047,72.62999725341797,71.5199966430664,72.54000091552734,72.54000091552734,5741100
2011-08-16,72.05000305175781,72.25,70.76000213623047,71.77999877929688,71.77999877929688,6681400
2011-08-17,72.62000274658203,73.2699966430664,71.81999969482422,72.37999725341797,72.37999725341797,4978900
2011-08-18,70.44000244140625,70.56999969482422,68.3499984741211,69.55999755859375,69.55999755859375,10463500
2011-08-19,68.7699966430664,70.54000091552734,68.16999816894531,68.33000183105469,68.33000183105469,9167800
2011-08-22,69.29000091552734,69.87000274658203,67.69999694824219,67.80000305175781,67.80000305175781,6346500
2011-08-23,67.70999908447266,69.66000366210938,67.5999984741211,69.58999633789062,69.58999633789062,6677000
2011-08-24,69.29000091552734,70.83000183105469,69.0199966430664,70.75,70.75,6662600
2011-08-25,71.27999877929688,71.87999725341797,68.5999984741211,68.98999786376953,68.98999786376953,8650300
2011-08-26,68.66999816894531,70.73999786376953,67.94000244140625,69.83999633789062,69.83999633789062,6625900
2011-08-29,70.98999786376953,72.83000183105469,70.7699966430664,72.5999984741211,72.5999984741211,6854900
2011-08-30,72.16000366210938,73.04000091552734,71.80999755859375,72.26000213623047,72.26000213623047,5762100
2011-08-31,72.83999633789062,73.58999633789062,72.05000305175781,73.0,73.0,7571600
2011-09-01,73.20999908447266,73.20999908447266,71.3499984741211,71.37000274658203,71.37000274658203,6193100
2011-09-02,69.9000015258789,70.7300033569336,69.20999908447266,69.37000274658203,69.37000274658203,6519100
2011-09-06,67.55999755859375,68.80000305175781,67.55999755859375,68.37000274658203,68.37000274658203,8121100
2011-09-07,69.62000274658203,70.86000061035156,69.05000305175781,70.69999694824219,70.69999694824219,6219000
2011-09-08,70.12999725341797,70.55999755859375,69.4000015258789,69.41000366210938,69.41000366210938,5231400
2011-09-09,68.79000091552734,69.0999984741211,67.55000305175781,67.7699966430664,67.7699966430664,7413200
2011-09-12,67.12999725341797,69.25,67.01000213623047,69.23999786376953,69.23999786376953,6858900
2011-09-13,69.05999755859375,69.52999877929688,68.12000274658203,68.8499984741211,68.8499984741211,5414400
2011-09-14,69.30999755859375,69.94999694824219,67.91999816894531,69.41000366210938,69.41000366210938,6263900
2011-09-15,69.98999786376953,70.88999938964844,69.44999694824219,70.83000183105469,70.83000183105469,6455900
2011-09-16,71.20999908447266,71.87000274658203,70.55000305175781,71.55000305175781,71.55000305175781,13375700
2011-09-19,70.05000305175781,70.20999908447266,69.30000305175781,69.66000366210938,69.66000366210938,5165300
2011-09-20,70.01000213623047,70.7699966430664,69.68000030517578,69.72000122070312,69.72000122070312,4667400
2011-09-21,69.80999755859375,70.0,67.11000061035156,67.22000122070312,67.22000122070312,8347100
2011-09-22,66.66999816894531,67.0,65.3499984741211,66.0,66.0,16309200
2011-09-23,65.91999816894531,66.66000366210938,65.61000061035156,66.37000274658203,66.37000274658203,8074000
2011-09-26,68.9000015258789,72.48999786376953,68.9000015258789,72.08999633789062,72.08999633789062,14909700
2011-09-27,73.08000183105469,74.29000091552734,71.5999984741211,72.06999969482422,72.06999969482422,12372100
2011-09-28,72.23999786376953,72.5,70.55000305175781,70.77999877929688,70.77999877929688,7879600
2011-09-29,72.30999755859375,72.73999786376953,70.9800033569336,72.70999908447266,72.70999908447266,8928800
2011-09-30,71.44999694824219,72.41999816894531,71.0199966430664,71.04000091552734,71.04000091552734,9407500
2011-10-03,71.05999755859375,72.23999786376953,70.0,70.05999755859375,70.05999755859375,10781600
2011-10-04,69.06999969482422,73.55000305175781,69.06999969482422,73.16999816894531,73.16999816894531,13400000
2011-10-05,73.1500015258789,73.44999694824219,71.52999877929688,73.2300033569336,73.2300033569336,8652900
2011-10-06,73.01000213623047,73.76000213623047,72.12000274658203,73.62999725341797,73.62999725341797,7232400
2011-10-07,73.62000274658203,73.73999786376953,71.63999938964844,71.69999694824219,71.69999694824219,8022800
2011-10-10,73.12999725341797,74.41000366210938,72.77999877929688,74.11000061035156,74.11000061035156,6998400
2011-10-11,73.68000030517578,74.2699966430664,72.88999938964844,73.41000366210938,73.41000366210938,5223800
2011-10-12,74.01000213623047,75.33000183105469,73.33000183105469,74.70999908447266,74.70999908447266,8186900
2011-10-13,74.33999633789062,74.62000274658203,73.38999938964844,74.05000305175781,74.05000305175781,5616800
2011-10-14,74.80999755859375,74.88999938964844,73.75,74.75,74.75,5023900
2011-10-17,73.94999694824219,74.31999969482422,72.55000305175781,72.88999938964844,72.88999938964844,5838400
2011-10-18,72.97000122070312,75.5,72.86000061035156,75.06999969482422,75.06999969482422,8160800
2011-10-19,74.76000213623047,75.75,73.87999725341797,74.11000061035156,74.11000061035156,5615100
2011-10-20,74.38999938964844,76.0,74.2300033569336,75.87000274658203,75.87000274658203,6256100
2011-10-21,76.30000305175781,77.5,75.91999816894531,77.44999694824219,77.44999694824219,8061300
2011-10-24,77.4000015258789,77.72000122070312,76.54000091552734,77.23999786376953,77.23999786376953,5440200
2011-10-25,76.79000091552734,76.87000274658203,75.30999755859375,75.73999786376953,75.73999786376953,6160700
2011-10-26,76.7699966430664,78.47000122070312,75.88999938964844,78.0199966430664,78.0199966430664,8236200
2011-10-27,79.68000030517578,80.58000183105469,79.01000213623047,80.48999786376953,80.48999786376953,12262700
2011-10-28,79.73999786376953,80.01000213623047,79.04000091552734,79.95999908447266,79.95999908447266,6529600
2011-10-31,78.52999877929688,79.72000122070312,77.80000305175781,77.86000061035156,77.86000061035156,6541700
2011-11-01,76.12000274658203,76.8499984741211,75.33999633789062,75.5199966430664,75.5199966430664,9441500
2011-11-02,76.62000274658203,77.79000091552734,76.13999938964844,77.48999786376953,77.48999786376953,5980900
2011-11-03,78.16000366210938,79.0,76.7699966430664,78.81999969482422,78.81999969482422,6364400
2011-11-04,78.1500015258789,78.19000244140625,76.86000061035156,77.23999786376953,77.23999786376953,5579900
2011-11-07,77.4800033569336,77.48999786376953,76.02999877929688,77.0999984741211,77.0999984741211,4353600
2011-11-08,77.5,78.4000015258789,76.62000274658203,78.16000366210938,78.16000366210938,5377500
2011-11-09,76.8499984741211,77.06999969482422,75.2300033569336,75.4000015258789,75.4000015258789,8536400
2011-11-10,76.47000122070312,76.51000213623047,75.29000091552734,75.98999786376953,75.98999786376953,4401600
2011-11-11,76.88999938964844,77.12999725341797,76.27999877929688,76.97000122070312,76.97000122070312,4848800
2011-11-14,76.51000213623047,76.88999938964844,75.51000213623047,75.86000061035156,75.86000061035156,4372400
2011-11-15,75.45999908447266,76.58000183105469,75.2300033569336,75.93000030517578,75.93000030517578,4198200
2011-11-16,75.5,76.0,74.51000213623047,74.66999816894531,74.66999816894531,6357100
2011-11-17,74.72000122070312,75.66999816894531,73.9000015258789,74.30000305175781,74.30000305175781,6268500
2011-11-18,74.9000015258789,75.62000274658203,74.56999969482422,75.37000274658203,75.37000274658203,5780500
2011-11-21,74.0999984741211,74.97000122070312,73.9000015258789,74.31999969482422,74.31999969482422,5980900
2011-11-22,74.1500015258789,75.29000091552734,74.0999984741211,74.36000061035156,74.36000061035156,4368500
2011-11-23,73.77999877929688,73.91000366210938,72.72000122070312,72.75,72.75,6463400
2011-11-25,72.7699966430664,73.52999877929688,72.5999984741211,72.88999938964844,72.88999938964844,2770900
2011-11-28,74.4000015258789,75.72000122070312,74.1500015258789,75.4800033569336,75.4800033569336,6463500
2011-11-29,75.87000274658203,75.87000274658203,75.01000213623047,75.12999725341797,75.12999725341797,4009200
2011-11-30,76.66000366210938,79.01000213623047,76.19999694824219,78.76000213623047,78.76000213623047,10929600
2011-12-01,78.20999908447266,78.4000015258789,77.37999725341797,77.80999755859375,77.80999755859375,4769800
2011-12-02,78.52999877929688,78.9000015258789,77.31999969482422,77.44000244140625,77.44000244140625,5031900
2011-12-05,78.25,78.83999633789062,77.2300033569336,78.11000061035156,78.11000061035156,5457600
2011-12-06,78.08000183105469,78.79000091552734,77.25,78.1500015258789,78.1500015258789,4222300
2011-12-07,77.81999969482422,78.9000015258789,76.95999908447266,78.72000122070312,78.72000122070312,5414100
2011-12-08,77.81999969482422,77.98999786376953,76.66000366210938,76.94000244140625,76.94000244140625,5839800
2011-12-09,77.51000213623047,78.0,77.19000244140625,77.61000061035156,77.61000061035156,5560200
2011-12-12,76.94000244140625,77.01000213623047,75.66999816894531,76.2699966430664,76.2699966430664,5586000
2011-12-13,76.55999755859375,76.9000015258789,75.0199966430664,75.86000061035156,75.86000061035156,6738100
2011-12-14,75.37999725341797,76.0999984741211,74.86000061035156,75.5199966430664,75.5199966430664,6807800
2011-12-15,76.23999786376953,76.44000244140625,74.83999633789062,74.9000015258789,74.9000015258789,5346600
2011-12-16,75.5,75.69999694824219,74.5999984741211,75.12999725341797,75.12999725341797,9269300
2011-12-19,75.05999755859375,75.31999969482422,73.7300033569336,74.04000091552734,74.04000091552734,5278000
2011-12-20,74.9800033569336,76.44000244140625,74.69000244140625,76.0999984741211,76.0999984741211,7374700
2011-12-21,76.33999633789062,76.33999633789062,75.5,76.22000122070312,76.22000122070312,4887400
2011-12-22,76.19999694824219,76.9000015258789,75.81999969482422,76.88999938964844,76.88999938964844,4067800
2011-12-23,76.94999694824219,77.80000305175781,76.70999908447266,77.73999786376953,77.73999786376953,2937100
2011-12-27,77.4800033569336,78.05000305175781,77.01000213623047,77.2300033569336,77.2300033569336,2829800
2011-12-28,77.30000305175781,77.41000366210938,76.30000305175781,76.5199966430664,76.5199966430664,3485300
2011-12-29,76.88999938964844,77.0,76.29000091552734,76.9000015258789,76.9000015258789,3128500
2011-12-30,76.8499984741211,76.8499984741211,76.30000305175781,76.30000305175781,76.30000305175781,2397100
2012-01-03,77.37999725341797,78.29000091552734,77.30999755859375,77.68000030517578,77.68000030517578,5343500
2012-01-04,77.55000305175781,77.55000305175781,76.5999984741211,76.80000305175781,76.80000305175781,4264400
2012-01-05,76.41000366210938,77.12000274658203,75.86000061035156,76.93000030517578,76.93000030517578,4235400
2012-01-06,76.80999755859375,77.11000061035156,76.12999725341797,76.38999938964844,76.38999938964844,3751400
2012-01-09,76.48999786376953,76.7699966430664,75.94000244140625,76.29000091552734,76.29000091552734,2978200
2012-01-10,77.0,77.5,76.72000122070312,77.41999816894531,77.41999816894531,4815000
2012-01-11,77.22000122070312,78.05000305175781,76.91000366210938,78.0,78.0,3819700
2012-01-12,78.33000183105469,78.5,77.62999725341797,78.5,78.5,3749300
2012-01-13,77.83999633789062,77.94999694824219,77.0,77.7699966430664,77.7699966430664,4772300
2012-01-17,78.56999969482422,78.62000274658203,77.5999984741211,77.97000122070312,77.97000122070312,4344500
2012-01-18,77.88999938964844,78.91999816894531,77.83000183105469,78.91999816894531,78.91999816894531,4396600
2012-01-19,78.9800033569336,79.58999633789062,78.58999633789062,79.58999633789062,79.58999633789062,4609200
2012-01-20,79.62999725341797,79.91999816894531,79.33999633789062,79.91000366210938,79.91000366210938,5359300
2012-01-23,79.5999984741211,79.70999908447266,78.80999755859375,79.1500015258789,79.1500015258789,3264800
2012-01-24,78.47000122070312,78.77999877929688,78.13999938964844,78.4800033569336,78.4800033569336,2754000
2012-01-25,78.22000122070312,79.95999908447266,77.95999908447266,79.8499984741211,79.8499984741211,4573800
2012-01-26,79.94000244140625,80.08000183105469,79.04000091552734,79.66000366210938,79.66000366210938,5180000
2012-01-27,79.33000183105469,79.7300033569336,78.87000274658203,79.41999816894531,79.41999816894531,3590700
2012-01-30,78.2699966430664,78.80000305175781,78.0999984741211,78.69000244140625,78.69000244140625,3638800
2012-01-31,79.18000030517578,79.26000213623047,78.25,78.37000274658203,78.37000274658203,4262700
2012-02-01,78.79000091552734,79.6500015258789,78.58000183105469,78.66000366210938,78.66000366210938,4893300
2012-02-02,78.87999725341797,79.04000091552734,78.44999694824219,78.7300033569336,78.7300033569336,3011200
2012-02-03,79.55999755859375,80.05000305175781,79.27999877929688,80.0,80.0,7008900
2012-02-06,79.5,79.93000030517578,79.44000244140625,79.8499984741211,79.8499984741211,3208700
2012-02-07,79.37999725341797,80.0,79.18000030517578,79.87999725341797,79.87999725341797,2259100
2012-02-08,79.81999969482422,79.88999938964844,79.47000122070312,79.66000366210938,79.66000366210938,3306300
2012-02-09,79.66000366210938,79.77999877929688,78.94999694824219,79.19999694824219,79.19999694824219,3696700
2012-02-10,78.8499984741211,79.27999877929688,78.5,78.79000091552734,78.79000091552734,4789300
2012-02-13,79.16000366210938,79.61000061035156,79.01000213623047,79.44000244140625,79.44000244140625,3182800
2012-02-14,79.27999877929688,79.30000305175781,78.23999786376953,78.91999816894531,78.91999816894531,4215100
2012-02-15,79.04000091552734,79.33999633789062,77.88999938964844,78.06999969482422,78.06999969482422,4922100
2012-02-16,78.02999877929688,78.9800033569336,77.9800033569336,78.91000366210938,78.91000366210938,4429500
2012-02-17,79.27999877929688,79.6500015258789,78.87999725341797,79.41999816894531,79.41999816894531,5603200
2012-02-21,79.44000244140625,79.87999725341797,79.30999755859375,79.62999725341797,79.62999725341797,3322500
2012-02-22,79.5,79.58999633789062,78.80000305175781,78.93000030517578,78.93000030517578,3295500
2012-02-23,78.72000122070312,79.41000366210938,78.72000122070312,79.37000274658203,79.37000274658203,3624100
2012-02-24,79.62999725341797,80.0999984741211,79.5199966430664,80.04000091552734,80.04000091552734,5552800
2012-02-27,79.44999694824219,80.4800033569336,78.69999694824219,80.25,80.25,6411700
2012-02-28,80.48999786376953,80.48999786376953,79.19999694824219,79.44000244140625,79.44000244140625,4653600
2012-02-29,79.56999969482422,79.66999816894531,78.41000366210938,78.44999694824219,78.44999694824219,7259200
2012-03-01,78.63999938964844,78.91999816894531,78.44000244140625,78.77999877929688,78.77999877929688,3893400
2012-03-02,78.5999984741211,78.75,78.18000030517578,78.29000091552734,78.29000091552734,3727600
2012-03-05,78.48999786376953,79.30000305175781,78.27999877929688,79.16999816894531,79.16999816894531,4810100
2012-03-06,78.68000030517578,79.04000091552734,78.30999755859375,78.47000122070312,78.47000122070312,5516300
2012-03-07,78.52999877929688,78.83999633789062,78.26000213623047,78.81999969482422,78.81999969482422,4060400
2012-03-08,79.0199966430664,79.1500015258789,78.43000030517578,78.87000274658203,78.87000274658203,3829400
2012-03-09,79.02999877929688,79.5,78.83000183105469,79.41000366210938,79.41000366210938,3625600
2012-03-12,79.43000030517578,79.66000366210938,79.30000305175781,79.54000091552734,79.54000091552734,3004000
2012-03-13,79.72000122070312,80.8499984741211,79.66000366210938,80.76000213623047,80.76000213623047,7088200
2012-03-14,80.69000244140625,80.88999938964844,80.38999938964844,80.70999908447266,80.70999908447266,4494000
2012-03-15,80.55000305175781,81.37000274658203,80.33000183105469,81.33999633789062,81.33999633789062,4947100
2012-03-16,81.2300033569336,81.48999786376953,80.94999694824219,81.06999969482422,81.06999969482422,7095500
2012-03-19,81.11000061035156,81.62000274658203,81.02999877929688,81.4800033569336,81.4800033569336,3742200
2012-03-20,81.25,81.5999984741211,81.06999969482422,81.44999694824219,81.44999694824219,2864100
2012-03-21,81.44999694824219,81.45999908447266,80.7300033569336,81.20999908447266,81.20999908447266,3558000
2012-03-22,80.80999755859375,81.08999633789062,80.55999755859375,80.93000030517578,80.93000030517578,3296000
2012-03-23,81.06999969482422,81.5999984741211,80.7699966430664,81.37999725341797,81.37999725341797,3364500
2012-03-26,81.87999725341797,82.33999633789062,81.69999694824219,82.33999633789062,82.33999633789062,4139700
2012-03-27,82.47000122070312,82.47000122070312,81.69999694824219,81.76000213623047,81.76000213623047,3259000
2012-03-28,81.8499984741211,81.88999938964844,80.94999694824219,81.77999877929688,81.77999877929688,3983600
2012-03-29,81.2699966430664,81.66000366210938,80.75,81.3499984741211,81.3499984741211,3599100
2012-03-30,81.62000274658203,81.80999755859375,80.88999938964844,81.1500015258789,81.1500015258789,4054700
2012-04-02,81.1500015258789,82.02999877929688,81.0,81.83999633789062,81.83999633789062,3844700
2012-04-03,81.5,81.83999633789062,80.7699966430664,81.54000091552734,81.54000091552734,4495700
2012-04-04,81.0,81.45999908447266,80.79000091552734,81.05000305175781,81.05000305175781,3245600
2012-04-05,80.80999755859375,81.27999877929688,80.6500015258789,80.91000366210938,80.91000366210938,2826000
2012-04-09,80.18000030517578,80.26000213623047,79.5999984741211,79.76000213623047,79.76000213623047,3710600
2012-04-10,79.5999984741211,79.80000305175781,78.68000030517578,78.69999694824219,78.69999694824219,5062200
2012-04-11,79.5999984741211,79.5999984741211,78.83999633789062,79.05000305175781,79.05000305175781,3530900
2012-04-12,78.91000366210938,80.19999694824219,78.73999786376953,80.05999755859375,80.05999755859375,3655300
2012-04-13,79.91000366210938,80.0,78.69999694824219,78.81999969482422,78.81999969482422,4428600
2012-04-16,79.4800033569336,79.94000244140625,79.08000183105469,79.66999816894531,79.66999816894531,3773800
2012-04-17,80.27999877929688,80.98999786376953,79.87000274658203,80.76000213623047,80.76000213623047,4627900
2012-04-18,79.9000015258789,80.2300033569336,79.6500015258789,79.73999786376953,79.73999786376953,5471100
2012-04-19,79.7699966430664,80.02999877929688,78.75,79.27999877929688,79.27999877929688,4467800
2012-04-20,79.2699966430664,79.55999755859375,78.86000061035156,78.9000015258789,78.9000015258789,5653200
2012-04-23,78.41999816894531,79.18000030517578,78.20999908447266,78.80000305175781,78.80000305175781,5233700
2012-04-24,78.98999786376953,79.8499984741211,78.83000183105469,79.79000091552734,79.79000091552734,3968900
2012-04-25,79.86000061035156,80.06999969482422,79.6500015258789,79.94000244140625,79.94000244140625,4128200
2012-04-26,79.87000274658203,80.58000183105469,79.73999786376953,80.4000015258789,80.4000015258789,3622700
2012-04-27,80.44000244140625,80.69999694824219,80.12000274658203,80.55999755859375,80.55999755859375,3743900
2012-04-30,80.51000213623047,80.72000122070312,80.20999908447266,80.44999694824219,80.44999694824219,2776900
2012-05-01,80.47000122070312,81.4800033569336,80.4000015258789,81.45999908447266,81.45999908447266,3584000
2012-05-02,81.12000274658203,81.25,80.68000030517578,81.12999725341797,81.12999725341797,2797700
2012-05-03,81.25,81.54000091552734,81.04000091552734,81.26000213623047,81.26000213623047,3575200
2012-05-04,80.80999755859375,81.25,80.52999877929688,80.94000244140625,80.94000244140625,4502700
2012-05-07,81.26000213623047,82.58999633789062,80.94999694824219,82.47000122070312,82.47000122070312,6757000
2012-05-08,82.30000305175781,82.45999908447266,81.5199966430664,82.22000122070312,82.22000122070312,5704100
2012-05-09,81.5,82.0,81.43000030517578,81.43000030517578,81.43000030517578,4865600
2012-05-10,81.98999786376953,82.4000015258789,81.61000061035156,81.77999877929688,81.77999877929688,4085000
2012-05-11,81.25,82.27999877929688,81.0,81.5999984741211,81.5999984741211,4197400
2012-05-14,81.01000213623047,81.16999816894531,80.47000122070312,80.52999877929688,80.52999877929688,4076300
2012-05-15,80.36000061035156,80.91000366210938,80.1500015258789,80.20999908447266,80.20999908447266,3804600
2012-05-16,80.41999816894531,81.08999633789062,80.26000213623047,80.58999633789062,80.58999633789062,6713700
2012-05-17,80.70999908447266,80.93000030517578,79.87000274658203,79.87000274658203,79.87000274658203,6093200
2012-05-18,80.23999786376953,80.23999786376953,78.63999938964844,78.91000366210938,78.91000366210938,6357100
2012-05-21,79.01000213623047,79.87000274658203,78.66000366210938,79.80000305175781,79.80000305175781,4185600
2012-05-22,80.01000213623047,80.80000305175781,79.25,79.6500015258789,79.6500015258789,3252300
2012-05-23,79.30000305175781,79.87000274658203,78.66999816894531,79.75,79.75,3483000
2012-05-24,79.79000091552734,79.98999786376953,79.08999633789062,79.80000305175781,79.80000305175781,2585400
2012-05-25,79.52999877929688,79.98999786376953,79.0,79.25,79.25,3002400
2012-05-29,79.7300033569336,79.94000244140625,79.25,79.81999969482422,79.81999969482422,3071200
2012-05-30,79.18000030517578,79.48999786376953,78.58999633789062,78.83000183105469,78.83000183105469,3852300
2012-05-31,78.63999938964844,79.8499984741211,78.27999877929688,79.36000061035156,79.36000061035156,4721100
2012-06-01,78.33000183105469,79.38999938964844,78.33000183105469,79.0199966430664,79.0199966430664,6865800
2012-06-04,79.0,79.08999633789062,78.44999694824219,79.04000091552734,79.04000091552734,5976200
2012-06-05,78.9000015258789,79.2699966430664,78.83000183105469,79.12000274658203,79.12000274658203,4172000
2012-06-06,79.41999816894531,80.68000030517578,78.91000366210938,80.68000030517578,80.68000030517578,4955500
2012-06-07,80.88999938964844,81.25,80.37999725341797,80.66000366210938,80.66000366210938,4600100
2012-06-08,80.55999755859375,81.36000061035156,80.27999877929688,81.36000061035156,81.36000061035156,3200400
2012-06-11,81.58000183105469,81.66000366210938,80.19999694824219,80.27999877929688,80.27999877929688,3871300
2012-06-12,80.41999816894531,81.30999755859375,80.04000091552734,81.26000213623047,81.26000213623047,3777600
2012-06-13,81.01000213623047,81.13999938964844,80.23999786376953,80.58999633789062,80.58999633789062,3637100
2012-06-14,80.91000366210938,82.0,80.73999786376953,81.72000122070312,81.72000122070312,5153300
2012-06-15,82.2699966430664,82.56999969482422,82.05000305175781,82.56999969482422,82.56999969482422,6769300
2012-06-18,82.05999755859375,82.48999786376953,82.0199966430664,82.1500015258789,82.1500015258789,4033900
2012-06-19,82.4000015258789,83.02999877929688,82.33000183105469,82.9800033569336,82.9800033569336,4833400
2012-06-20,82.9800033569336,83.0,81.9000015258789,82.45999908447266,82.45999908447266,3797800
2012-06-21,82.68000030517578,82.80000305175781,81.02999877929688,81.19000244140625,81.19000244140625,4260700
2012-06-22,81.33999633789062,82.08999633789062,80.9000015258789,81.87000274658203,81.87000274658203,4370500
2012-06-25,81.31999969482422,81.31999969482422,80.44000244140625,80.47000122070312,80.47000122070312,4445600
2012-06-26,80.72000122070312,81.7699966430664,80.45999908447266,81.33000183105469,81.33000183105469,3473300
2012-06-27,81.45999908447266,82.4000015258789,81.43000030517578,81.9800033569336,81.9800033569336,3289300
2012-06-28,81.26000213623047,82.33999633789062,81.0,82.33999633789062,82.33999633789062,3401500
2012-06-29,82.73999786376953,83.33000183105469,82.5999984741211,83.33000183105469,83.33000183105469,5980900
2012-07-02,83.33999633789062,83.66999816894531,82.86000061035156,83.6500015258789,83.6500015258789,3668200
2012-07-03,83.63999938964844,83.87999725341797,83.2699966430664,83.77999877929688,83.77999877929688,1811100
2012-07-05,83.44999694824219,83.69999694824219,83.16000366210938,83.22000122070312,83.22000122070312,3094100
2012-07-06,82.5,82.83000183105469,82.13999938964844,82.54000091552734,82.54000091552734,3249300
2012-07-09,82.56999969482422,83.66999816894531,82.37999725341797,83.38999938964844,83.38999938964844,3695100
2012-07-10,83.62999725341797,83.72000122070312,82.9000015258789,83.05000305175781,83.05000305175781,3531900
2012-07-11,83.25,84.41000366210938,83.25,84.08999633789062,84.08999633789062,5289100
2012-07-12,83.41999816894531,83.98999786376953,83.19000244140625,83.54000091552734,83.54000091552734,3992200
2012-07-13,83.7699966430664,84.48999786376953,83.51000213623047,84.4800033569336,84.4800033569336,3833700
2012-07-16,84.30999755859375,84.48999786376953,83.5,83.9800033569336,83.9800033569336,3234500
2012-07-17,84.05999755859375,85.19000244140625,83.70999908447266,85.19000244140625,85.19000244140625,4669000
2012-07-18,84.87999725341797,85.3499984741211,84.79000091552734,84.9800033569336,84.9800033569336,3572400
2012-07-19,84.97000122070312,85.16999816894531,84.20999908447266,84.62999725341797,84.62999725341797,2936500
2012-07-20,84.22000122070312,84.27999877929688,83.61000061035156,83.83000183105469,83.83000183105469,4534400
2012-07-23,82.98999786376953,84.22000122070312,82.94999694824219,83.58999633789062,83.58999633789062,3814800
2012-07-24,83.54000091552734,83.9000015258789,83.02999877929688,83.69999694824219,83.69999694824219,3465600
2012-07-25,84.12999725341797,84.44000244140625,83.33000183105469,84.04000091552734,84.04000091552734,3773300
2012-07-26,84.69000244140625,85.16999816894531,84.41999816894531,84.66999816894531,84.66999816894531,4039300
2012-07-27,85.05000305175781,85.38999938964844,84.75,85.19999694824219,85.19999694824219,4651300
2012-07-30,85.01000213623047,85.44000244140625,84.80999755859375,85.2300033569336,85.2300033569336,2717000
2012-07-31,85.16000366210938,85.19000244140625,84.55000305175781,84.83999633789062,84.83999633789062,3175200
2012-08-01,85.04000091552734,85.30999755859375,82.12000274658203,84.62000274658203,84.62000274658203,9871600
2012-08-02,84.0199966430664,84.47000122070312,83.2300033569336,84.08000183105469,84.08000183105469,4197100
2012-08-03,84.75,85.69000244140625,84.70999908447266,85.58000183105469,85.58000183105469,5062400
2012-08-06,86.01000213623047,86.01000213623047,85.08999633789062,85.1500015258789,85.1500015258789,3296200
2012-08-07,85.36000061035156,85.75,84.63999938964844,84.66999816894531,84.66999816894531,4796300
2012-08-08,84.30000305175781,84.8499984741211,84.29000091552734,84.6500015258789,84.6500015258789,2847600
2012-08-09,84.69999694824219,85.0,84.37999725341797,84.54000091552734,84.54000091552734,2789100
2012-08-10,84.43000030517578,84.87000274658203,84.20999908447266,84.7699966430664,84.7699966430664,2187800
2012-08-13,84.61000061035156,85.12000274658203,84.5,84.98999786376953,84.98999786376953,2133600
2012-08-14,85.06999969482422,85.27999877929688,84.70999908447266,84.94000244140625,84.94000244140625,2550600
2012-08-15,84.94999694824219,85.19000244140625,84.66000366210938,84.70999908447266,84.70999908447266,2127300
2012-08-16,84.79000091552734,85.5,84.52999877929688,85.22000122070312,85.22000122070312,3314900
2012-08-17,85.4800033569336,85.87000274658203,85.19999694824219,85.87000274658203,85.87000274658203,3610100
2012-08-20,85.5,85.76000213623047,85.2699966430664,85.75,85.75,2556200
2012-08-21,85.86000061035156,85.88999938964844,85.0199966430664,85.22000122070312,85.22000122070312,3242700
2012-08-22,85.25,85.94999694824219,85.0199966430664,85.69000244140625,85.69000244140625,3300800
2012-08-23,85.6500015258789,85.68000030517578,85.12000274658203,85.1500015258789,85.1500015258789,2749000
2012-08-24,85.0,85.51000213623047,84.91999816894531,85.38999938964844,85.38999938964844,2126600
2012-08-27,85.38999938964844,85.76000213623047,85.12999725341797,85.41000366210938,85.41000366210938,2041200
2012-08-28,85.08000183105469,85.55999755859375,84.88999938964844,84.91999816894531,84.91999816894531,2526800
2012-08-29,84.58000183105469,84.80999755859375,84.12999725341797,84.55000305175781,84.55000305175781,3599500
2012-08-30,84.1500015258789,84.3499984741211,84.0,84.01000213623047,84.01000213623047,2707000
2012-08-31,84.41000366210938,84.66000366210938,83.97000122070312,84.33999633789062,84.33999633789062,3460300
2012-09-04,84.4000015258789,84.44999694824219,84.02999877929688,84.25,84.25,3139400
2012-09-05,84.44000244140625,85.33999633789062,84.33999633789062,85.19000244140625,85.19000244140625,4549200
2012-09-06,85.48999786376953,86.47000122070312,85.41000366210938,86.47000122070312,86.47000122070312,4890800
2012-09-07,86.70999908447266,86.70999908447266,86.41999816894531,86.63999938964844,86.63999938964844,4438100
2012-09-10,86.62000274658203,87.13999938964844,86.47000122070312,86.61000061035156,86.61000061035156,3064600
2012-09-11,86.62000274658203,86.97000122070312,86.4800033569336,86.76000213623047,86.76000213623047,2986200
2012-09-12,86.7300033569336,87.05000305175781,85.23999786376953,86.7300033569336,86.7300033569336,4033300
2012-09-13,86.52999877929688,88.5999984741211,86.52999877929688,88.55999755859375,88.55999755859375,6392600
2012-09-14,88.5199966430664,89.2300033569336,88.12000274658203,88.69999694824219,88.69999694824219,5173200
2012-09-17,88.56999969482422,88.73999786376953,88.31999969482422,88.5199966430664,88.5199966430664,3623500
2012-09-18,88.5,88.61000061035156,88.19000244140625,88.61000061035156,88.61000061035156,4250400
2012-09-19,88.45999908447266,89.23999786376953,88.45999908447266,88.94999694824219,88.94999694824219,3731500
2012-09-20,88.25,89.5,87.91000366210938,89.33000183105469,89.33000183105469,5708400
2012-09-21,89.87000274658203,89.94999694824219,89.2699966430664,89.54000091552734,89.54000091552734,17216000
2012-09-24,88.94000244140625,89.66999816894531,88.6500015258789,88.66000366210938,88.66000366210938,4474500
2012-09-25,88.91000366210938,89.41000366210938,88.11000061035156,88.12000274658203,88.12000274658203,4084400
2012-09-26,88.30999755859375,89.11000061035156,88.20999908447266,88.33000183105469,88.33000183105469,3799200
2012-09-27,88.62000274658203,88.66000366210938,88.06999969482422,88.26000213623047,88.26000213623047,3333500
2012-09-28,88.30000305175781,88.5,87.41000366210938,88.19999694824219,88.19999694824219,5250600
2012-10-01,88.72000122070312,89.55000305175781,88.3499984741211,88.66000366210938,88.66000366210938,4819600
2012-10-02,89.0999984741211,89.30999755859375,88.4000015258789,88.83000183105469,88.83000183105469,2989200
2012-10-03,89.1500015258789,89.68000030517578,88.5,89.48999786376953,89.48999786376953,3601600
2012-10-04,89.8499984741211,90.51000213623047,89.56999969482422,90.36000061035156,90.36000061035156,4346000
2012-10-05,90.5199966430664,90.76000213623047,90.0999984741211,90.41999816894531,90.41999816894531,3624500
2012-10-08,90.37000274658203,90.61000061035156,90.12999725341797,90.16999816894531,90.16999816894531,2458400
2012-10-09,90.05000305175781,90.51000213623047,89.22000122070312,89.26000213623047,89.26000213623047,3340000
2012-10-10,89.22000122070312,89.52999877929688,88.51000213623047,88.7300033569336,88.7300033569336,2823300
2012-10-11,89.55000305175781,89.5999984741211,88.66000366210938,88.70999908447266,88.70999908447266,2304000
2012-10-12,89.02999877929688,89.58999633789062,88.2300033569336,88.25,88.25,3596300
2012-10-15,88.43000030517578,89.30000305175781,88.2699966430664,89.11000061035156,89.11000061035156,2997200
2012-10-16,89.6500015258789,90.0,89.5,89.93000030517578,89.93000030517578,3278300
2012-10-17,90.0,90.58000183105469,89.86000061035156,90.5,90.5,3668800
2012-10-18,90.61000061035156,90.93000030517578,90.30000305175781,90.62000274658203,90.62000274658203,4180300
2012-10-19,90.3499984741211,90.5,88.5,89.26000213623047,89.26000213623047,5933700
2012-10-22,89.22000122070312,89.3499984741211,87.8499984741211,88.51000213623047,88.51000213623047,4090400
2012-10-23,87.75,87.7699966430664,86.80000305175781,86.94999694824219,86.94999694824219,5068900
2012-10-24,87.47000122070312,87.69999694824219,86.80999755859375,86.94000244140625,86.94000244140625,3478600
2012-10-25,87.44999694824219,87.44999694824219,86.79000091552734,87.1500015258789,87.1500015258789,3210900
2012-10-26,87.13999938964844,87.1500015258789,86.26000213623047,86.66000366210938,86.66000366210938,4399100
2012-10-31,86.87999725341797,87.0,86.18000030517578,86.3499984741211,86.3499984741211,4547400
2012-11-01,86.63999938964844,87.68000030517578,86.54000091552734,87.68000030517578,87.68000030517578,5321600
2012-11-02,88.36000061035156,88.44000244140625,86.91999816894531,86.93000030517578,86.93000030517578,4356900
2012-11-05,87.0199966430664,87.19999694824219,85.41999816894531,86.86000061035156,86.86000061035156,5171600
2012-11-06,87.25,87.38999938964844,86.62999725341797,87.29000091552734,87.29000091552734,4425500
2012-11-07,86.75,87.0,85.2699966430664,85.44999694824219,85.44999694824219,5832300
2012-11-08,85.5999984741211,86.4800033569336,84.51000213623047,84.58000183105469,84.58000183105469,5360300
2012-11-09,84.4000015258789,85.80999755859375,83.8499984741211,85.18000030517578,85.18000030517578,4806600
2012-11-12,85.4000015258789,85.55999755859375,85.01000213623047,85.2699966430664,85.2699966430664,2656000
2012-11-13,84.83000183105469,86.66999816894531,84.75,85.87000274658203,85.87000274658203,4764000
2012-11-14,86.13999938964844,86.31999969482422,84.8499984741211,84.87999725341797,84.87999725341797,6157700
2012-11-15,85.16999816894531,85.75,84.98999786376953,85.30000305175781,85.30000305175781,3898200
2012-11-16,85.41999816894531,86.05000305175781,84.80000305175781,85.91000366210938,85.91000366210938,6037200
2012-11-19,86.72000122070312,86.87999725341797,86.19000244140625,86.76000213623047,86.76000213623047,4305000
2012-11-20,86.61000061035156,86.87000274658203,86.04000091552734,86.79000091552734,86.79000091552734,4140000
2012-11-21,86.9800033569336,87.58999633789062,86.7300033569336,87.58000183105469,87.58000183105469,3749400
2012-11-23,88.0,88.51000213623047,87.70999908447266,88.5,88.5,2093000
2012-11-26,88.30000305175781,88.31999969482422,87.93000030517578,88.29000091552734,88.29000091552734,3069900
2012-11-27,88.29000091552734,88.87999725341797,87.91000366210938,88.08000183105469,88.08000183105469,5076800
2012-11-28,87.83999633789062,88.30000305175781,87.25,88.2699966430664,88.2699966430664,5053000
2012-11-29,88.51000213623047,88.62000274658203,87.56999969482422,87.97000122070312,87.97000122070312,3738600
2012-11-30,88.01000213623047,88.2699966430664,87.75,88.08000183105469,88.08000183105469,4375500
2012-12-03,88.27999877929688,88.62000274658203,87.7300033569336,87.75,87.75,4414200
2012-12-04,87.88999938964844,87.94999694824219,87.0999984741211,87.2699966430664,87.2699966430664,3531000
2012-12-05,87.44999694824219,87.97000122070312,87.02999877929688,87.62000274658203,87.62000274658203,4557500
2012-12-06,87.61000061035156,87.87000274658203,87.19000244140625,87.48999786376953,87.48999786376953,3616000
2012-12-07,87.79000091552734,87.80000305175781,87.01000213623047,87.33000183105469,87.33000183105469,3892100
2012-12-10,87.30000305175781,87.33000183105469,87.01000213623047,87.0999984741211,87.0999984741211,3354900
2012-12-11,87.31999969482422,87.66999816894531,86.94999694824219,87.2699966430664,87.2699966430664,4166700
2012-12-12,88.0,90.04000091552734,87.80000305175781,89.31999969482422,89.31999969482422,11077000
2012-12-13,89.47000122070312,89.81999969482422,89.02999877929688,89.44000244140625,89.44000244140625,5568500
2012-12-14,89.5,89.73999786376953,89.08999633789062,89.1500015258789,89.1500015258789,4726300
2012-12-17,89.75,90.0199966430664,89.5,89.9800033569336,89.9800033569336,5503400
2012-12-18,89.97000122070312,90.4000015258789,89.80999755859375,90.37000274658203,90.37000274658203,6580800
2012-12-19,90.37000274658203,90.70999908447266,89.68000030517578,90.0999984741211,90.0999984741211,5137700
2012-12-20,90.30000305175781,90.83000183105469,90.0199966430664,90.69000244140625,90.69000244140625,5745500
2012-12-21,90.08999633789062,90.75,89.66000366210938,89.83000183105469,89.83000183105469,10074600
2012-12-24,89.79000091552734,90.02999877929688,89.37000274658203,89.83000183105469,89.83000183105469,2565200
2012-12-26,89.93000030517578,90.0,89.01000213623047,89.26000213623047,89.26000213623047,3409200
2012-12-27,89.22000122070312,89.66999816894531,88.76000213623047,89.22000122070312,89.22000122070312,4478500
2012-12-28,88.86000061035156,89.05999755859375,88.55000305175781,88.55000305175781,88.55000305175781,4482200
2012-12-31,88.48999786376953,89.81999969482422,88.11000061035156,89.69999694824219,89.69999694824219,7011800
2013-01-02,91.31999969482422,93.19999694824219,91.29000091552734,93.19999694824219,93.19999694824219,7529000
2013-01-03,93.11000061035156,94.33999633789062,92.81999969482422,93.62000274658203,93.62000274658203,7174600
2013-01-04,93.73999786376953,94.05000305175781,93.36000061035156,93.8499984741211,93.8499984741211,4142200
2013-01-07,93.80000305175781,93.87999725341797,93.13999938964844,93.44999694824219,93.44999694824219,3987500
2013-01-08,93.37999725341797,93.80999755859375,92.9800033569336,93.80999755859375,93.80999755859375,3657800
2013-01-09,94.08000183105469,94.08000183105469,93.0199966430664,93.31999969482422,93.31999969482422,3505000
2013-01-10,93.77999877929688,94.69000244140625,93.41000366210938,94.6500015258789,94.6500015258789,4682900
2013-01-11,94.72000122070312,94.75,94.22000122070312,94.38999938964844,94.38999938964844,4269400
2013-01-14,94.55000305175781,95.36000061035156,94.18000030517578,95.36000061035156,95.36000061035156,5144300
2013-01-15,95.11000061035156,95.4800033569336,94.76000213623047,95.36000061035156,95.36000061035156,3625600
2013-01-16,95.19999694824219,95.27999877929688,94.80999755859375,95.02999877929688,95.02999877929688,3810400
2013-01-17,95.44000244140625,95.5,94.83999633789062,95.30000305175781,95.30000305175781,3954800
2013-01-18,95.5,95.58999633789062,94.58000183105469,95.16000366210938,95.16000366210938,6390600
2013-01-22,95.16000366210938,95.91999816894531,94.87999725341797,95.91000366210938,95.91000366210938,4293600
2013-01-23,96.0,96.55999755859375,95.48999786376953,96.4800033569336,96.4800033569336,3679900
2013-01-24,96.58999633789062,97.7300033569336,96.52999877929688,97.30999755859375,97.30999755859375,4830500
2013-01-25,97.70999908447266,97.75,96.77999877929688,97.38999938964844,97.38999938964844,3808600
2013-01-28,97.41999816894531,97.54000091552734,96.75,97.12000274658203,97.12000274658203,3603300
2013-01-29,97.30999755859375,97.36000061035156,96.9800033569336,97.23999786376953,97.23999786376953,4329900
2013-01-30,97.31999969482422,97.33000183105469,96.44000244140625,96.87999725341797,96.87999725341797,3948500
2013-01-31,96.5,97.11000061035156,96.30000305175781,96.93000030517578,96.93000030517578,4425500
2013-02-01,97.55999755859375,99.0,97.19999694824219,98.0,98.0,4350900
2013-02-04,97.76000213623047,98.0,96.36000061035156,96.51000213623047,96.51000213623047,4226000
2013-02-05,97.16999816894531,98.04000091552734,97.0,97.91000366210938,97.91000366210938,3340700
2013-02-06,97.3499984741211,97.88999938964844,97.26000213623047,97.83000183105469,97.83000183105469,2904800
2013-02-07,97.80000305175781,97.97000122070312,97.01000213623047,97.11000061035156,97.11000061035156,3540100
2013-02-08,97.25,97.33000183105469,96.7300033569336,97.25,97.25,2996000
2013-02-11,97.45999908447266,97.5,97.04000091552734,97.12999725341797,97.12999725341797,1765300
2013-02-12,97.06999969482422,97.98999786376953,97.01000213623047,97.69999694824219,97.69999694824219,2385700
2013-02-13,97.72000122070312,98.19999694824219,97.58999633789062,97.97000122070312,97.97000122070312,2450100
2013-02-14,97.83999633789062,99.30999755859375,97.83999633789062,99.20999908447266,99.20999908447266,5013700
2013-02-15,99.63999938964844,99.79000091552734,99.2300033569336,99.7699966430664,99.7699966430664,5200600
2013-02-19,99.9800033569336,101.08000183105469,99.69999694824219,101.0199966430664,101.0199966430664,4290100
2013-02-20,101.13999938964844,101.48999786376953,100.0199966430664,100.22000122070312,100.22000122070312,5384400
2013-02-21,100.08999633789062,100.55000305175781,99.66999816894531,100.16999816894531,100.16999816894531,6168500
2013-02-22,100.5,101.2699966430664,100.22000122070312,101.20999908447266,101.20999908447266,3448400
2013-02-25,101.73999786376953,102.0,98.44000244140625,98.58000183105469,98.58000183105469,5836200
2013-02-26,99.05000305175781,101.0,98.25,98.72000122070312,98.72000122070312,4406400
2013-02-27,98.58000183105469,101.2699966430664,98.58000183105469,101.20999908447266,101.20999908447266,4319700
2013-02-28,101.44000244140625,102.33000183105469,101.30999755859375,102.16000366210938,102.16000366210938,8875500
2013-03-01,101.44999694824219,102.25,100.44000244140625,102.05000305175781,102.05000305175781,4812800
2013-03-04,101.66000366210938,101.9800033569336,100.5,101.94999694824219,101.94999694824219,4314100
2013-03-05,102.4800033569336,103.4800033569336,102.33000183105469,102.66000366210938,102.66000366210938,4449800
2013-03-06,103.29000091552734,103.55999755859375,102.76000213623047,103.23999786376953,103.23999786376953,3316300
2013-03-07,103.25,103.58000183105469,103.02999877929688,103.41000366210938,103.41000366210938,2619400
2013-03-08,103.9800033569336,104.0,103.0999984741211,103.62999725341797,103.62999725341797,3509600
2013-03-11,103.7699966430664,104.1500015258789,103.41000366210938,104.06999969482422,104.06999969482422,3268700
2013-03-12,104.08999633789062,104.19000244140625,102.12000274658203,103.01000213623047,103.01000213623047,3767500
2013-03-13,103.05999755859375,103.69999694824219,102.97000122070312,103.6500015258789,103.6500015258789,2876900
2013-03-14,103.80999755859375,104.25,103.58999633789062,103.98999786376953,103.98999786376953,3178400
2013-03-15,103.66999816894531,103.79000091552734,102.79000091552734,102.79000091552734,102.79000091552734,7253800
2013-03-18,102.11000061035156,102.8499984741211,101.91000366210938,102.12000274658203,102.12000274658203,3585500
2013-03-19,102.37000274658203,102.73999786376953,101.30000305175781,101.7699966430664,101.7699966430664,3343300
2013-03-20,102.18000030517578,102.56999969482422,101.87000274658203,102.33999633789062,102.33999633789062,3284100
2013-03-21,101.94000244140625,102.56999969482422,101.7300033569336,101.95999908447266,101.95999908447266,4422700
2013-03-22,101.98999786376953,102.69999694824219,101.94999694824219,102.56999969482422,102.56999969482422,2427800
2013-03-25,103.0,103.2699966430664,101.91999816894531,102.4000015258789,102.4000015258789,3238700
2013-03-26,102.88999938964844,103.83999633789062,102.45999908447266,103.81999969482422,103.81999969482422,3473900
2013-03-27,103.20999908447266,103.44999694824219,102.63999938964844,103.16000366210938,103.16000366210938,2358800
2013-03-28,103.31999969482422,104.4800033569336,102.97000122070312,104.19999694824219,104.19999694824219,4531100
2013-04-01,104.16999816894531,104.45999908447266,103.16999816894531,103.47000122070312,103.47000122070312,2416800
2013-04-02,103.95999908447266,105.5,103.80000305175781,105.13999938964844,105.13999938964844,4082200
2013-04-03,105.52999877929688,105.52999877929688,104.05000305175781,104.23999786376953,104.23999786376953,3894300
2013-04-04,104.66000366210938,105.55999755859375,104.36000061035156,105.12999725341797,105.12999725341797,3836400
2013-04-05,103.91000366210938,104.38999938964844,103.33999633789062,104.1500015258789,104.1500015258789,3680800
2013-04-08,104.54000091552734,105.29000091552734,103.62000274658203,105.26000213623047,105.26000213623047,2500000
2013-04-09,105.37999725341797,105.47000122070312,104.77999877929688,105.12000274658203,105.12000274658203,2666600
2013-04-10,105.2699966430664,106.37000274658203,104.91000366210938,106.33000183105469,106.33000183105469,3108600
2013-04-11,106.37999725341797,106.9800033569336,106.0199966430664,106.7300033569336,106.7300033569336,3547000
2013-04-12,106.5,107.05000305175781,106.30000305175781,107.04000091552734,107.04000091552734,3082100
2013-04-15,106.83999633789062,107.43000030517578,104.2699966430664,104.5199966430664,104.5199966430664,5594300
2013-04-16,105.29000091552734,107.48999786376953,105.1500015258789,107.16000366210938,107.16000366210938,4429800
2013-04-17,106.41999816894531,106.69000244140625,104.30000305175781,105.16999816894531,105.16999816894531,4493500
2013-04-18,105.0199966430664,105.2300033569336,102.69000244140625,103.0,103.0,3964900
2013-04-19,103.45999908447266,105.45999908447266,103.08999633789062,105.27999877929688,105.27999877929688,4167300
2013-04-22,105.5199966430664,105.72000122070312,104.12999725341797,105.0199966430664,105.0199966430664,3108100
2013-04-23,105.41999816894531,106.70999908447266,105.30000305175781,106.68000030517578,106.68000030517578,4082800
2013-04-24,106.72000122070312,107.0,106.36000061035156,106.75,106.75,2443500
2013-04-25,107.0199966430664,108.04000091552734,106.81999969482422,107.47000122070312,107.47000122070312,3579400
2013-04-26,107.54000091552734,107.9000015258789,106.5,107.0999984741211,107.0999984741211,3869800
2013-04-29,107.19000244140625,107.4000015258789,106.41000366210938,106.61000061035156,106.61000061035156,2573900
2013-04-30,106.5999984741211,106.69999694824219,105.62999725341797,106.31999969482422,106.31999969482422,5047000
2013-05-01,105.97000122070312,107.08999633789062,105.97000122070312,106.12000274658203,106.12000274658203,3133100
2013-05-02,106.48999786376953,107.33000183105469,106.23999786376953,107.30000305175781,107.30000305175781,2569000
2013-05-03,108.26000213623047,109.19999694824219,108.2300033569336,108.63999938964844,108.63999938964844,4447700
2013-05-06,110.94999694824219,111.25,109.44999694824219,110.0,110.0,4929200
2013-05-07,110.48999786376953,110.5,109.45999908447266,109.9000015258789,109.9000015258789,3679300
2013-05-08,109.95999908447266,110.9800033569336,109.43000030517578,110.94000244140625,110.94000244140625,3814900
2013-05-09,110.8499984741211,111.33999633789062,110.3499984741211,110.66000366210938,110.66000366210938,3405100
2013-05-10,111.0999984741211,111.87999725341797,111.0,111.81999969482422,111.81999969482422,3786300
2013-05-13,111.83000183105469,112.33999633789062,111.41000366210938,111.73999786376953,111.73999786376953,2806600
2013-05-14,112.08000183105469,112.7300033569336,111.80000305175781,112.66999816894531,112.66999816894531,3891300
2013-05-15,112.56999969482422,112.9800033569336,112.1500015258789,112.7699966430664,112.7699966430664,3854900
2013-05-16,112.5199966430664,112.52999877929688,111.25,111.54000091552734,111.54000091552734,3621800
2013-05-17,111.94999694824219,113.0999984741211,111.76000213623047,113.0199966430664,113.0199966430664,4791000
2013-05-20,112.87000274658203,113.55000305175781,112.58000183105469,113.0,113.0,3096600
2013-05-21,113.06999969482422,113.33999633789062,112.44999694824219,112.69999694824219,112.69999694824219,3614600
2013-05-22,112.81999969482422,113.44999694824219,111.11000061035156,111.8499984741211,111.8499984741211,5845600
2013-05-23,110.45999908447266,111.72000122070312,109.11000061035156,111.29000091552734,111.29000091552734,5564700
2013-05-24,110.5,110.83000183105469,109.91999816894531,110.83000183105469,110.83000183105469,3517000
2013-05-28,112.16999816894531,112.5,111.76000213623047,112.27999877929688,112.27999877929688,5312600
2013-05-29,111.66000366210938,113.45999908447266,111.41000366210938,113.02999877929688,113.02999877929688,4557200
2013-05-30,113.37000274658203,115.0,113.30999755859375,114.83999633789062,114.83999633789062,5531300
2013-05-31,114.81999969482422,115.0,113.87999725341797,114.06999969482422,114.06999969482422,8636300
2013-06-03,114.76000213623047,114.76000213623047,113.02999877929688,114.06999969482422,114.06999969482422,4944800
2013-06-04,113.94999694824219,114.0,112.9000015258789,113.41999816894531,113.41999816894531,4339600
2013-06-05,112.9000015258789,113.16000366210938,111.05000305175781,111.51000213623047,111.51000213623047,5034700
2013-06-06,111.33999633789062,113.16999816894531,111.1500015258789,113.0999984741211,113.0999984741211,4550300
2013-06-07,113.88999938964844,115.55000305175781,113.52999877929688,115.30999755859375,115.30999755859375,4725500
2013-06-10,115.55999755859375,115.9800033569336,114.80000305175781,115.1500015258789,115.1500015258789,3126900
2013-06-11,114.41000366210938,114.43000030517578,113.26000213623047,113.51000213623047,113.51000213623047,4064800
2013-06-12,114.01000213623047,114.3499984741211,112.66000366210938,112.94999694824219,112.94999694824219,3941700
2013-06-13,112.88999938964844,115.13999938964844,112.2699966430664,114.98999786376953,114.98999786376953,4018900
2013-06-14,114.94000244140625,115.08000183105469,113.94000244140625,114.16000366210938,114.16000366210938,2978600
2013-06-17,114.75,115.56999969482422,113.83000183105469,114.91999816894531,114.91999816894531,3509400
2013-06-18,115.01000213623047,115.58999633789062,114.83999633789062,115.16999816894531,115.16999816894531,2992200
2013-06-19,115.13999938964844,115.66000366210938,113.80999755859375,113.83999633789062,113.83999633789062,3471600
2013-06-20,113.19999694824219,113.91000366210938,110.86000061035156,111.41000366210938,111.41000366210938,6299300
2013-06-21,112.62999725341797,113.12999725341797,111.25,112.37999725341797,112.37999725341797,7188700
2013-06-24,111.75,112.0,109.52999877929688,110.70999908447266,110.70999908447266,5193400
2013-06-25,111.80999755859375,112.30999755859375,110.87999725341797,112.06999969482422,112.06999969482422,4147900
2013-06-26,112.9800033569336,113.5,112.2699966430664,112.91000366210938,112.91000366210938,3763100
2013-06-27,113.62999725341797,113.69999694824219,112.94999694824219,113.0,113.0,3209200
2013-06-28,112.66000366210938,112.86000061035156,111.66000366210938,111.91999816894531,111.91999816894531,4455800
2013-07-01,112.51000213623047,113.7699966430664,112.51000213623047,113.04000091552734,113.04000091552734,3302000
2013-07-02,112.83999633789062,113.36000061035156,112.08000183105469,112.5199966430664,112.5199966430664,2748600
2013-07-03,112.02999877929688,112.70999908447266,111.58000183105469,112.62999725341797,112.62999725341797,1350000
2013-07-05,113.33999633789062,115.0,113.20999908447266,114.95999908447266,114.95999908447266,3158100
2013-07-08,115.5,115.87000274658203,114.80000305175781,115.01000213623047,115.01000213623047,3482000
2013-07-09,115.62000274658203,115.94999694824219,115.11000061035156,115.80000305175781,115.80000305175781,3385900
2013-07-10,115.5,115.77999877929688,114.55999755859375,114.87999725341797,114.87999725341797,2606200
2013-07-11,115.98999786376953,117.37000274658203,115.43000030517578,116.9800033569336,116.9800033569336,4339900
2013-07-12,116.80999755859375,117.19999694824219,116.55000305175781,117.12000274658203,117.12000274658203,3285100
2013-07-15,117.33999633789062,117.47000122070312,116.86000061035156,117.20999908447266,117.20999908447266,2776300
2013-07-16,117.45999908447266,117.9800033569336,117.02999877929688,117.19999694824219,117.19999694824219,2653800
2013-07-17,117.83000183105469,118.12999725341797,117.44000244140625,117.62999725341797,117.62999725341797,3042000
2013-07-18,117.88999938964844,118.55999755859375,117.83000183105469,118.55999755859375,118.55999755859375,4139900
2013-07-19,118.68000030517578,119.08000183105469,118.11000061035156,118.9000015258789,118.9000015258789,3569700
2013-07-22,119.16000366210938,119.30000305175781,118.55000305175781,118.94000244140625,118.94000244140625,2786200
2013-07-23,119.06999969482422,119.08000183105469,118.1500015258789,118.20999908447266,118.20999908447266,2844500
2013-07-24,118.26000213623047,118.70999908447266,116.23999786376953,116.45999908447266,116.45999908447266,3657000
2013-07-25,116.0,117.45999908447266,115.51000213623047,117.06999969482422,117.06999969482422,3241400
2013-07-26,116.56999969482422,117.3499984741211,115.61000061035156,117.33999633789062,117.33999633789062,3139900
2013-07-29,116.91000366210938,116.91000366210938,115.9800033569336,116.41999816894531,116.41999816894531,2447100
2013-07-30,116.9000015258789,117.26000213623047,115.55999755859375,115.79000091552734,115.79000091552734,3559700
2013-07-31,116.37000274658203,116.88999938964844,115.80000305175781,115.87000274658203,115.87000274658203,3811700
2013-08-01,116.9800033569336,117.5,116.5199966430664,117.27999877929688,117.27999877929688,3992400
2013-08-02,117.37000274658203,117.86000061035156,116.8499984741211,117.81999969482422,117.81999969482422,3432400
2013-08-05,119.0999984741211,119.13999938964844,117.87999725341797,118.2300033569336,118.2300033569336,2858100
2013-08-06,118.2300033569336,118.44999694824219,117.26000213623047,117.91000366210938,117.91000366210938,2756900
2013-08-07,117.4000015258789,117.4000015258789,116.47000122070312,116.80000305175781,116.80000305175781,2767800
2013-08-08,117.4000015258789,117.86000061035156,116.5999984741211,117.63999938964844,117.63999938964844,2558200
2013-08-09,117.5,117.73999786376953,116.51000213623047,116.70999908447266,116.70999908447266,2194600
2013-08-12,116.23999786376953,117.33000183105469,116.0999984741211,117.12999725341797,117.12999725341797,2232900
2013-08-13,117.3499984741211,117.61000061035156,116.43000030517578,117.27999877929688,117.27999877929688,1903500
2013-08-14,117.04000091552734,117.33000183105469,116.45999908447266,116.56999969482422,116.56999969482422,1929300
2013-08-15,116.0,116.22000122070312,114.58999633789062,114.80000305175781,114.80000305175781,3626000
2013-08-16,114.52999877929688,115.69000244140625,114.30000305175781,115.23999786376953,115.23999786376953,3509900
2013-08-19,115.13999938964844,115.48999786376953,114.19000244140625,114.30000305175781,114.30000305175781,2249200
2013-08-20,114.20999908447266,115.3499984741211,114.1500015258789,115.01000213623047,115.01000213623047,2448400
2013-08-21,114.80000305175781,115.0,113.5199966430664,113.9800033569336,113.9800033569336,3111500
2013-08-22,114.18000030517578,115.33000183105469,113.97000122070312,114.75,114.75,3476000
2013-08-23,115.0,115.08999633789062,114.08000183105469,114.2699966430664,114.2699966430664,2951600
2013-08-26,114.33999633789062,114.94999694824219,113.83999633789062,113.8499984741211,113.8499984741211,3029200
2013-08-27,113.19999694824219,113.47000122070312,111.20999908447266,111.54000091552734,111.54000091552734,5034900
2013-08-28,111.16000366210938,112.83000183105469,111.11000061035156,112.19999694824219,112.19999694824219,3140900
2013-08-29,111.87999725341797,112.69000244140625,111.69999694824219,111.98999786376953,111.98999786376953,2655800
2013-08-30,112.25,112.4800033569336,110.72000122070312,111.22000122070312,111.22000122070312,3998100
2013-09-03,112.31999969482422,112.94999694824219,111.3499984741211,112.08000183105469,112.08000183105469,3340000
2013-09-04,111.75,112.44999694824219,111.3499984741211,112.08000183105469,112.08000183105469,3916100
2013-09-05,112.0,112.6500015258789,111.86000061035156,112.2699966430664,112.2699966430664,3398900
2013-09-06,112.44000244140625,112.54000091552734,110.72000122070312,111.86000061035156,111.86000061035156,2845300
2013-09-09,112.12999725341797,112.66999816894531,111.44999694824219,112.66999816894531,112.66999816894531,3028900
2013-09-10,113.30999755859375,113.80000305175781,112.81999969482422,113.58999633789062,113.58999633789062,3587800
2013-09-11,113.55999755859375,114.27999877929688,113.41999816894531,114.27999877929688,114.27999877929688,3536000
2013-09-12,114.25,114.25,113.08999633789062,113.37999725341797,113.37999725341797,2968400
2013-09-13,113.29000091552734,113.70999908447266,112.94000244140625,113.54000091552734,113.54000091552734,2010200
2013-09-16,114.37000274658203,115.0999984741211,114.22000122070312,114.83999633789062,114.83999633789062,3158400
2013-09-17,115.16000366210938,115.91999816894531,115.0199966430664,115.38999938964844,115.38999938964844,4196100
2013-09-18,115.38999938964844,117.06999969482422,114.94999694824219,116.69999694824219,116.69999694824219,4910100
2013-09-19,117.0999984741211,117.7699966430664,116.62000274658203,117.16999816894531,117.16999816894531,5064000
2013-09-20,117.7699966430664,117.97000122070312,116.8499984741211,117.9000015258789,117.9000015258789,8977900
2013-09-23,117.05999755859375,117.0999984741211,115.20999908447266,115.63999938964844,115.63999938964844,4477200
2013-09-24,115.7699966430664,115.87999725341797,114.8499984741211,115.05000305175781,115.05000305175781,3256800
2013-09-25,115.0,116.0,114.86000061035156,115.51000213623047,115.51000213623047,4326100
2013-09-26,115.41999816894531,116.37000274658203,115.01000213623047,115.79000091552734,115.79000091552734,2362400
2013-09-27,115.30000305175781,115.41000366210938,114.51000213623047,114.8499984741211,114.8499984741211,2777200
2013-09-30,113.73999786376953,114.11000061035156,113.0199966430664,113.51000213623047,113.51000213623047,3907300
2013-10-01,113.73999786376953,114.43000030517578,113.33999633789062,114.13999938964844,114.13999938964844,3146000
2013-10-02,113.55000305175781,114.41000366210938,113.16000366210938,114.41000366210938,114.41000366210938,4435300
2013-10-03,114.05000305175781,114.05000305175781,112.81999969482422,113.37000274658203,113.37000274658203,4110400
2013-10-04,113.41000366210938,114.33999633789062,113.30000305175781,113.75,113.75,3503000
2013-10-07,112.98999786376953,113.68000030517578,112.4000015258789,112.86000061035156,112.86000061035156,3651800
2013-10-08,112.86000061035156,113.12000274658203,111.25,111.37000274658203,111.37000274658203,4414000
2013-10-09,111.66000366210938,112.20999908447266,110.83999633789062,111.7699966430664,111.7699966430664,3773500
2013-10-10,113.13999938964844,114.91999816894531,113.05999755859375,114.83999633789062,114.83999633789062,4147000
2013-10-11,114.8499984741211,115.83000183105469,114.19999694824219,115.80999755859375,115.80999755859375,3551900
2013-10-14,114.98999786376953,116.08000183105469,114.48999786376953,116.0,116.0,3668400
2013-10-15,115.8499984741211,115.8499984741211,114.48999786376953,114.62999725341797,114.62999725341797,2872700
2013-10-16,115.19999694824219,116.79000091552734,114.97000122070312,116.69000244140625,116.69000244140625,3742800
2013-10-17,116.6500015258789,117.25,116.04000091552734,116.91999816894531,116.91999816894531,3703900
2013-10-18,117.47000122070312,117.5,116.77999877929688,116.97000122070312,116.97000122070312,3153100
2013-10-21,116.94999694824219,117.0,116.43000030517578,116.88999938964844,116.88999938964844,2175300
2013-10-22,117.19000244140625,117.61000061035156,117.0,117.48999786376953,117.48999786376953,3716600
2013-10-23,117.0999984741211,117.5,116.30000305175781,116.41000366210938,116.41000366210938,2758800
2013-10-24,116.94999694824219,117.30999755859375,116.61000061035156,116.83999633789062,116.83999633789062,2597200
2013-10-25,116.77999877929688,117.0999984741211,116.5199966430664,117.02999877929688,117.02999877929688,2941700
2013-10-28,117.18000030517578,117.20999908447266,116.66999816894531,116.94000244140625,116.94000244140625,2729700
2013-10-29,116.91000366210938,117.44000244140625,116.76000213623047,117.41000366210938,117.41000366210938,2584600
2013-10-30,117.55999755859375,117.69999694824219,116.30999755859375,116.33999633789062,116.33999633789062,2941300
2013-10-31,116.31999969482422,116.41000366210938,115.05000305175781,115.08999633789062,115.08999633789062,4376800
2013-11-01,115.27999877929688,116.06999969482422,114.94000244140625,115.2699966430664,115.2699966430664,3703900
2013-11-04,115.77999877929688,115.81999969482422,114.5,114.87000274658203,114.87000274658203,3522300
2013-11-05,114.47000122070312,115.0999984741211,114.30000305175781,114.36000061035156,114.36000061035156,2297600
2013-11-06,114.69000244140625,115.11000061035156,114.5999984741211,114.91000366210938,114.91000366210938,3536000
2013-11-07,115.12000274658203,115.45999908447266,113.79000091552734,113.83000183105469,113.83000183105469,3553400
2013-11-08,113.5,115.91999816894531,113.5,115.87999725341797,115.87999725341797,4497400
2013-11-11,115.5,116.0,115.26000213623047,115.6500015258789,115.6500015258789,1946800
2013-11-12,115.30999755859375,115.45999908447266,114.0,114.20999908447266,114.20999908447266,3084000
2013-11-13,113.76000213623047,114.88999938964844,113.76000213623047,114.80999755859375,114.80999755859375,3910100
2013-11-14,114.86000061035156,115.69000244140625,114.70999908447266,115.69000244140625,115.69000244140625,2854600
2013-11-15,115.33999633789062,116.33999633789062,115.23999786376953,116.30000305175781,116.30000305175781,3682400
2013-11-18,116.55999755859375,116.55999755859375,115.69000244140625,115.9000015258789,115.9000015258789,2633200
2013-11-19,115.9000015258789,116.22000122070312,115.45999908447266,115.83999633789062,115.83999633789062,2611300
2013-11-20,115.91999816894531,115.91999816894531,114.54000091552734,114.9000015258789,114.9000015258789,2833000
2013-11-21,115.31999969482422,116.51000213623047,114.70999908447266,116.41999816894531,116.41999816894531,3201300
2013-11-22,116.5199966430664,117.33000183105469,116.41999816894531,116.95999908447266,116.95999908447266,3181100
2013-11-25,117.18000030517578,117.27999877929688,115.37999725341797,115.62999725341797,115.62999725341797,4220600
2013-11-26,115.80000305175781,116.83999633789062,115.76000213623047,116.58000183105469,116.58000183105469,4320100
2013-11-27,116.5999984741211,116.94999694824219,115.95999908447266,116.58000183105469,116.58000183105469,2682100
2013-11-29,116.7300033569336,116.97000122070312,116.08999633789062,116.52999877929688,116.52999877929688,2098700
2013-12-02,116.5,116.58999633789062,115.11000061035156,115.33000183105469,115.33000183105469,4021100
2013-12-03,114.58999633789062,115.01000213623047,114.04000091552734,114.79000091552734,114.79000091552734,3913800
2013-12-04,114.3499984741211,115.58000183105469,114.0,115.30000305175781,115.30000305175781,3675700
2013-12-05,115.01000213623047,115.55999755859375,114.87000274658203,114.95999908447266,114.95999908447266,2874600
2013-12-06,115.97000122070312,116.69999694824219,115.76000213623047,116.66000366210938,116.66000366210938,3260500
2013-12-09,116.87999725341797,117.45999908447266,116.7699966430664,117.13999938964844,117.13999938964844,3370200
2013-12-10,117.02999877929688,117.1500015258789,115.5999984741211,115.61000061035156,115.61000061035156,2969700
2013-12-11,115.5999984741211,115.80000305175781,114.27999877929688,114.51000213623047,114.51000213623047,3754300
2013-12-12,114.48999786376953,115.05999755859375,114.04000091552734,114.37999725341797,114.37999725341797,3120300
2013-12-13,114.37999725341797,115.02999877929688,113.98999786376953,114.05999755859375,114.05999755859375,2982400
2013-12-16,114.4000015258789,114.70999908447266,113.66999816894531,113.95999908447266,113.95999908447266,4792000
2013-12-17,114.1500015258789,114.18000030517578,113.58000183105469,113.62999725341797,113.62999725341797,3699200
2013-12-18,113.93000030517578,116.2699966430664,113.5,116.13999938964844,116.13999938964844,5427100
2013-12-19,115.83999633789062,116.61000061035156,115.66000366210938,116.36000061035156,116.36000061035156,3489800
2013-12-20,116.23999786376953,116.69999694824219,115.5999984741211,115.5999984741211,115.5999984741211,7377000
2013-12-23,116.4000015258789,117.16999816894531,116.22000122070312,117.04000091552734,117.04000091552734,3506900
2013-12-24,117.2699966430664,117.43000030517578,117.0,117.43000030517578,117.43000030517578,1077700
2013-12-26,117.43000030517578,117.98999786376953,117.02999877929688,117.98999786376953,117.98999786376953,2036200
2013-12-27,117.98999786376953,118.20999908447266,117.72000122070312,118.0,118.0,1898800
2013-12-30,118.33000183105469,118.55999755859375,117.75,118.04000091552734,118.04000091552734,1942600
2013-12-31,118.05000305175781,118.66000366210938,117.80999755859375,118.55999755859375,118.55999755859375,2420000
2014-01-02,118.33999633789062,118.5,117.36000061035156,117.5,117.5,3087000
2014-01-03,117.5,118.0,117.37999725341797,117.56999969482422,117.56999969482422,2694500
2014-01-06,118.19999694824219,118.19999694824219,116.26000213623047,116.27999877929688,116.27999877929688,3426000
2014-01-07,116.61000061035156,116.94999694824219,115.95999908447266,116.19000244140625,116.19000244140625,4062000
2014-01-08,116.0,116.37000274658203,115.25,115.33999633789062,115.33999633789062,3822700
2014-01-09,115.7699966430664,115.93000030517578,115.02999877929688,115.31999969482422,115.31999969482422,3339600
2014-01-10,116.0199966430664,116.0199966430664,114.43000030517578,114.97000122070312,114.97000122070312,3344400
2014-01-13,115.08000183105469,115.27999877929688,113.76000213623047,114.01000213623047,114.01000213623047,4742300
2014-01-14,114.1500015258789,114.95999908447266,113.5999984741211,114.95999908447266,114.95999908447266,3766400
2014-01-15,115.2300033569336,115.8499984741211,114.69999694824219,115.8499984741211,115.8499984741211,4513300
2014-01-16,115.94000244140625,116.06999969482422,114.91000366210938,115.23999786376953,115.23999786376953,2702100
2014-01-17,115.47000122070312,115.58000183105469,114.75,115.06999969482422,115.06999969482422,4173000
2014-01-21,115.31999969482422,115.48999786376953,114.26000213623047,115.1500015258789,115.1500015258789,4248600
2014-01-22,115.41999816894531,115.91000366210938,115.05999755859375,115.26000213623047,115.26000213623047,2823300
2014-01-23,114.81999969482422,114.87000274658203,113.33000183105469,113.5,113.5,5138000
2014-01-24,113.05999755859375,113.19999694824219,111.76000213623047,111.80999755859375,111.80999755859375,7193300
2014-01-27,111.91999816894531,112.27999877929688,111.12999725341797,111.5,111.5,5172800
2014-01-28,111.94999694824219,112.69000244140625,111.8499984741211,112.01000213623047,112.01000213623047,4174900
2014-01-29,111.41000366210938,112.04000091552734,111.12000274658203,111.27999877929688,111.27999877929688,3914000
2014-01-30,111.8499984741211,113.33000183105469,111.37999725341797,113.0,113.0,3787600
2014-01-31,111.80999755859375,112.37000274658203,110.8499984741211,111.5999984741211,111.5999984741211,5865700
2014-02-03,112.11000061035156,112.11000061035156,108.83999633789062,108.98999786376953,108.98999786376953,7071000
2014-02-04,109.41999816894531,109.58999633789062,108.5999984741211,109.12999725341797,109.12999725341797,5589200
2014-02-05,108.94000244140625,109.30999755859375,108.12000274658203,108.77999877929688,108.77999877929688,4205900
2014-02-06,109.43000030517578,110.27999877929688,108.94000244140625,110.16000366210938,110.16000366210938,3909100
2014-02-07,110.61000061035156,112.69999694824219,110.61000061035156,112.61000061035156,112.61000061035156,5607600
2014-02-10,112.62000274658203,113.0,111.7300033569336,112.61000061035156,112.61000061035156,3118000
2014-02-11,112.83000183105469,113.79000091552734,112.13999938964844,113.61000061035156,113.61000061035156,4188400
2014-02-12,113.68000030517578,114.16000366210938,113.12999725341797,113.30000305175781,113.30000305175781,2907100
2014-02-13,112.86000061035156,114.7699966430664,112.58000183105469,114.69999694824219,114.69999694824219,3597000
2014-02-14,114.5,115.04000091552734,114.22000122070312,114.94999694824219,114.94999694824219,3072400
2014-02-18,115.16000366210938,115.22000122070312,114.36000061035156,114.7300033569336,114.7300033569336,2574800
2014-02-19,114.72000122070312,114.8499984741211,113.26000213623047,113.36000061035156,113.36000061035156,3683600
2014-02-20,113.33000183105469,113.48999786376953,112.30000305175781,113.0999984741211,113.0999984741211,4108200
2014-02-21,113.44000244140625,113.98999786376953,112.97000122070312,113.18000030517578,113.18000030517578,3350900
2014-02-24,113.25,114.0,113.12000274658203,113.19999694824219,113.19999694824219,3530100
2014-02-25,113.13999938964844,114.16000366210938,112.56999969482422,113.94000244140625,113.94000244140625,3255200
2014-02-26,113.86000061035156,114.18000030517578,113.19999694824219,113.69999694824219,113.69999694824219,3104000
2014-02-27,113.25,114.58000183105469,113.08000183105469,114.58000183105469,114.58000183105469,3207100
2014-02-28,114.80000305175781,116.0,114.20999908447266,115.77999877929688,115.77999877929688,4607400
2014-03-03,116.1500015258789,116.75,114.87999725341797,116.05999755859375,116.05999755859375,4556900
2014-03-04,117.12999725341797,118.58999633789062,117.0,118.56999969482422,118.56999969482422,4830400
2014-03-05,118.37999725341797,119.08000183105469,118.13999938964844,118.9800033569336,118.9800033569336,3458000
2014-03-06,119.16999816894531,121.44000244140625,119.11000061035156,121.19999694824219,121.19999694824219,5337700
2014-03-07,121.83999633789062,122.91999816894531,121.4000015258789,122.66999816894531,122.66999816894531,4384600
2014-03-10,122.58000183105469,124.31999969482422,122.3499984741211,124.0999984741211,124.0999984741211,4304500
2014-03-11,124.44000244140625,125.0,123.88999938964844,124.69000244140625,124.69000244140625,5479100
2014-03-12,123.91999816894531,125.20999908447266,123.88999938964844,125.16999816894531,125.16999816894531,3911500
2014-03-13,125.61000061035156,125.91000366210938,123.44999694824219,123.61000061035156,123.61000061035156,4714500
2014-03-14,123.73999786376953,124.27999877929688,122.23999786376953,122.51000213623047,122.51000213623047,4684300
2014-03-17,123.44000244140625,123.94999694824219,122.87999725341797,123.36000061035156,123.36000061035156,3363200
2014-03-18,123.4000015258789,123.55999755859375,122.5199966430664,123.27999877929688,123.27999877929688,3940000
2014-03-19,123.4800033569336,123.69000244140625,121.83999633789062,122.62000274658203,122.62000274658203,3210600
2014-03-20,122.55999755859375,124.52999877929688,122.37999725341797,124.44000244140625,124.44000244140625,3818900
2014-03-21,125.05000305175781,125.88999938964844,124.41999816894531,125.19999694824219,125.19999694824219,8904100
2014-03-24,125.51000213623047,125.88999938964844,123.9800033569336,124.31999969482422,124.31999969482422,3961100
2014-03-25,125.05999755859375,125.08999633789062,123.8499984741211,124.47000122070312,124.47000122070312,2938500
2014-03-26,125.0,125.05000305175781,123.01000213623047,123.01000213623047,123.01000213623047,3148300
2014-03-27,123.29000091552734,123.8499984741211,122.62999725341797,123.47000122070312,123.47000122070312,3983300
2014-03-28,123.83000183105469,124.37000274658203,123.02999877929688,123.52999877929688,123.52999877929688,3430300
2014-03-31,124.25,124.97000122070312,124.0199966430664,124.97000122070312,124.97000122070312,3711500
2014-04-01,125.06999969482422,125.33999633789062,124.36000061035156,124.87999725341797,124.87999725341797,2967100
2014-04-02,124.81999969482422,124.93000030517578,124.18000030517578,124.47000122070312,124.47000122070312,3299900
2014-04-03,124.48999786376953,124.70999908447266,123.88999938964844,124.30999755859375,124.30999755859375,2272200
2014-04-04,124.61000061035156,125.36000061035156,123.86000061035156,123.9000015258789,123.9000015258789,3264700
2014-04-07,123.98999786376953,124.16000366210938,123.05999755859375,123.12000274658203,123.12000274658203,4182500
2014-04-08,123.16999816894531,123.73999786376953,122.5199966430664,123.12999725341797,123.12999725341797,4413600
2014-04-09,123.2699966430664,124.12000274658203,123.16999816894531,124.01000213623047,124.01000213623047,4077200
2014-04-10,123.66999816894531,124.69000244140625,122.26000213623047,122.2699966430664,122.2699966430664,4102800
2014-04-11,122.61000061035156,122.61000061035156,121.44999694824219,121.69999694824219,121.69999694824219,3801200
2014-04-14,122.30000305175781,122.80000305175781,121.08999633789062,122.29000091552734,122.29000091552734,3396100
2014-04-15,122.75,123.95999908447266,122.0999984741211,123.7699966430664,123.7699966430664,4214500
2014-04-16,124.38999938964844,126.0199966430664,124.25,126.0,126.0,4110000
2014-04-17,125.97000122070312,127.69999694824219,125.55000305175781,127.18000030517578,127.18000030517578,4410900
2014-04-21,127.66999816894531,127.7300033569336,126.25,126.5,126.5,2636400
2014-04-22,126.41999816894531,127.43000030517578,125.05999755859375,127.1500015258789,127.1500015258789,4382300
2014-04-23,127.48999786376953,127.95999908447266,126.61000061035156,127.19999694824219,127.19999694824219,2568900
2014-04-24,127.80000305175781,127.9000015258789,126.61000061035156,126.94999694824219,126.94999694824219,2848400
2014-04-25,126.76000213623047,127.56999969482422,126.56999969482422,127.26000213623047,127.26000213623047,2765700
2014-04-28,128.00999450683594,128.30999755859375,126.16000366210938,127.69999694824219,127.69999694824219,3529900
2014-04-29,127.87000274658203,128.74000549316406,127.80999755859375,128.49000549316406,128.49000549316406,3053100
2014-04-30,128.6300048828125,129.1999969482422,128.30999755859375,128.85000610351562,128.85000610351562,4075700
2014-05-01,128.80999755859375,129.25,128.14999389648438,129.05999755859375,129.05999755859375,2655500
2014-05-02,129.4499969482422,129.72999572753906,127.81999969482422,128.08999633789062,128.08999633789062,4276700
2014-05-05,127.19000244140625,127.19000244140625,126.08000183105469,126.61000061035156,126.61000061035156,3486100
2014-05-06,126.12999725341797,126.29000091552734,124.05999755859375,124.66999816894531,124.66999816894531,5381100
2014-05-07,125.4000015258789,127.52999877929688,125.31999969482422,127.44999694824219,127.44999694824219,3301400
2014-05-08,127.2300033569336,127.48999786376953,126.33000183105469,126.66999816894531,126.66999816894531,2773300
2014-05-09,126.25,127.37000274658203,125.8499984741211,127.33999633789062,127.33999633789062,2935600
2014-05-12,127.87000274658203,128.24000549316406,126.88999938964844,127.29000091552734,127.29000091552734,3406900
2014-05-13,127.69000244140625,127.91999816894531,127.05999755859375,127.88999938964844,127.88999938964844,2127500
2014-05-14,127.80000305175781,128.0,127.51000213623047,127.52999877929688,127.52999877929688,2685300
2014-05-15,127.30000305175781,127.44000244140625,126.0,126.36000061035156,126.36000061035156,3206100
2014-05-16,126.41000366210938,126.91999816894531,125.66000366210938,126.86000061035156,126.86000061035156,2897800
2014-05-19,126.7699966430664,127.20999908447266,126.11000061035156,127.12999725341797,127.12999725341797,2242400
2014-05-20,126.91999816894531,126.94000244140625,125.69999694824219,126.05999755859375,126.05999755859375,2292300
2014-05-21,126.5,126.94000244140625,126.22000122070312,126.66000366210938,126.66000366210938,1917000
2014-05-22,126.94999694824219,127.1500015258789,126.52999877929688,126.9800033569336,126.9800033569336,1546600
2014-05-23,127.22000122070312,127.31999969482422,126.30999755859375,126.80000305175781,126.80000305175781,1807700
2014-05-27,127.41000366210938,127.75,127.25,127.5199966430664,127.5199966430664,2251600
2014-05-28,127.43000030517578,127.94000244140625,127.26000213623047,127.45999908447266,127.45999908447266,2211300
2014-05-29,127.41999816894531,128.1999969482422,127.0999984741211,128.11000061035156,128.11000061035156,2028900
2014-05-30,127.66999816894531,128.5,127.62000274658203,128.33999633789062,128.33999633789062,2916700
2014-06-02,128.27999877929688,128.75,127.37000274658203,127.87999725341797,127.87999725341797,2007200
2014-06-03,127.29000091552734,127.68000030517578,126.61000061035156,126.93000030517578,126.93000030517578,2445000
2014-06-04,127.0,127.61000061035156,126.79000091552734,127.2300033569336,127.2300033569336,1760000
2014-06-05,127.55999755859375,128.22000122070312,127.11000061035156,128.1999969482422,128.1999969482422,2165000
2014-06-06,128.1999969482422,128.64999389648438,128.0800018310547,128.64999389648438,128.64999389648438,2241500
2014-06-09,128.3300018310547,128.6199951171875,127.56999969482422,127.98999786376953,127.98999786376953,2385200
2014-06-10,127.5999984741211,128.3000030517578,127.58000183105469,128.25,128.25,2174200
2014-06-11,127.86000061035156,128.47999572753906,127.86000061035156,128.22000122070312,128.22000122070312,2422300
2014-06-12,128.4600067138672,128.58999633789062,126.93000030517578,127.27999877929688,127.27999877929688,2408700
2014-06-13,127.2699966430664,127.51000213623047,125.5,126.54000091552734,126.54000091552734,3397900
2014-06-16,125.94999694824219,126.33999633789062,125.70999908447266,126.1500015258789,126.1500015258789,2545800
2014-06-17,126.05000305175781,126.3499984741211,125.5999984741211,126.02999877929688,126.02999877929688,2583600
2014-06-18,125.94000244140625,127.3499984741211,125.44000244140625,127.16999816894531,127.16999816894531,2925400
2014-06-19,127.55999755859375,127.56999969482422,126.55999755859375,127.25,127.25,2954200
2014-06-20,127.43000030517578,128.10000610351562,126.5,126.73999786376953,126.73999786376953,6161300
2014-06-23,126.80000305175781,126.9800033569336,126.30000305175781,126.66999816894531,126.66999816894531,2768500
2014-06-24,126.3499984741211,127.37000274658203,126.3499984741211,126.77999877929688,126.77999877929688,2862500
2014-06-25,126.87999725341797,127.3499984741211,126.48999786376953,127.12999725341797,127.12999725341797,2531600
2014-06-26,127.19999694824219,127.27999877929688,126.05999755859375,127.0999984741211,127.0999984741211,2148300
2014-06-27,126.83000183105469,127.48999786376953,126.62999725341797,127.31999969482422,127.31999969482422,3125300
2014-06-30,127.11000061035156,127.12999725341797,126.37999725341797,126.55999755859375,126.55999755859375,2732800
2014-07-01,126.72000122070312,127.63999938964844,126.66000366210938,127.23999786376953,127.23999786376953,2885300
2014-07-02,127.08000183105469,127.7300033569336,126.83000183105469,127.7300033569336,127.7300033569336,2599700
2014-07-03,127.91000366210938,129.38999938964844,127.80999755859375,129.3000030517578,129.3000030517578,2511400
2014-07-07,129.14999389648438,129.14999389648438,128.1699981689453,128.6999969482422,128.6999969482422,2875600
2014-07-08,128.24000549316406,129.08999633789062,128.1699981689453,128.22000122070312,128.22000122070312,3052400
2014-07-09,128.49000549316406,128.8699951171875,128.30999755859375,128.75,128.75,1923800
2014-07-10,128.0,128.72000122070312,127.61000061035156,128.4499969482422,128.4499969482422,2788600
2014-07-11,128.3000030517578,128.72000122070312,127.93000030517578,128.6300048828125,128.6300048828125,1819800
2014-07-14,129.0,129.27999877929688,128.67999267578125,128.97999572753906,128.97999572753906,1541600
2014-07-15,128.67999267578125,129.1699981689453,128.0,128.49000549316406,128.49000549316406,2931200
2014-07-16,128.66000366210938,128.75,127.87999725341797,128.11000061035156,128.11000061035156,2297600
2014-07-17,127.91999816894531,128.1199951171875,126.4000015258789,126.5199966430664,126.5199966430664,2834500
2014-07-18,126.91000366210938,128.4499969482422,126.87999725341797,128.27999877929688,128.27999877929688,3563500
2014-07-21,127.91999816894531,128.75,127.62000274658203,128.5800018310547,128.5800018310547,1787200
2014-07-22,129.0,129.0,128.22999572753906,128.4199981689453,128.4199981689453,1786200
2014-07-23,128.24000549316406,128.5800018310547,128.0500030517578,128.1300048828125,128.1300048828125,1527600
2014-07-24,128.38999938964844,128.67999267578125,128.05999755859375,128.35000610351562,128.35000610351562,2241300
2014-07-25,128.02000427246094,128.1699981689453,127.4000015258789,127.55000305175781,127.55000305175781,1807700
2014-07-28,127.55000305175781,128.4499969482422,126.62999725341797,128.3699951171875,128.3699951171875,1966900
2014-07-29,128.25999450683594,128.66000366210938,127.36000061035156,127.36000061035156,127.36000061035156,2346600
2014-07-30,127.51000213623047,128.4199981689453,126.83000183105469,127.73999786376953,127.73999786376953,2066400
2014-07-31,127.23999786376953,127.76000213623047,125.37000274658203,125.43000030517578,125.43000030517578,3630600
2014-08-01,125.0,126.94999694824219,122.72000122070312,125.83000183105469,125.83000183105469,3947900
2014-08-04,128.05999755859375,130.02999877929688,127.08000183105469,129.72000122070312,129.72000122070312,4876800
2014-08-05,129.6999969482422,129.75,127.36000061035156,127.98999786376953,127.98999786376953,3370600
2014-08-06,127.97000122070312,129.57000732421875,127.51000213623047,129.11000061035156,129.11000061035156,2719300
2014-08-07,129.69000244140625,129.8800048828125,128.52000427246094,128.9499969482422,128.9499969482422,3443100
2014-08-08,128.8000030517578,130.9499969482422,128.6199951171875,130.89999389648438,130.89999389648438,3761100
2014-08-11,131.41000366210938,132.8000030517578,130.94000244140625,131.9499969482422,131.9499969482422,2782400
2014-08-12,132.24000549316406,133.19000244140625,131.66000366210938,133.05999755859375,133.05999755859375,2742900
2014-08-13,133.33999633789062,133.42999267578125,132.4600067138672,133.0800018310547,133.0800018310547,2850400
2014-08-14,133.22999572753906,135.3800048828125,133.13999938964844,135.3000030517578,135.3000030517578,4483400
2014-08-15,135.7899932861328,135.8000030517578,133.1300048828125,134.33999633789062,134.33999633789062,3940500
2014-08-18,135.47000122070312,135.47000122070312,134.67999267578125,135.02999877929688,135.02999877929688,2960400
2014-08-19,135.85000610351562,135.85000610351562,134.52000427246094,134.89999389648438,134.89999389648438,2284200
2014-08-20,135.0,135.10000610351562,134.4499969482422,134.91000366210938,134.91000366210938,2329800
2014-08-21,135.24000549316406,136.82000732421875,135.0399932861328,136.80999755859375,136.80999755859375,3328000
2014-08-22,136.41000366210938,136.60000610351562,135.55999755859375,135.75,135.75,2417200
2014-08-25,136.42999267578125,136.75,136.07000732421875,136.22999572753906,136.22999572753906,2305900
2014-08-26,136.69000244140625,136.75,136.1199951171875,136.25,136.25,2144700
2014-08-27,136.61000061035156,136.69000244140625,136.00999450683594,136.52000427246094,136.52000427246094,1893400
2014-08-28,136.27999877929688,136.50999450683594,135.8800048828125,136.11000061035156,136.11000061035156,2114000
2014-08-29,136.17999267578125,137.25,136.00999450683594,137.25,137.25,2898100
2014-09-02,138.02999877929688,138.27000427246094,137.05999755859375,137.9600067138672,137.9600067138672,3319300
2014-09-03,138.5,138.5,137.33999633789062,137.72999572753906,137.72999572753906,2789600
2014-09-04,137.97000122070312,138.5500030517578,137.4199981689453,137.9499969482422,137.9499969482422,2563100
2014-09-05,137.7100067138672,138.35000610351562,137.33999633789062,138.07000732421875,138.07000732421875,3475900
2014-09-08,138.1699981689453,138.89999389648438,138.0500030517578,138.27999877929688,138.27999877929688,2536000
2014-09-09,138.33999633789062,138.4199981689453,136.67999267578125,136.88999938964844,136.88999938964844,2959500
2014-09-10,137.27000427246094,137.9499969482422,137.16000366210938,137.72000122070312,137.72000122070312,2037900
2014-09-11,137.1699981689453,137.97000122070312,137.0,137.9199981689453,137.9199981689453,2016900
2014-09-12,137.9199981689453,138.17999267578125,136.75999450683594,137.08999633789062,137.08999633789062,3291300
2014-09-15,137.72999572753906,138.1300048828125,137.00999450683594,138.0399932861328,138.0399932861328,2859500
2014-09-16,138.0,138.99000549316406,137.61000061035156,138.69000244140625,138.69000244140625,2672400
2014-09-17,139.13999938964844,140.17999267578125,138.7100067138672,139.61000061035156,139.61000061035156,3833000
2014-09-18,140.25,141.57000732421875,139.75,141.27999877929688,141.27999877929688,3870300
2014-09-19,142.14999389648438,142.4499969482422,140.3000030517578,140.55999755859375,140.55999755859375,9412100
2014-09-22,140.55999755859375,140.72999572753906,139.19000244140625,139.25999450683594,139.25999450683594,3422400
2014-09-23,139.17999267578125,139.7100067138672,138.75,138.77999877929688,138.77999877929688,2767600
2014-09-24,138.77999877929688,140.07000732421875,138.67999267578125,139.9499969482422,139.9499969482422,2801200
2014-09-25,139.88999938964844,139.9499969482422,136.88999938964844,137.08999633789062,137.08999633789062,4583500
2014-09-26,137.0,138.97000122070312,137.0,138.67999267578125,138.67999267578125,2872100
2014-09-29,137.75999450683594,138.6999969482422,137.55999755859375,138.3300018310547,138.3300018310547,2201800
2014-09-30,138.47999572753906,138.74000549316406,137.69000244140625,138.13999938964844,138.13999938964844,3469400
2014-10-01,138.3699951171875,138.3800048828125,136.19000244140625,136.6199951171875,136.6199951171875,3697000
2014-10-02,136.61000061035156,138.13999938964844,136.61000061035156,137.63999938964844,137.63999938964844,4594800
2014-10-03,138.41000366210938,139.66000366210938,138.16000366210938,139.5,139.5,3940400
2014-10-06,140.25,140.4600067138672,138.6300048828125,139.16000366210938,139.16000366210938,3464300
2014-10-07,138.66000366210938,138.83999633789062,136.7100067138672,136.72000122070312,136.72000122070312,3286500
2014-10-08,136.75,140.1999969482422,136.60000610351562,139.94000244140625,139.94000244140625,4842200
2014-10-09,140.2899932861328,140.2899932861328,137.07000732421875,137.08999633789062,137.08999633789062,6590100
2014-10-10,136.89999389648438,139.4499969482422,136.72999572753906,136.75999450683594,136.75999450683594,4838800
2014-10-13,136.60000610351562,138.07000732421875,136.30999755859375,136.3800048828125,136.3800048828125,4383300
2014-10-14,137.0,138.89999389648438,136.5,137.38999938964844,137.38999938964844,5019600
2014-10-15,136.58999633789062,136.77999877929688,132.02999877929688,135.63999938964844,135.63999938964844,8593900
2014-10-16,133.02999877929688,135.64999389648438,132.10000610351562,134.6999969482422,134.6999969482422,5038100
2014-10-17,136.05999755859375,137.6699981689453,135.52000427246094,137.08999633789062,137.08999633789062,5182900
2014-10-20,137.07000732421875,137.47999572753906,136.41000366210938,137.22999572753906,137.22999572753906,3245500
2014-10-21,138.07000732421875,138.97999572753906,137.35000610351562,138.97000122070312,138.97000122070312,4183300
2014-10-22,139.33999633789062,139.47999572753906,137.60000610351562,137.64999389648438,137.64999389648438,4023100
2014-10-23,139.1999969482422,139.52999877929688,138.38999938964844,138.67999267578125,138.67999267578125,3907000
2014-10-24,138.64999389648438,139.52000427246094,138.3699951171875,139.39999389648438,139.39999389648438,2924400
2014-10-27,139.19000244140625,139.64999389648438,138.94000244140625,139.52999877929688,139.52999877929688,2812200
2014-10-28,140.0,140.4600067138672,139.5,140.4600067138672,140.4600067138672,3885900
2014-10-29,140.52999877929688,140.67999267578125,138.9499969482422,139.99000549316406,139.99000549316406,3484000
2014-10-30,139.41000366210938,139.9199981689453,138.75999450683594,139.5399932861328,139.5399932861328,3513800
2014-10-31,140.89999389648438,141.52000427246094,139.36000061035156,140.16000366210938,140.16000366210938,5712500
2014-11-03,140.8800048828125,140.91000366210938,139.5500030517578,140.80999755859375,140.80999755859375,3047900
2014-11-04,141.05999755859375,142.24000549316406,140.8800048828125,142.17999267578125,142.17999267578125,3507900
2014-11-05,143.2100067138672,143.47999572753906,141.85000610351562,142.9199981689453,142.9199981689453,2874200
2014-11-06,143.25,143.4600067138672,142.22999572753906,143.2899932861328,143.2899932861328,2717100
2014-11-07,143.75999450683594,143.99000549316406,142.8699951171875,143.61000061035156,143.61000061035156,3235400
2014-11-10,143.9499969482422,145.07000732421875,143.80999755859375,145.0500030517578,145.0500030517578,3612200
2014-11-11,145.4600067138672,145.69000244140625,144.75,144.9499969482422,144.9499969482422,2904700
2014-11-12,144.9199981689453,145.75,144.6999969482422,145.52000427246094,145.52000427246094,3015400
2014-11-13,145.6999969482422,146.2899932861328,145.52999877929688,146.2899932861328,146.2899932861328,3056500
2014-11-14,146.35000610351562,146.47999572753906,145.05999755859375,145.52000427246094,145.52000427246094,2704300
2014-11-17,145.52999877929688,145.67999267578125,144.6999969482422,145.3699951171875,145.3699951171875,2426600
2014-11-18,145.74000549316406,146.39999389648438,145.2899932861328,145.80999755859375,145.80999755859375,2636700
2014-11-19,145.86000061035156,146.0800018310547,145.02999877929688,145.64999389648438,145.64999389648438,2371400
2014-11-20,145.13999938964844,145.75,145.0399932861328,145.72000122070312,145.72000122070312,2049900
2014-11-21,147.00999450683594,147.14999389648438,146.2100067138672,146.6999969482422,146.6999969482422,3418700
2014-11-24,147.11000061035156,147.4199981689453,146.6999969482422,147.27000427246094,147.27000427246094,3752100
2014-11-25,147.5,148.00999450683594,147.3800048828125,147.80999755859375,147.80999755859375,3749500
2014-11-26,148.11000061035156,148.30999755859375,147.92999267578125,148.19000244140625,148.19000244140625,2114400
2014-11-28,148.5500030517578,149.49000549316406,148.3699951171875,148.69000244140625,148.69000244140625,2282000
2014-12-01,148.61000061035156,149.94000244140625,148.17999267578125,148.52000427246094,148.52000427246094,3320300
2014-12-02,149.27999877929688,150.0,148.66000366210938,149.8699951171875,149.8699951171875,3181400
2014-12-03,150.14999389648438,150.49000549316406,149.50999450683594,149.72999572753906,149.72999572753906,3004100
2014-12-04,149.9600067138672,150.14999389648438,149.22999572753906,150.0500030517578,150.0500030517578,2418500
2014-12-05,150.3800048828125,150.67999267578125,150.10000610351562,150.67999267578125,150.67999267578125,2780300
2014-12-08,150.8800048828125,152.94000244140625,150.64999389648438,151.94000244140625,151.94000244140625,5263600
2014-12-09,151.4499969482422,151.4499969482422,148.91000366210938,150.4600067138672,150.4600067138672,4569600
2014-12-10,150.36000061035156,151.25999450683594,148.82000732421875,149.0800018310547,149.0800018310547,6574400
2014-12-11,149.7899932861328,151.27000427246094,149.5,150.1300048828125,150.1300048828125,3627500
2014-12-12,149.30999755859375,149.88999938964844,146.3000030517578,146.4600067138672,146.4600067138672,5208800
2014-12-15,147.97000122070312,148.4199981689453,144.75,146.1199951171875,146.1199951171875,4727900
2014-12-16,145.3699951171875,148.72999572753906,145.0,145.27999877929688,145.27999877929688,5020600
2014-12-17,145.75999450683594,148.6300048828125,145.52999877929688,148.4499969482422,148.4499969482422,4838800
2014-12-18,151.16000366210938,152.74000549316406,150.14999389648438,152.6699981689453,152.6699981689453,7867100
2014-12-19,152.3300018310547,152.66000366210938,150.8300018310547,151.55999755859375,151.55999755859375,9392900
2014-12-22,151.97999572753906,152.5500030517578,151.08999633789062,151.89999389648438,151.89999389648438,5938500
2014-12-23,152.19000244140625,152.6999969482422,151.67999267578125,151.75,151.75,3472800
2014-12-24,152.42999267578125,152.44000244140625,151.52000427246094,151.5399932861328,151.5399932861328,1612200
2014-12-26,151.66000366210938,152.1300048828125,151.25,151.35000610351562,151.35000610351562,1934800
2014-12-29,151.02000427246094,152.25999450683594,151.02000427246094,152.0500030517578,152.0500030517578,3223400
2014-12-30,151.35000610351562,152.22000122070312,151.19000244140625,152.08999633789062,152.08999633789062,2108900
2014-12-31,152.1999969482422,152.6699981689453,150.14999389648438,150.14999389648438,150.14999389648438,3324800
2015-01-02,151.5,151.60000610351562,148.5,149.1699981689453,149.1699981689453,3436400
2015-01-05,148.80999755859375,149.0,146.77999877929688,147.0,147.0,4168800
2015-01-06,147.63999938964844,148.52999877929688,146.11000061035156,146.83999633789062,146.83999633789062,4116100
2015-01-07,147.94000244140625,149.13999938964844,147.64999389648438,148.8800048828125,148.8800048828125,4159100
2015-01-08,150.60000610351562,151.3699951171875,150.50999450683594,151.3699951171875,151.3699951171875,4282100
2015-01-09,151.64999389648438,151.69000244140625,149.25999450683594,149.47000122070312,149.47000122070312,3360200
2015-01-12,149.9600067138672,150.1199951171875,147.9499969482422,148.27999877929688,148.27999877929688,5919400
2015-01-13,149.9499969482422,150.99000549316406,147.77000427246094,148.6300048828125,148.6300048828125,3908100
2015-01-14,147.27000427246094,148.3699951171875,146.4199981689453,147.82000732421875,147.82000732421875,4802800
2015-01-15,148.52999877929688,148.52999877929688,146.8000030517578,147.5800018310547,147.5800018310547,2892200
2015-01-16,147.1999969482422,149.25999450683594,146.55999755859375,149.2100067138672,149.2100067138672,4313800
2015-01-20,150.27999877929688,150.60000610351562,148.0800018310547,148.6300048828125,148.6300048828125,4053300
2015-01-21,148.33999633789062,148.42999267578125,146.58999633789062,147.17999267578125,147.17999267578125,4660700
2015-01-22,148.00999450683594,150.2100067138672,147.25999450683594,150.14999389648438,150.14999389648438,5892000
2015-01-23,149.99000549316406,150.0,149.08999633789062,149.1199951171875,149.1199951171875,3175800
2015-01-26,149.19000244140625,149.72999572753906,148.16000366210938,149.6999969482422,149.6999969482422,2461400
2015-01-27,148.25,148.8000030517578,147.5500030517578,147.64999389648438,147.64999389648438,3220300
2015-01-28,148.36000061035156,148.77000427246094,144.77000427246094,144.77999877929688,144.77999877929688,6388800
2015-01-29,145.39999389648438,146.94000244140625,144.25,146.2899932861328,146.2899932861328,4461200
2015-01-30,145.57000732421875,146.1999969482422,143.88999938964844,143.91000366210938,143.91000366210938,6242300
2015-02-02,144.1300048828125,146.75,143.3000030517578,146.72999572753906,146.72999572753906,5119500
2015-02-03,147.75,148.47999572753906,146.86000061035156,148.2899932861328,148.2899932861328,4981700
2015-02-04,148.25999450683594,148.5,147.10000610351562,147.52999877929688,147.52999877929688,3574200
2015-02-05,147.88999938964844,149.8800048828125,147.75,149.6699981689453,149.6699981689453,3084500
2015-02-06,149.8000030517578,151.6300048828125,149.5500030517578,150.17999267578125,150.17999267578125,4050600
2015-02-09,149.91000366210938,149.97000122070312,148.72000122070312,149.1300048828125,149.1300048828125,2429700
2015-02-10,149.66000366210938,150.50999450683594,148.89999389648438,149.9199981689453,149.9199981689453,2975500
2015-02-11,149.83999633789062,150.27000427246094,148.8000030517578,149.67999267578125,149.67999267578125,2732200
2015-02-12,150.0,150.41000366210938,149.36000061035156,149.7899932861328,149.7899932861328,3608600
2015-02-13,149.60000610351562,149.60000610351562,148.00999450683594,148.33999633789062,148.33999633789062,3669400
2015-02-17,148.36000061035156,149.3699951171875,148.16000366210938,149.1699981689453,149.1699981689453,2737300
2015-02-18,148.77999877929688,149.1300048828125,148.22000122070312,148.6699981689453,148.6699981689453,2219900
2015-02-19,148.2100067138672,148.35000610351562,147.08999633789062,147.47999572753906,147.47999572753906,2757800
2015-02-20,147.27000427246094,148.72000122070312,146.5800018310547,148.72000122070312,148.72000122070312,4877600
2015-02-23,148.1999969482422,148.4499969482422,146.82000732421875,147.3699951171875,147.3699951171875,3775500
2015-02-24,147.5,149.36000061035156,147.25,148.9499969482422,148.9499969482422,2914700
2015-02-25,149.38999938964844,149.38999938964844,148.47000122070312,148.77999877929688,148.77999877929688,2671900
2015-02-26,148.5500030517578,148.97000122070312,147.89999389648438,148.33999633789062,148.33999633789062,2549800
2015-02-27,148.22000122070312,148.32000732421875,147.0500030517578,147.41000366210938,147.41000366210938,3377400
2015-03-02,147.7100067138672,147.97999572753906,145.88999938964844,147.0800018310547,147.0800018310547,4896700
2015-03-03,146.7899932861328,146.94000244140625,145.05999755859375,145.92999267578125,145.92999267578125,3969600
2015-03-04,145.1999969482422,145.50999450683594,144.07000732421875,144.9199981689453,144.9199981689453,3250100
2015-03-05,145.41000366210938,146.25,144.8300018310547,146.05999755859375,146.05999755859375,2711700
2015-03-06,146.13999938964844,147.47999572753906,145.10000610351562,145.27999877929688,145.27999877929688,4099400
2015-03-09,145.5,146.52999877929688,145.25,146.1300048828125,146.1300048828125,2608800
2015-03-10,145.4199981689453,145.44000244140625,143.17999267578125,143.19000244140625,143.19000244140625,5258200
2015-03-11,143.47999572753906,144.24000549316406,143.24000549316406,143.44000244140625,143.44000244140625,2893800
2015-03-12,144.33999633789062,145.72999572753906,144.00999450683594,145.6699981689453,145.6699981689453,3539600
2015-03-13,145.27999877929688,145.5,143.27000427246094,143.97000122070312,143.97000122070312,3320700
2015-03-16,144.9199981689453,146.07000732421875,144.77999877929688,145.97999572753906,145.97999572753906,3858600
2015-03-17,145.08999633789062,145.47000122070312,143.94000244140625,144.75,144.75,2580000
2015-03-18,144.55999755859375,146.5500030517578,143.94000244140625,146.0,146.0,3490600
2015-03-19,145.63999938964844,146.0,144.4499969482422,144.8800048828125,144.8800048828125,2633800
2015-03-20,145.22999572753906,145.82000732421875,144.88999938964844,145.52999877929688,145.52999877929688,5858700
2015-03-23,145.47999572753906,146.2899932861328,145.02000427246094,145.55999755859375,145.55999755859375,3046900
2015-03-24,145.25999450683594,145.4600067138672,144.24000549316406,144.2899932861328,144.2899932861328,2764500
2015-03-25,144.67999267578125,144.92999267578125,143.55999755859375,143.55999755859375,143.55999755859375,3993400
2015-03-26,142.6999969482422,143.7100067138672,142.5,143.02999877929688,143.02999877929688,3549800
2015-03-27,143.47999572753906,143.91000366210938,142.89999389648438,143.88999938964844,143.88999938964844,3480700
2015-03-30,144.47000122070312,146.1199951171875,144.14999389648438,145.97999572753906,145.97999572753906,3348900
2015-03-31,145.75999450683594,145.77000427246094,144.25999450683594,144.32000732421875,144.32000732421875,3600200
2015-04-01,144.33999633789062,144.6300048828125,143.38999938964844,143.4499969482422,143.4499969482422,3693600
2015-04-02,143.58999633789062,143.89999389648438,143.14999389648438,143.55999755859375,143.55999755859375,2336100
2015-04-06,143.0,144.4499969482422,142.57000732421875,143.75999450683594,143.75999450683594,2446900
2015-04-07,143.55999755859375,144.02000427246094,143.0,143.05999755859375,143.05999755859375,2760900
2015-04-08,143.10000610351562,143.77999877929688,142.82000732421875,143.27999877929688,143.27999877929688,4775700
2015-04-09,143.02000427246094,143.6999969482422,142.77999877929688,143.64999389648438,143.64999389648438,2821000
2015-04-10,143.4199981689453,143.75,143.02000427246094,143.5,143.5,2353800
2015-04-13,143.27999877929688,143.9499969482422,143.0,143.4600067138672,143.4600067138672,2149500
2015-04-14,143.64999389648438,143.77000427246094,142.1199951171875,142.75,142.75,2929700
2015-04-15,142.72999572753906,143.47999572753906,142.5800018310547,142.7100067138672,142.7100067138672,2620700
2015-04-16,142.5,142.8000030517578,141.6999969482422,142.10000610351562,142.10000610351562,2693100
2015-04-17,141.1999969482422,141.5399932861328,140.3300018310547,140.6999969482422,140.6999969482422,4613700
2015-04-20,141.69000244140625,142.41000366210938,141.50999450683594,142.08999633789062,142.08999633789062,2669600
2015-04-21,142.39999389648438,142.47000122070312,141.1199951171875,141.13999938964844,141.13999938964844,3008200
2015-04-22,141.41000366210938,142.22000122070312,141.08999633789062,141.99000549316406,141.99000549316406,2629400
2015-04-23,141.9499969482422,143.02000427246094,141.6300048828125,142.42999267578125,142.42999267578125,2630700
2015-04-24,142.0,142.5500030517578,141.75,142.08999633789062,142.08999633789062,2255500
2015-04-27,142.27999877929688,142.36000061035156,140.8699951171875,141.08999633789062,141.08999633789062,3210600
2015-04-28,140.80999755859375,142.6300048828125,140.58999633789062,142.52000427246094,142.52000427246094,2564700
2015-04-29,141.6300048828125,142.75999450683594,141.57000732421875,142.41000366210938,142.41000366210938,3127000
2015-04-30,141.77999877929688,142.57000732421875,140.92999267578125,141.2100067138672,141.2100067138672,3554600
2015-05-01,142.0,143.36000061035156,141.7899932861328,143.36000061035156,143.36000061035156,2797900
2015-05-04,144.9499969482422,146.3300018310547,144.0,146.14999389648438,146.14999389648438,4229400
2015-05-05,145.91000366210938,146.4199981689453,144.50999450683594,144.55999755859375,144.55999755859375,2993500
2015-05-06,145.0,145.44000244140625,142.94000244140625,143.77999877929688,143.77999877929688,3320500
2015-05-07,143.41000366210938,145.52000427246094,143.36000061035156,145.30999755859375,145.30999755859375,3314300
2015-05-08,146.55999755859375,148.4199981689453,146.39999389648438,148.30999755859375,148.30999755859375,5277900
2015-05-11,148.5,148.57000732421875,146.0,146.1699981689453,146.1699981689453,3814700
2015-05-12,145.35000610351562,145.38999938964844,144.02999877929688,144.7899932861328,144.7899932861328,2823200
2015-05-13,144.16000366210938,144.72999572753906,144.02000427246094,144.25999450683594,144.25999450683594,2621700
2015-05-14,145.22000122070312,145.8300018310547,144.52000427246094,145.77999877929688,145.77999877929688,2326400
2015-05-15,145.92999267578125,146.08999633789062,144.64999389648438,145.25999450683594,145.25999450683594,2423500
2015-05-18,145.38999938964844,145.89999389648438,145.0399932861328,145.8300018310547,145.8300018310547,2266200
2015-05-19,145.8300018310547,147.0,145.25999450683594,146.5399932861328,146.5399932861328,2635700
2015-05-20,146.41000366210938,146.44000244140625,145.63999938964844,145.94000244140625,145.94000244140625,2239100
2015-05-21,145.60000610351562,145.92999267578125,145.16000366210938,145.27000427246094,145.27000427246094,2293900
2015-05-22,145.10000610351562,145.27000427246094,144.52999877929688,144.60000610351562,144.60000610351562,2188300
2015-05-26,144.44000244140625,144.91000366210938,143.55999755859375,143.6300048828125,143.6300048828125,3299400
2015-05-27,143.7100067138672,145.14999389648438,143.5800018310547,144.75,144.75,2275400
2015-05-28,144.92999267578125,145.10000610351562,144.00999450683594,144.74000549316406,144.74000549316406,2300000
2015-05-29,144.8699951171875,144.99000549316406,143.0,143.0,143.0,3641100
2015-06-01,143.25999450683594,144.07000732421875,143.05999755859375,143.35000610351562,143.35000610351562,2579400
2015-06-02,143.1999969482422,143.35000610351562,142.27999877929688,143.02999877929688,143.02999877929688,2737900
2015-06-03,143.42999267578125,143.72999572753906,142.55999755859375,143.19000244140625,143.19000244140625,2288300
2015-06-04,142.57000732421875,142.89999389648438,141.22999572753906,141.3699951171875,141.3699951171875,3369100
2015-06-05,141.50999450683594,141.80999755859375,140.52000427246094,140.75999450683594,140.75999450683594,3343900
2015-06-08,140.42999267578125,140.6999969482422,139.52000427246094,139.52000427246094,139.52000427246094,2998600
2015-06-09,139.2100067138672,140.38999938964844,139.13999938964844,139.6300048828125,139.6300048828125,2612800
2015-06-10,140.0,141.5,139.67999267578125,140.86000061035156,140.86000061035156,3156700
2015-06-11,141.42999267578125,141.61000061035156,140.60000610351562,141.36000061035156,141.36000061035156,2436000
2015-06-12,141.1199951171875,141.14999389648438,139.77999877929688,140.2899932861328,140.2899932861328,2768400
2015-06-15,139.72000122070312,139.9600067138672,138.77999877929688,139.39999389648438,139.39999389648438,2859500
2015-06-16,139.47000122070312,139.72999572753906,138.9199981689453,139.7100067138672,139.7100067138672,2369900
2015-06-17,139.85000610351562,140.55999755859375,139.16000366210938,139.97000122070312,139.97000122070312,2280200
2015-06-18,140.25,142.80999755859375,140.1999969482422,142.6699981689453,142.6699981689453,4583700
2015-06-19,142.17999267578125,142.9600067138672,140.9600067138672,140.9600067138672,140.9600067138672,6044000
2015-06-22,142.0,142.5399932861328,141.11000061035156,141.52999877929688,141.52999877929688,2339300
2015-06-23,141.6199951171875,142.14999389648438,140.9499969482422,141.3300018310547,141.3300018310547,1974500
2015-06-24,140.75,141.41000366210938,140.08999633789062,140.08999633789062,140.08999633789062,2709400
2015-06-25,140.05999755859375,140.64999389648438,139.4499969482422,139.4499969482422,139.4499969482422,2616700
2015-06-26,139.9199981689453,140.16000366210938,139.1199951171875,139.77999877929688,139.77999877929688,4480200
2015-06-29,139.0,139.24000549316406,136.4199981689453,136.50999450683594,136.50999450683594,6703700
2015-06-30,137.52000427246094,137.8000030517578,136.0800018310547,136.11000061035156,136.11000061035156,5160300
2015-07-01,137.6999969482422,138.3000030517578,136.74000549316406,137.52000427246094,137.52000427246094,3244900
2015-07-02,137.89999389648438,138.16000366210938,137.05999755859375,137.38999938964844,137.38999938964844,2823700
2015-07-06,136.1300048828125,137.4199981689453,136.0399932861328,136.88999938964844,136.88999938964844,2962100
2015-07-07,137.3000030517578,138.64999389648438,136.0399932861328,138.44000244140625,138.44000244140625,4642300
2015-07-08,137.5500030517578,137.9600067138672,136.75,136.89999389648438,136.89999389648438,3642300
2015-07-09,138.00999450683594,138.83999633789062,137.94000244140625,138.25,138.25,3574900
2015-07-10,139.50999450683594,140.3000030517578,138.9600067138672,139.72999572753906,139.72999572753906,3774900
2015-07-13,140.8000030517578,141.49000549316406,140.4499969482422,141.38999938964844,141.38999938964844,3139800
2015-07-14,141.13999938964844,141.63999938964844,140.9199981689453,141.1199951171875,141.1199951171875,2415200
2015-07-15,141.3699951171875,142.63999938964844,141.1999969482422,142.61000061035156,142.61000061035156,2995300
2015-07-16,143.14999389648438,143.9199981689453,143.0,143.9199981689453,143.9199981689453,3179600
2015-07-17,143.72000122070312,144.0,143.44000244140625,143.8800048828125,143.8800048828125,2982900
2015-07-20,143.9600067138672,144.69000244140625,143.7100067138672,144.50999450683594,144.50999450683594,2467500
2015-07-21,144.22999572753906,144.60000610351562,143.0800018310547,143.60000610351562,143.60000610351562,3116500
2015-07-22,143.5500030517578,144.0,143.05999755859375,143.52000427246094,143.52000427246094,2578000
2015-07-23,143.27000427246094,143.41000366210938,142.05999755859375,142.17999267578125,142.17999267578125,2322700
2015-07-24,142.0,142.36000061035156,141.19000244140625,141.25,141.25,2363300
2015-07-27,141.13999938964844,141.3699951171875,140.4199981689453,140.72000122070312,140.72000122070312,2903600
2015-07-28,141.58999633789062,143.58999633789062,141.1300048828125,143.22000122070312,143.22000122070312,3252700
2015-07-29,143.25,143.69000244140625,142.61000061035156,142.9199981689453,142.9199981689453,2555800
2015-07-30,142.80999755859375,143.05999755859375,142.11000061035156,142.85000610351562,142.85000610351562,2018300
2015-07-31,143.30999755859375,143.75,142.60000610351562,142.74000549316406,142.74000549316406,3074100
2015-08-03,143.11000061035156,143.32000732421875,140.9199981689453,142.3300018310547,142.3300018310547,2540700
2015-08-04,142.22000122070312,143.05999755859375,142.00999450683594,142.67999267578125,142.67999267578125,2618000
2015-08-05,143.32000732421875,143.99000549316406,143.22000122070312,143.5,143.5,2615800
2015-08-06,143.5,143.83999633789062,143.0,143.35000610351562,143.35000610351562,2418200
2015-08-07,142.86000061035156,143.6999969482422,142.3000030517578,143.5500030517578,143.5500030517578,2419000
2015-08-10,141.3699951171875,143.5800018310547,141.30999755859375,143.4199981689453,143.4199981689453,4278300
2015-08-11,141.8300018310547,143.07000732421875,141.61000061035156,142.8000030517578,142.8000030517578,3924400
2015-08-12,141.91000366210938,142.14999389648438,140.4600067138672,141.60000610351562,141.60000610351562,4901200
2015-08-13,141.30999755859375,142.61000061035156,140.99000549316406,141.9499969482422,141.9499969482422,3045200
2015-08-14,142.0500030517578,142.75,141.99000549316406,142.57000732421875,142.57000732421875,2911200
2015-08-17,142.0,142.4600067138672,141.30999755859375,142.32000732421875,142.32000732421875,2788100
2015-08-18,142.2899932861328,142.3000030517578,141.02000427246094,141.36000061035156,141.36000061035156,3334100
2015-08-19,141.0,141.7100067138672,139.75,140.47000122070312,140.47000122070312,3478300
2015-08-20,139.1999969482422,140.0,138.35000610351562,138.38999938964844,138.38999938964844,4050800
2015-08-21,137.22999572753906,138.0,134.16000366210938,134.22000122070312,134.22000122070312,9122400
2015-08-24,127.55000305175781,133.97000122070312,125.5,129.57000732421875,129.57000732421875,13820800
2015-08-25,134.47999572753906,134.5500030517578,127.45999908447266,127.73999786376953,127.73999786376953,8233100
2015-08-26,130.88999938964844,132.8800048828125,128.69000244140625,132.61000061035156,132.61000061035156,7709300
2015-08-27,134.39999389648438,136.30999755859375,133.22000122070312,136.22999572753906,136.22999572753906,5923000
2015-08-28,135.52999877929688,136.0,134.72999572753906,135.74000549316406,135.74000549316406,3897800
2015-08-31,135.08999633789062,135.5,133.4199981689453,134.0399932861328,134.0399932861328,5575500
2015-09-01,131.7899932861328,132.27000427246094,129.8300018310547,130.41000366210938,130.41000366210938,5957900
2015-09-02,131.41000366210938,132.22000122070312,130.75999450683594,132.22000122070312,132.22000122070312,4080300
2015-09-03,132.7100067138672,133.6199951171875,131.69000244140625,132.14999389648438,132.14999389648438,3984400
2015-09-04,130.82000732421875,131.0800018310547,128.91000366210938,129.63999938964844,129.63999938964844,5828600
2015-09-08,132.02000427246094,133.07000732421875,131.1699981689453,132.89999389648438,132.89999389648438,5729300
2015-09-09,134.5,134.66000366210938,130.3000030517578,130.58999633789062,130.58999633789062,4482600
2015-09-10,130.22999572753906,131.7899932861328,130.1999969482422,130.66000366210938,130.66000366210938,4482400
2015-09-11,130.8800048828125,131.5500030517578,130.25,131.3699951171875,131.3699951171875,4181800
2015-09-14,131.14999389648438,131.69000244140625,130.5399932861328,130.89999389648438,130.89999389648438,4270000
2015-09-15,131.0,132.64999389648438,130.75999450683594,132.25999450683594,132.25999450683594,3189600
2015-09-16,132.25999450683594,132.85000610351562,132.02000427246094,132.5800018310547,132.5800018310547,3041500
2015-09-17,132.2899932861328,133.60000610351562,131.27000427246094,131.47000122070312,131.47000122070312,4414500
2015-09-18,130.07000732421875,130.9600067138672,128.94000244140625,129.10000610351562,129.10000610351562,14622800
2015-09-21,130.0,131.30999755859375,129.72000122070312,130.97999572753906,130.97999572753906,4804900
2015-09-22,129.55999755859375,129.69000244140625,128.36000061035156,129.3000030517578,129.3000030517578,4230800
2015-09-23,129.30999755859375,129.49000549316406,128.30999755859375,129.16000366210938,129.16000366210938,2947800
2015-09-24,128.25,129.22000122070312,127.75,128.8300018310547,128.8300018310547,3705600
2015-09-25,130.02999877929688,130.5800018310547,129.0,129.63999938964844,129.63999938964844,3487200
2015-09-28,128.58999633789062,129.25999450683594,128.39999389648438,128.6199951171875,128.6199951171875,4412400
2015-09-29,128.44000244140625,128.9600067138672,127.66999816894531,128.80999755859375,128.80999755859375,4071500
2015-09-30,129.86000061035156,130.39999389648438,128.6699981689453,130.39999389648438,130.39999389648438,4726900
2015-10-01,130.5500030517578,131.39999389648438,129.27999877929688,129.8800048828125,129.8800048828125,3962200
2015-10-02,128.5,129.94000244140625,127.45999908447266,129.8300018310547,129.8300018310547,5183800
2015-10-05,130.5,132.44000244140625,130.3800048828125,132.3800048828125,132.3800048828125,3885400
2015-10-06,132.2899932861328,132.41000366210938,130.94000244140625,131.19000244140625,131.19000244140625,4804800
2015-10-07,132.0500030517578,133.32000732421875,131.75999450683594,132.67999267578125,132.67999267578125,3423400
2015-10-08,132.27999877929688,134.0,132.24000549316406,133.75,133.75,2734300
2015-10-09,133.72000122070312,134.3800048828125,132.17999267578125,133.02999877929688,133.02999877929688,3202100
2015-10-12,133.39999389648438,134.0500030517578,132.86000061035156,133.39999389648438,133.39999389648438,1973600
2015-10-13,133.0,133.27000427246094,131.91000366210938,132.19000244140625,132.19000244140625,2802400
2015-10-14,132.0,132.4499969482422,131.0500030517578,131.17999267578125,131.17999267578125,3125100
2015-10-15,131.97999572753906,133.8300018310547,131.5500030517578,133.8000030517578,133.8000030517578,3273300
2015-10-16,134.72999572753906,135.0,132.9600067138672,133.80999755859375,133.80999755859375,3061800
2015-10-19,133.5,133.88999938964844,133.11000061035156,133.6199951171875,133.6199951171875,2158800
2015-10-20,133.27000427246094,134.39999389648438,133.10000610351562,134.16000366210938,134.16000366210938,2118000
2015-10-21,134.7100067138672,135.41000366210938,133.11000061035156,133.22000122070312,133.22000122070312,2396800
2015-10-22,133.60000610351562,137.6999969482422,133.60000610351562,137.2899932861328,137.2899932861328,4898300
2015-10-23,138.0,138.0,136.75999450683594,137.77999877929688,137.77999877929688,3172900
2015-10-26,137.86000061035156,137.94000244140625,136.63999938964844,137.0,137.0,2173300
2015-10-27,136.39999389648438,136.6699981689453,135.07000732421875,135.6300048828125,135.6300048828125,2278300
2015-10-28,135.8000030517578,138.41000366210938,135.47999572753906,138.16000366210938,138.16000366210938,3244800
2015-10-29,138.10000610351562,138.5,137.22999572753906,137.88999938964844,137.88999938964844,2089100
2015-10-30,137.55999755859375,137.8699951171875,136.02000427246094,136.02000427246094,136.02000427246094,4228200
2015-11-02,136.77000427246094,138.6199951171875,136.3300018310547,138.39999389648438,138.39999389648438,3259300
2015-11-03,138.3000030517578,138.47999572753906,137.7100067138672,137.94000244140625,137.94000244140625,2617800
2015-11-04,138.0,138.0800018310547,137.05999755859375,137.42999267578125,137.42999267578125,2606300
2015-11-05,137.47999572753906,138.02999877929688,136.32000732421875,136.57000732421875,136.57000732421875,2461500
2015-11-06,136.44000244140625,137.19000244140625,135.13999938964844,136.3300018310547,136.3300018310547,3732200
2015-11-09,136.0,136.19000244140625,133.39999389648438,134.0,134.0,4884600
2015-11-10,134.0,134.72999572753906,133.63999938964844,134.72999572753906,134.72999572753906,2932500
2015-11-11,134.94000244140625,135.1999969482422,134.1199951171875,134.9600067138672,134.9600067138672,2056700
2015-11-12,134.4600067138672,134.6300048828125,132.77000427246094,132.77999877929688,132.77999877929688,3789800
2015-11-13,132.61000061035156,133.57000732421875,131.74000549316406,131.9600067138672,131.9600067138672,3589400
2015-11-16,131.82000732421875,133.30999755859375,131.47000122070312,133.3000030517578,133.3000030517578,2965600
2015-11-17,133.85000610351562,133.92999267578125,132.67999267578125,133.08999633789062,133.08999633789062,2882800
2015-11-18,133.47000122070312,136.3800048828125,133.27000427246094,136.22000122070312,136.22000122070312,3773000
2015-11-19,136.19000244140625,136.8699951171875,135.8300018310547,136.6300048828125,136.6300048828125,2755700
2015-11-20,137.33999633789062,137.4199981689453,135.9600067138672,136.6300048828125,136.6300048828125,2921300
2015-11-23,136.2899932861328,136.77999877929688,135.83999633789062,135.99000549316406,135.99000549316406,2469500
2015-11-24,135.08999633789062,135.8800048828125,134.1199951171875,135.5399932861328,135.5399932861328,2759500
2015-11-25,135.47999572753906,136.0,134.83999633789062,135.1300048828125,135.1300048828125,2137400
2015-11-27,135.3000030517578,135.5800018310547,134.4499969482422,134.6300048828125,134.6300048828125,1243000
2015-11-30,134.82000732421875,135.08999633789062,133.82000732421875,134.08999633789062,134.08999633789062,5087800
2015-12-01,134.86000061035156,136.57000732421875,134.36000061035156,136.42999267578125,136.42999267578125,3796900
2015-12-02,136.5,136.74000549316406,135.10000610351562,135.27000427246094,135.27000427246094,3710800
2015-12-03,135.3300018310547,135.5399932861328,132.2899932861328,132.66000366210938,132.66000366210938,4378300
2015-12-04,133.08999633789062,136.52000427246094,133.0,136.47999572753906,136.47999572753906,5520200
2015-12-07,136.1999969482422,136.4499969482422,134.67999267578125,135.60000610351562,135.60000610351562,2794900
2015-12-08,134.89999389648438,134.99000549316406,133.1699981689453,133.36000061035156,133.36000061035156,4055600
2015-12-09,133.17999267578125,134.14999389648438,131.1999969482422,131.7100067138672,131.7100067138672,4062900
2015-12-10,131.72000122070312,132.6199951171875,131.19000244140625,131.7100067138672,131.7100067138672,3463800
2015-12-11,130.30999755859375,130.91000366210938,129.55999755859375,130.30999755859375,130.30999755859375,5483100
2015-12-14,130.5,132.22999572753906,130.11000061035156,132.02000427246094,132.02000427246094,4418700
2015-12-15,133.25,135.63999938964844,132.75999450683594,134.8800048828125,134.8800048828125,4703300
2015-12-16,135.49000549316406,136.1199951171875,133.10000610351562,135.8800048828125,135.8800048828125,4930300
2015-12-17,135.7100067138672,136.16000366210938,133.89999389648438,133.97000122070312,133.97000122070312,3595900
2015-12-18,133.0399932861328,133.1699981689453,129.52999877929688,129.52999877929688,129.52999877929688,8791500
2015-12-21,131.16000366210938,131.69000244140625,129.64999389648438,131.19000244140625,131.19000244140625,4308400
2015-12-22,131.5500030517578,133.3300018310547,131.0399932861328,133.13999938964844,133.13999938964844,3714500
2015-12-23,133.35000610351562,134.42999267578125,133.1999969482422,134.14999389648438,134.14999389648438,3483200
2015-12-24,134.1199951171875,134.5500030517578,133.47999572753906,133.88999938964844,133.88999938964844,1367500
2015-12-28,133.47999572753906,133.5399932861328,132.52000427246094,133.1199951171875,133.1199951171875,2382900
2015-12-29,134.0,134.5500030517578,133.0,134.13999938964844,134.13999938964844,3135400
2015-12-30,133.9199981689453,134.1199951171875,133.05999755859375,133.25999450683594,133.25999450683594,2684300
2015-12-31,133.0,133.3699951171875,131.9499969482422,132.0399932861328,132.0399932861328,3405600
2016-01-04,130.16000366210938,131.02999877929688,128.75999450683594,130.75,130.75,6869100
2016-01-05,130.75,131.52999877929688,129.80999755859375,131.25,131.25,4084600
2016-01-06,129.99000549316406,131.75999450683594,129.72999572753906,131.3300018310547,131.3300018310547,5219400
2016-01-07,129.25,130.5399932861328,129.0,129.47999572753906,129.47999572753906,7382000
2016-01-08,130.11000061035156,130.39999389648438,128.2100067138672,128.3300018310547,128.3300018310547,6101600
2016-01-11,128.9199981689453,129.22999572753906,127.04000091552734,128.36000061035156,128.36000061035156,4353500
2016-01-12,129.11000061035156,129.4199981689453,127.5199966430664,128.8000030517578,128.8000030517578,4723400
2016-01-13,128.97000122070312,129.3800048828125,125.70999908447266,126.25,126.25,6042400
2016-01-14,126.41000366210938,128.99000549316406,126.01000213623047,128.07000732421875,128.07000732421875,6125300
2016-01-15,125.33999633789062,126.80999755859375,124.51000213623047,126.13999938964844,126.13999938964844,8145100
2016-01-19,126.86000061035156,128.27000427246094,126.7699966430664,127.76000213623047,127.76000213623047,5831700
2016-01-20,125.5999984741211,126.12000274658203,124.04000091552734,124.83000183105469,124.83000183105469,8024200
2016-01-21,125.5199966430664,126.75,124.37000274658203,125.62000274658203,125.62000274658203,3806100
2016-01-22,127.5,127.93000030517578,125.91999816894531,127.04000091552734,127.04000091552734,3765700
2016-01-25,126.55000305175781,126.9000015258789,123.9000015258789,124.12999725341797,124.12999725341797,5251500
2016-01-26,124.56999969482422,126.5199966430664,124.56999969482422,125.88999938964844,125.88999938964844,3694900
2016-01-27,125.26000213623047,127.22000122070312,124.61000061035156,125.19000244140625,125.19000244140625,3942600
2016-01-28,126.0,126.72000122070312,124.37000274658203,126.01000213623047,126.01000213623047,3513300
2016-01-29,126.66000366210938,129.77000427246094,126.11000061035156,129.77000427246094,129.77000427246094,6523800
2016-02-01,128.94000244140625,129.63999938964844,127.54000091552734,128.66000366210938,128.66000366210938,4443300
2016-02-02,127.5199966430664,127.83000183105469,125.51000213623047,125.69999694824219,125.69999694824219,4336700
2016-02-03,126.33999633789062,126.62999725341797,123.55000305175781,126.23999786376953,126.23999786376953,6607500
2016-02-04,126.08999633789062,127.69999694824219,125.75,127.44000244140625,127.44000244140625,4596300
2016-02-05,127.27999877929688,127.38999938964844,125.75,126.55999755859375,126.55999755859375,4732600
2016-02-08,125.69999694824219,127.83999633789062,124.93000030517578,126.77999877929688,126.77999877929688,6197700
2016-02-09,125.1500015258789,128.0800018310547,125.1500015258789,127.72000122070312,127.72000122070312,5246300
2016-02-10,128.44000244140625,129.17999267578125,126.29000091552734,126.58000183105469,126.58000183105469,4731100
2016-02-11,124.11000061035156,125.83999633789062,124.04000091552734,125.08999633789062,125.08999633789062,6061300
2016-02-12,126.76000213623047,128.2100067138672,126.05000305175781,128.07000732421875,128.07000732421875,5167600
2016-02-16,129.44000244140625,129.60000610351562,128.07000732421875,128.55999755859375,128.55999755859375,5912500
2016-02-17,129.1699981689453,130.44000244140625,128.91000366210938,130.25999450683594,130.25999450683594,4512100
2016-02-18,130.60000610351562,132.35000610351562,130.58999633789062,130.86000061035156,130.86000061035156,3866300
2016-02-19,130.35000610351562,131.60000610351562,130.00999450683594,131.0500030517578,131.0500030517578,4094200
2016-02-22,132.19000244140625,132.8699951171875,131.3300018310547,131.99000549316406,131.99000549316406,3720400
2016-02-23,131.1199951171875,131.91000366210938,130.64999389648438,130.74000549316406,130.74000549316406,3091500
2016-02-24,129.89999389648438,131.5,128.8800048828125,131.02999877929688,131.02999877929688,3635800
2016-02-25,131.6199951171875,132.3699951171875,130.4199981689453,132.30999755859375,132.30999755859375,3504200
2016-02-26,132.82000732421875,133.2899932861328,131.77000427246094,131.9199981689453,131.9199981689453,3851400
2016-02-29,133.36000061035156,135.11000061035156,132.94000244140625,134.1699981689453,134.1699981689453,7730100
2016-03-01,135.11000061035156,136.94000244140625,134.32000732421875,136.94000244140625,136.94000244140625,6068600
2016-03-02,136.9499969482422,137.14999389648438,135.80999755859375,136.72999572753906,136.72999572753906,3777800
2016-03-03,136.8000030517578,137.24000549316406,136.1300048828125,136.83999633789062,136.83999633789062,3936500
2016-03-04,136.99000549316406,138.05999755859375,136.52000427246094,137.97000122070312,137.97000122070312,4228600
2016-03-07,137.6999969482422,138.7899932861328,137.42999267578125,138.72000122070312,138.72000122070312,4571900
2016-03-08,138.25,138.6999969482422,137.49000549316406,137.8000030517578,137.8000030517578,4124500
2016-03-09,138.5500030517578,139.14999389648438,138.07000732421875,139.1300048828125,139.1300048828125,3165600
2016-03-10,139.75,139.75,137.80999755859375,138.6199951171875,138.6199951171875,4524300
2016-03-11,139.33999633789062,140.75999450683594,139.11000061035156,140.64999389648438,140.64999389648438,4306900
2016-03-14,140.8000030517578,141.22000122070312,139.47999572753906,139.72000122070312,139.72000122070312,4244200
2016-03-15,139.1199951171875,140.41000366210938,139.00999450683594,140.39999389648438,140.39999389648438,2838200
2016-03-16,139.83999633789062,140.44000244140625,139.50999450683594,139.8300018310547,139.8300018310547,3124200
2016-03-17,140.0,142.5800018310547,139.67999267578125,142.39999389648438,142.39999389648438,4461000
2016-03-18,142.8300018310547,142.9600067138672,141.44000244140625,142.16000366210938,142.16000366210938,7612100
2016-03-21,142.16000366210938,142.61000061035156,141.7100067138672,142.1300048828125,142.1300048828125,2441000
2016-03-22,141.97999572753906,142.99000549316406,141.66000366210938,142.17999267578125,142.17999267578125,3288100
2016-03-23,142.1699981689453,142.1699981689453,140.89999389648438,140.9600067138672,140.9600067138672,2647100
2016-03-24,140.22000122070312,140.60000610351562,139.55999755859375,140.11000061035156,140.11000061035156,3777900
2016-03-28,140.9499969482422,141.6199951171875,140.3300018310547,141.2899932861328,141.2899932861328,2668100
2016-03-29,141.2899932861328,142.0399932861328,140.5,141.89999389648438,141.89999389648438,3346200
2016-03-30,142.91000366210938,143.39999389648438,142.2899932861328,142.4600067138672,142.4600067138672,3161300
2016-03-31,142.55999755859375,143.0500030517578,141.47999572753906,141.8800048828125,141.8800048828125,3520200
2016-04-01,141.2100067138672,144.0500030517578,141.11000061035156,143.7899932861328,143.7899932861328,3985700
2016-04-04,143.99000549316406,143.99000549316406,142.77000427246094,143.22000122070312,143.22000122070312,3163900
2016-04-05,142.4199981689453,142.47999572753906,140.92999267578125,141.1999969482422,141.1999969482422,3166500
2016-04-06,141.30999755859375,141.82000732421875,140.4199981689453,141.6999969482422,141.6999969482422,2820200
2016-04-07,140.92999267578125,141.1999969482422,140.27000427246094,140.80999755859375,140.80999755859375,2920500
2016-04-08,141.52999877929688,141.99000549316406,140.67999267578125,141.05999755859375,141.05999755859375,2118400
2016-04-11,141.7899932861328,142.08999633789062,140.9600067138672,140.99000549316406,140.99000549316406,2381100
2016-04-12,141.25,142.49000549316406,140.97999572753906,142.39999389648438,142.39999389648438,2649300
2016-04-13,142.9499969482422,144.13999938964844,142.88999938964844,144.0399932861328,144.0399932861328,3562800
2016-04-14,144.10000610351562,144.35000610351562,143.47000122070312,143.72000122070312,143.72000122070312,2487300
2016-04-15,144.13999938964844,144.16000366210938,142.94000244140625,143.4499969482422,143.4499969482422,3124100
2016-04-18,143.0,144.47999572753906,142.9499969482422,144.3800048828125,144.3800048828125,2766000
2016-04-19,144.77999877929688,146.3800048828125,144.50999450683594,145.9499969482422,145.9499969482422,3657500
2016-04-20,145.97999572753906,146.44000244140625,145.3800048828125,146.08999633789062,146.08999633789062,2289000
2016-04-21,146.08999633789062,146.4199981689453,144.6699981689453,144.86000061035156,144.86000061035156,2879800
2016-04-22,145.32000732421875,146.38999938964844,144.97000122070312,146.11000061035156,146.11000061035156,2692400
2016-04-25,145.64999389648438,146.3699951171875,145.5,146.17999267578125,146.17999267578125,2198700
2016-04-26,146.58999633789062,147.16000366210938,146.3000030517578,147.02000427246094,147.02000427246094,2942600
2016-04-27,146.89999389648438,148.02999877929688,146.5,147.60000610351562,147.60000610351562,2991400
2016-04-28,146.63999938964844,147.4600067138672,145.75999450683594,146.07000732421875,146.07000732421875,2498100
2016-04-29,145.39999389648438,146.22000122070312,144.52000427246094,145.47999572753906,145.47999572753906,3895600
2016-05-02,145.77000427246094,147.13999938964844,145.69000244140625,146.88999938964844,146.88999938964844,2774600
2016-05-03,145.91000366210938,146.08999633789062,144.0800018310547,144.8300018310547,144.8300018310547,3551500
2016-05-04,144.16000366210938,144.39999389648438,143.3300018310547,144.24000549316406,144.24000549316406,2483200
2016-05-05,144.22000122070312,144.82000732421875,143.47999572753906,143.8800048828125,143.8800048828125,2438200
2016-05-06,143.82000732421875,144.83999633789062,143.3300018310547,144.6199951171875,144.6199951171875,2288100
2016-05-09,144.5399932861328,144.5399932861328,141.9199981689453,142.91000366210938,142.91000366210938,3644600
2016-05-10,143.30999755859375,144.89999389648438,143.25,144.77999877929688,144.77999877929688,3131000
2016-05-11,144.8800048828125,144.97999572753906,142.75,142.8699951171875,142.8699951171875,2939900
2016-05-12,143.4600067138672,143.72000122070312,142.30999755859375,143.30999755859375,143.30999755859375,2431200
2016-05-13,143.2100067138672,143.6999969482422,141.1300048828125,141.39999389648438,141.39999389648438,3232100
2016-05-16,141.39999389648438,142.14999389648438,141.2100067138672,141.85000610351562,141.85000610351562,2873300
2016-05-17,141.97000122070312,141.99000549316406,139.89999389648438,140.33999633789062,140.33999633789062,3963900
2016-05-18,140.17999267578125,141.85000610351562,139.9499969482422,141.47000122070312,141.47000122070312,2917800
2016-05-19,141.07000732421875,141.64999389648438,139.67999267578125,140.7899932861328,140.7899932861328,2803700
2016-05-20,141.47999572753906,142.49000549316406,141.16000366210938,141.8300018310547,141.8300018310547,3171000
2016-05-23,141.85000610351562,142.0,141.0500030517578,141.47999572753906,141.47999572753906,2049000
2016-05-24,141.9499969482422,144.0500030517578,141.72999572753906,143.7100067138672,143.7100067138672,3268800
2016-05-25,143.72000122070312,144.94000244140625,143.72000122070312,144.0800018310547,144.0800018310547,2933900
2016-05-26,144.0,144.19000244140625,142.8800048828125,143.0500030517578,143.0500030517578,2742000
2016-05-27,143.49000549316406,143.6199951171875,142.77000427246094,143.35000610351562,143.35000610351562,2289900
2016-05-31,143.88999938964844,144.13999938964844,140.5399932861328,140.5399932861328,140.5399932861328,6564700
2016-06-01,140.97000122070312,142.08999633789062,140.3699951171875,141.99000549316406,141.99000549316406,3278000
2016-06-02,141.64999389648438,142.11000061035156,140.9600067138672,142.11000061035156,142.11000061035156,2757300
2016-06-03,141.16000366210938,141.52000427246094,140.11000061035156,141.13999938964844,141.13999938964844,3153300
2016-06-06,141.6199951171875,142.5,141.38999938964844,141.82000732421875,141.82000732421875,2686300
2016-06-07,142.16000366210938,142.49000549316406,141.38999938964844,141.41000366210938,141.41000366210938,2729800
2016-06-08,141.57000732421875,142.69000244140625,141.52999877929688,142.52999877929688,142.52999877929688,2390600
2016-06-09,142.0500030517578,142.50999450683594,141.16000366210938,142.22999572753906,142.22999572753906,2187000
2016-06-10,141.30999755859375,142.36000061035156,141.24000549316406,141.75999450683594,141.75999450683594,2579800
2016-06-13,141.22999572753906,142.64999389648438,140.94000244140625,140.94000244140625,140.94000244140625,2973600
2016-06-14,140.7899932861328,141.5500030517578,140.50999450683594,141.3000030517578,141.3000030517578,3476000
2016-06-15,141.74000549316406,142.1699981689453,140.32000732421875,140.4499969482422,140.4499969482422,3219700
2016-06-16,140.08999633789062,142.0500030517578,138.9600067138672,141.99000549316406,141.99000549316406,3639800
2016-06-17,141.97999572753906,142.0,140.4499969482422,140.72999572753906,140.72999572753906,5394100
2016-06-20,141.9600067138672,142.94000244140625,141.6300048828125,141.6699981689453,141.6699981689453,4038700
2016-06-21,142.05999755859375,143.6300048828125,141.85000610351562,143.52999877929688,143.52999877929688,3677400
2016-06-22,143.6300048828125,144.66000366210938,143.57000732421875,143.94000244140625,143.94000244140625,3659700
2016-06-23,144.97000122070312,146.0,144.60000610351562,145.97999572753906,145.97999572753906,4493600
2016-06-24,140.74000549316406,142.0,139.47000122070312,139.7100067138672,139.7100067138672,12476300
2016-06-27,138.7899932861328,139.0,136.64999389648438,138.5,138.5,6328200
2016-06-28,139.7899932861328,140.36000061035156,138.2899932861328,140.27999877929688,140.27999877929688,5312300
2016-06-29,141.3000030517578,142.1199951171875,139.91000366210938,142.1199951171875,142.1199951171875,4257100
2016-06-30,142.2100067138672,144.82000732421875,142.10000610351562,144.7899932861328,144.7899932861328,5196400
2016-07-01,144.58999633789062,144.8300018310547,143.75,143.9600067138672,143.9600067138672,2874400
2016-07-05,143.19000244140625,143.55999755859375,141.75999450683594,142.22999572753906,142.22999572753906,3426300
2016-07-06,141.89999389648438,142.63999938964844,140.9499969482422,142.50999450683594,142.50999450683594,2804700
2016-07-07,142.3800048828125,143.0399932861328,141.19000244140625,141.91000366210938,141.91000366210938,2863600
2016-07-08,143.35000610351562,143.74000549316406,142.72000122070312,143.64999389648438,143.64999389648438,3718100
2016-07-11,143.75,144.22999572753906,143.42999267578125,143.92999267578125,143.92999267578125,3194200
2016-07-12,144.52999877929688,145.02999877929688,143.97999572753906,144.6699981689453,144.6699981689453,3158100
2016-07-13,144.8800048828125,145.99000549316406,144.41000366210938,145.92999267578125,145.92999267578125,3274500
2016-07-14,146.25,146.66000366210938,145.4600067138672,145.72999572753906,145.72999572753906,3322200
2016-07-15,146.25,146.44000244140625,145.1199951171875,145.97000122070312,145.97000122070312,3860800
2016-07-18,146.0,146.7100067138672,146.0,146.57000732421875,146.57000732421875,3128000
2016-07-19,146.05999755859375,146.99000549316406,145.85000610351562,146.9199981689453,146.9199981689453,3543300
2016-07-20,146.80999755859375,146.94000244140625,145.6999969482422,146.1699981689453,146.1699981689453,2855300
2016-07-21,146.00999450683594,146.22000122070312,144.19000244140625,144.35000610351562,144.35000610351562,3212200
2016-07-22,144.72000122070312,144.85000610351562,143.88999938964844,144.60000610351562,144.60000610351562,3142000
2016-07-25,144.8699951171875,145.0,143.60000610351562,144.13999938964844,144.13999938964844,2483900
2016-07-26,144.33999633789062,144.85000610351562,143.8300018310547,144.33999633789062,144.33999633789062,2466400
2016-07-27,144.27000427246094,144.75,143.6999969482422,144.19000244140625,144.19000244140625,2611700
2016-07-28,143.9199981689453,144.69000244140625,143.47999572753906,144.4199981689453,144.4199981689453,1944600
2016-07-29,144.08999633789062,144.60000610351562,143.77999877929688,144.27000427246094,144.27000427246094,2589300
2016-08-01,144.6199951171875,144.77000427246094,143.5800018310547,143.92999267578125,143.92999267578125,2051300
2016-08-02,143.9499969482422,143.99000549316406,142.9600067138672,143.30999755859375,143.30999755859375,2457000
2016-08-03,143.35000610351562,143.8800048828125,142.97999572753906,143.6300048828125,143.6300048828125,2217100
2016-08-04,143.8000030517578,143.91000366210938,142.9199981689453,143.1199951171875,143.1199951171875,1848600
2016-08-05,144.0,145.64999389648438,143.9199981689453,145.64999389648438,145.64999389648438,3926000
2016-08-08,145.2899932861328,145.64999389648438,144.22999572753906,145.55999755859375,145.55999755859375,3516300
2016-08-09,145.9600067138672,147.4499969482422,145.4499969482422,147.22000122070312,147.22000122070312,3680500
2016-08-10,147.0,147.27000427246094,146.1300048828125,146.69000244140625,146.69000244140625,2465200
2016-08-11,146.4600067138672,147.97999572753906,146.44000244140625,147.74000549316406,147.74000549316406,3272200
2016-08-12,147.1199951171875,147.75,146.69000244140625,147.72000122070312,147.72000122070312,2586700
2016-08-15,147.72000122070312,147.9199981689453,147.1199951171875,147.77999877929688,147.77999877929688,2195800
2016-08-16,147.6199951171875,147.9499969482422,147.22000122070312,147.24000549316406,147.24000549316406,2121300
2016-08-17,147.4199981689453,149.3300018310547,147.0,149.0800018310547,149.0800018310547,3044200
2016-08-18,149.19000244140625,149.36000061035156,148.52999877929688,148.80999755859375,148.80999755859375,2185400
2016-08-19,148.39999389648438,148.83999633789062,147.7899932861328,148.75,148.75,2641200
2016-08-22,148.50999450683594,148.8000030517578,147.85000610351562,148.4499969482422,148.4499969482422,1765000
2016-08-23,148.5800018310547,149.24000549316406,148.5800018310547,148.77000427246094,148.77000427246094,2019100
2016-08-24,148.5,148.83999633789062,148.1300048828125,148.41000366210938,148.41000366210938,2269400
2016-08-25,148.24000549316406,148.7100067138672,148.11000061035156,148.63999938964844,148.63999938964844,2449700
2016-08-26,148.64999389648438,149.22999572753906,147.22000122070312,147.91000366210938,147.91000366210938,2872800
2016-08-29,148.22999572753906,149.67999267578125,148.0,149.3000030517578,149.3000030517578,2726600
2016-08-30,149.25,150.24000549316406,149.22999572753906,150.22999572753906,150.22999572753906,2832200
2016-08-31,150.0,150.89999389648438,148.66000366210938,150.49000549316406,150.49000549316406,5338700
2016-09-01,150.6999969482422,151.0,148.82000732421875,150.35000610351562,150.35000610351562,3020800
2016-09-02,150.69000244140625,151.0500030517578,149.97000122070312,150.72000122070312,150.72000122070312,2258200
2016-09-06,150.5399932861328,150.97999572753906,149.30999755859375,150.42999267578125,150.42999267578125,4460800
2016-09-07,150.0,150.49000549316406,149.33999633789062,149.5800018310547,149.5800018310547,2437100
2016-09-08,149.60000610351562,150.10000610351562,149.3000030517578,149.77999877929688,149.77999877929688,2963400
2016-09-09,149.10000610351562,149.58999633789062,146.55999755859375,146.6199951171875,146.6199951171875,4342700
2016-09-12,146.3699951171875,149.38999938964844,145.94000244140625,148.97000122070312,148.97000122070312,4323800
2016-09-13,147.9499969482422,148.1300048828125,145.5500030517578,146.22999572753906,146.22999572753906,5505900
2016-09-14,146.02000427246094,146.91000366210938,145.3300018310547,145.77999877929688,145.77999877929688,3097300
2016-09-15,146.0,147.0800018310547,145.47000122070312,146.66000366210938,146.66000366210938,3255500
2016-09-16,146.11000061035156,146.22999572753906,144.67999267578125,145.00999450683594,145.00999450683594,11133700
2016-09-19,145.33999633789062,146.19000244140625,144.92999267578125,145.24000549316406,145.24000549316406,3031800
2016-09-20,145.97999572753906,145.97999572753906,144.75999450683594,144.9199981689453,144.9199981689453,2367000
2016-09-21,145.64999389648438,146.49000549316406,144.97999572753906,146.4600067138672,146.4600067138672,3768900
2016-09-22,146.75,147.08999633789062,146.1300048828125,146.52999877929688,146.52999877929688,2770900
2016-09-23,146.3000030517578,146.49000549316406,145.0,145.0,145.0,3697800
2016-09-26,144.52000427246094,144.9600067138672,144.0,144.17999267578125,144.17999267578125,2863700
2016-09-27,144.27999877929688,145.3800048828125,144.00999450683594,145.33999633789062,145.33999633789062,2934600
2016-09-28,145.27999877929688,145.4199981689453,144.02999877929688,145.27999877929688,145.27999877929688,3246500
2016-09-29,145.17999267578125,145.52000427246094,143.36000061035156,143.58999633789062,143.58999633789062,3313800
2016-09-30,144.27000427246094,145.3800048828125,144.27000427246094,144.47000122070312,144.47000122070312,4416500
2016-10-03,144.27000427246094,144.30999755859375,143.2100067138672,143.75999450683594,143.75999450683594,3493800
2016-10-04,143.74000549316406,144.1999969482422,142.8000030517578,143.1699981689453,143.1699981689453,3058900
2016-10-05,143.64999389648438,144.2899932861328,143.2100067138672,144.14999389648438,144.14999389648438,2998800
2016-10-06,144.0,144.10000610351562,143.3000030517578,143.8699951171875,143.8699951171875,2279500
2016-10-07,143.92999267578125,144.94000244140625,143.77999877929688,144.52000427246094,144.52000427246094,3093800
2016-10-10,145.0500030517578,145.67999267578125,144.97999572753906,145.1999969482422,145.1999969482422,1884100
2016-10-11,145.1300048828125,145.13999938964844,143.52999877929688,143.9499969482422,143.9499969482422,2723000
2016-10-12,143.86000061035156,145.2899932861328,143.86000061035156,144.91000366210938,144.91000366210938,2558100
2016-10-13,143.7899932861328,144.0500030517578,141.9199981689453,143.22000122070312,143.22000122070312,4657600
2016-10-14,143.91000366210938,144.88999938964844,143.5800018310547,144.17999267578125,144.17999267578125,2932800
2016-10-17,144.5,144.75999450683594,143.3699951171875,143.8000030517578,143.8000030517578,2552800
2016-10-18,144.64999389648438,145.08999633789062,144.1300048828125,144.3000030517578,144.3000030517578,2378500
2016-10-19,144.8699951171875,145.7100067138672,144.47999572753906,144.86000061035156,144.86000061035156,2309300
2016-10-20,144.6199951171875,145.42999267578125,144.19000244140625,144.49000549316406,144.49000549316406,2505000
2016-10-21,143.5399932861328,143.9499969482422,142.8000030517578,143.60000610351562,143.60000610351562,3075400
2016-10-24,144.08999633789062,144.88999938964844,143.67999267578125,143.8300018310547,143.8300018310547,2223800
2016-10-25,143.6999969482422,144.16000366210938,143.2100067138672,143.4199981689453,143.4199981689453,2349500
2016-10-26,143.3800048828125,144.4600067138672,143.1199951171875,143.94000244140625,143.94000244140625,2769700
2016-10-27,144.19000244140625,144.77999877929688,143.8699951171875,144.4499969482422,144.4499969482422,2914800
2016-10-28,144.83999633789062,145.2899932861328,142.89999389648438,144.0,144.0,2789900
2016-10-31,144.3000030517578,144.69000244140625,144.0,144.3000030517578,144.3000030517578,3229500
2016-11-01,144.67999267578125,144.86000061035156,143.11000061035156,143.6300048828125,143.6300048828125,3339400
2016-11-02,143.17999267578125,143.86000061035156,142.91000366210938,143.19000244140625,143.19000244140625,3178500
2016-11-03,143.25,144.4499969482422,143.1999969482422,143.63999938964844,143.63999938964844,2691800
2016-11-04,143.4499969482422,143.8000030517578,142.35000610351562,142.9499969482422,142.9499969482422,3493300
2016-11-07,144.7100067138672,147.1699981689453,144.3000030517578,146.91000366210938,146.91000366210938,5236000
2016-11-08,146.88999938964844,148.13999938964844,146.39999389648438,147.7899932861328,147.7899932861328,3636000
2016-11-09,146.10000610351562,151.63999938964844,145.10000610351562,151.27999877929688,151.27999877929688,8687800
2016-11-10,152.0,156.61000061035156,151.67999267578125,156.05999755859375,156.05999755859375,8142500
2016-11-11,155.3000030517578,157.27999877929688,155.14999389648438,156.9199981689453,156.9199981689453,4514400
2016-11-14,157.47999572753906,158.16000366210938,156.52999877929688,157.92999267578125,157.92999267578125,5520400
2016-11-15,157.61000061035156,157.82000732421875,156.08999633789062,157.4600067138672,157.4600067138672,4780100
2016-11-16,157.02000427246094,157.58999633789062,156.02000427246094,157.0800018310547,157.0800018310547,4468900
2016-11-17,156.80999755859375,158.63999938964844,156.3000030517578,158.38999938964844,158.38999938964844,4169100
2016-11-18,158.35000610351562,158.47999572753906,157.1699981689453,157.75,157.75,3383300
2016-11-21,158.10000610351562,158.7100067138672,157.4199981689453,158.7100067138672,158.7100067138672,2847400
2016-11-22,159.00999450683594,159.08999633789062,157.8300018310547,158.66000366210938,158.66000366210938,3143300
2016-11-23,158.66000366210938,159.0,157.27999877929688,158.11000061035156,158.11000061035156,3050700
2016-11-25,158.6300048828125,158.6300048828125,157.60000610351562,158.17999267578125,158.17999267578125,1777200
2016-11-28,157.89999389648438,158.49000549316406,156.88999938964844,156.97000122070312,156.97000122070312,4204300
2016-11-29,157.50999450683594,157.97999572753906,156.82000732421875,157.67999267578125,157.67999267578125,2973300
2016-11-30,158.4199981689453,158.88999938964844,157.4199981689453,157.44000244140625,157.44000244140625,5145600
2016-12-01,157.5800018310547,160.24000549316406,157.50999450683594,160.1199951171875,160.1199951171875,4578600
2016-12-02,160.0500030517578,160.1199951171875,158.6999969482422,159.38999938964844,159.38999938964844,3854400
2016-12-05,160.25,160.67999267578125,159.27000427246094,160.2100067138672,160.2100067138672,4870400
2016-12-06,160.57000732421875,161.5500030517578,159.92999267578125,161.33999633789062,161.33999633789062,3543600
2016-12-07,161.94000244140625,164.69000244140625,161.39999389648438,164.69000244140625,164.69000244140625,6043200
2016-12-08,164.97999572753906,165.9499969482422,163.52000427246094,164.11000061035156,164.11000061035156,4902500
2016-12-09,164.27999877929688,165.16000366210938,163.07000732421875,164.86000061035156,164.86000061035156,3887900
2016-12-12,164.64999389648438,166.63999938964844,164.35000610351562,166.1199951171875,166.1199951171875,6759700
2016-12-13,166.49000549316406,166.99000549316406,165.39999389648438,166.6199951171875,166.6199951171875,4359100
2016-12-14,166.58999633789062,167.25,164.5399932861328,165.05999755859375,165.05999755859375,4537400
2016-12-15,165.5,167.02000427246094,164.8000030517578,165.72999572753906,165.72999572753906,3985500
2016-12-16,166.13999938964844,166.14999389648438,164.3300018310547,164.75999450683594,164.75999450683594,7046200
2016-12-19,165.19000244140625,165.64999389648438,164.47999572753906,165.35000610351562,165.35000610351562,2972500
2016-12-20,166.14999389648438,166.4199981689453,165.39999389648438,166.36000061035156,166.36000061035156,3103100
2016-12-21,166.39999389648438,166.6699981689453,165.5500030517578,165.9499969482422,165.9499969482422,2480500
2016-12-22,165.77000427246094,166.1199951171875,164.88999938964844,166.02999877929688,166.02999877929688,2511600
2016-12-23,166.25999450683594,166.44000244140625,164.77000427246094,165.32000732421875,165.32000732421875,2043100
2016-12-27,165.50999450683594,165.82000732421875,164.77999877929688,164.9499969482422,164.9499969482422,2133800
2016-12-28,165.4499969482422,165.63999938964844,163.55999755859375,163.75,163.75,2626800
2016-12-29,163.92999267578125,164.47000122070312,163.00999450683594,163.0500030517578,163.0500030517578,2545300
2016-12-30,163.16000366210938,164.02999877929688,162.6199951171875,162.97999572753906,162.97999572753906,4041400
2017-01-03,164.33999633789062,164.7100067138672,162.44000244140625,163.8300018310547,163.8300018310547,4091000
2017-01-04,164.4499969482422,164.57000732421875,163.0,164.0800018310547,164.0800018310547,3568900
2017-01-05,164.05999755859375,164.13999938964844,162.17999267578125,163.3000030517578,163.3000030517578,2982500
2017-01-06,163.44000244140625,163.8000030517578,162.63999938964844,163.41000366210938,163.41000366210938,2697000
2017-01-09,163.0399932861328,163.25,162.02000427246094,162.02000427246094,162.02000427246094,3564700
2017-01-10,162.0,162.74000549316406,161.41000366210938,161.47000122070312,161.47000122070312,2671300
2017-01-11,161.47000122070312,162.4499969482422,161.02999877929688,162.22999572753906,162.22999572753906,3305900
2017-01-12,162.0,162.14999389648438,160.3300018310547,161.41000366210938,161.41000366210938,3229400
2017-01-13,161.80999755859375,163.1300048828125,161.50999450683594,161.89999389648438,161.89999389648438,3081600
2017-01-17,161.9600067138672,162.0,159.3000030517578,159.63999938964844,159.63999938964844,4712800
2017-01-18,160.0399932861328,160.86000061035156,159.42999267578125,160.49000549316406,160.49000549316406,3074700
2017-01-19,160.82000732421875,161.1199951171875,159.11000061035156,159.41000366210938,159.41000366210938,3172800
2017-01-20,160.2100067138672,160.77999877929688,159.5800018310547,160.2100067138672,160.2100067138672,4176100
2017-01-23,160.19000244140625,160.27999877929688,158.61000061035156,158.80999755859375,158.80999755859375,3434300
2017-01-24,159.25999450683594,161.08999633789062,158.77000427246094,160.72000122070312,160.72000122070312,4012500
2017-01-25,162.0,164.6300048828125,161.38999938964844,164.25,164.25,4500000
2017-01-26,164.8800048828125,165.02999877929688,164.0800018310547,164.9199981689453,164.9199981689453,3132400
2017-01-27,164.92999267578125,165.3000030517578,163.4600067138672,164.39999389648438,164.39999389648438,2520300
2017-01-30,164.1999969482422,164.91000366210938,163.22000122070312,164.8000030517578,164.8000030517578,3194400
2017-01-31,164.63999938964844,165.05999755859375,163.0800018310547,164.13999938964844,164.13999938964844,3099600
2017-02-01,164.75,165.1999969482422,163.3000030517578,163.61000061035156,163.61000061035156,2906900
2017-02-02,163.30999755859375,163.30999755859375,162.27000427246094,163.0,163.0,3041200
2017-02-03,164.0,164.19000244140625,162.52000427246094,163.94000244140625,163.94000244140625,3352700
2017-02-06,163.8800048828125,163.92999267578125,163.0399932861328,163.4199981689453,163.4199981689453,2798300
2017-02-07,163.6199951171875,163.85000610351562,162.5800018310547,162.92999267578125,162.92999267578125,2446800
2017-02-08,162.89999389648438,163.1300048828125,162.14999389648438,162.8699951171875,162.8699951171875,2247100
2017-02-09,162.8699951171875,164.4199981689453,162.82000732421875,164.0399932861328,164.0399932861328,2878300
2017-02-10,164.58999633789062,164.67999267578125,163.60000610351562,164.00999450683594,164.00999450683594,3066200
2017-02-13,164.7100067138672,166.24000549316406,164.44000244140625,165.85000610351562,165.85000610351562,2958400
2017-02-14,165.85000610351562,167.0,165.1699981689453,166.9499969482422,166.9499969482422,3057900
2017-02-15,167.2100067138672,167.33999633789062,166.1199951171875,167.27999877929688,167.27999877929688,4349600
2017-02-16,167.27999877929688,167.8000030517578,166.10000610351562,167.74000549316406,167.74000549316406,3152200
2017-02-17,167.55999755859375,168.6999969482422,166.7100067138672,168.57000732421875,168.57000732421875,3716900
2017-02-21,168.9199981689453,169.64999389648438,168.47000122070312,168.9199981689453,168.9199981689453,4416900
2017-02-22,168.9199981689453,169.6999969482422,168.3300018310547,169.61000061035156,169.61000061035156,3299400
2017-02-23,169.9600067138672,170.16000366210938,169.11000061035156,170.14999389648438,170.14999389648438,3377100
2017-02-24,169.39999389648438,170.27999877929688,169.22000122070312,170.22000122070312,170.22000122070312,4023400
2017-02-27,170.89999389648438,171.1999969482422,170.32000732421875,170.6300048828125,170.6300048828125,3738600
2017-02-28,170.89999389648438,172.1999969482422,170.50999450683594,171.4199981689453,171.4199981689453,6464500
2017-03-01,173.6999969482422,177.41000366210938,173.6999969482422,177.27999877929688,177.27999877929688,7137600
2017-03-02,177.86000061035156,177.86000061035156,175.47999572753906,175.88999938964844,175.88999938964844,4154800
2017-03-03,175.97000122070312,176.4600067138672,175.0399932861328,175.67999267578125,175.67999267578125,3552000
2017-03-06,175.44000244140625,175.8800048828125,174.50999450683594,175.39999389648438,175.39999389648438,3379100
2017-03-07,175.5800018310547,175.75999450683594,174.89999389648438,175.3000030517578,175.3000030517578,2645400
2017-03-08,175.88999938964844,176.0,174.8000030517578,174.97000122070312,174.97000122070312,3334400
2017-03-09,175.6999969482422,175.85000610351562,174.82000732421875,175.3699951171875,175.3699951171875,2955800
2017-03-10,176.0,176.13999938964844,174.4499969482422,174.97999572753906,174.97999572753906,3789700
2017-03-13,175.2899932861328,175.60000610351562,174.69000244140625,175.38999938964844,175.38999938964844,3333500
2017-03-14,175.22000122070312,175.42999267578125,174.22999572753906,174.72999572753906,174.72999572753906,2972300
2017-03-15,174.97999572753906,175.0800018310547,173.77000427246094,174.6699981689453,174.6699981689453,3928500
2017-03-16,175.14999389648438,175.42999267578125,173.6999969482422,174.0800018310547,174.0800018310547,3119600
2017-03-17,173.88999938964844,173.88999938964844,172.32000732421875,172.82000732421875,172.82000732421875,6710700
2017-03-20,172.3000030517578,172.8699951171875,171.60000610351562,172.07000732421875,172.07000732421875,3340700
2017-03-21,172.16000366210938,172.44000244140625,169.02999877929688,169.47000122070312,169.47000122070312,4973900
2017-03-22,169.27000427246094,170.0399932861328,168.02000427246094,169.3000030517578,169.3000030517578,3257000
2017-03-23,169.66000366210938,171.36000061035156,169.2100067138672,169.88999938964844,169.88999938964844,3142900
2017-03-24,170.4499969482422,170.4499969482422,168.02000427246094,168.66000366210938,168.66000366210938,4131900
2017-03-27,166.88999938964844,167.50999450683594,165.8000030517578,167.44000244140625,167.44000244140625,4884700
2017-03-28,167.27999877929688,168.61000061035156,166.36000061035156,168.30999755859375,168.30999755859375,4598000
2017-03-29,168.0,168.3000030517578,166.44000244140625,166.58999633789062,166.58999633789062,4776400
2017-03-30,166.3000030517578,167.69000244140625,166.0,167.36000061035156,167.36000061035156,3393700
2017-03-31,167.41000366210938,167.60000610351562,166.33999633789062,166.67999267578125,166.67999267578125,3564700
2017-04-03,166.72000122070312,167.0,165.32000732421875,166.8699951171875,166.8699951171875,3986900
2017-04-04,166.61000061035156,167.0,166.13999938964844,166.86000061035156,166.86000061035156,2853000
2017-04-05,167.4499969482422,168.22999572753906,165.6699981689453,165.8300018310547,165.8300018310547,5231100
2017-04-06,165.63999938964844,167.0,165.02000427246094,166.47000122070312,166.47000122070312,3892300
2017-04-07,165.6199951171875,166.88999938964844,165.47999572753906,166.1699981689453,166.1699981689453,2593400
2017-04-10,166.1999969482422,167.0,165.97999572753906,166.35000610351562,166.35000610351562,3015900
2017-04-11,165.8000030517578,166.22000122070312,164.85000610351562,165.6999969482422,165.6999969482422,3488200
2017-04-12,165.07000732421875,165.47999572753906,164.66000366210938,165.11000061035156,165.11000061035156,3419700
2017-04-13,164.97999572753906,165.27999877929688,162.8699951171875,162.89999389648438,162.89999389648438,3655100
2017-04-17,163.61000061035156,164.6300048828125,162.6699981689453,164.35000610351562,164.35000610351562,3414100
2017-04-18,163.8699951171875,164.22999572753906,163.08999633789062,163.69000244140625,163.69000244140625,2985800
2017-04-19,164.10000610351562,164.49000549316406,162.27999877929688,162.75999450683594,162.75999450683594,3932900
2017-04-20,163.2899932861328,165.24000549316406,163.0399932861328,164.97999572753906,164.97999572753906,3729200
2017-04-21,164.39999389648438,164.9499969482422,163.33999633789062,163.41000366210938,163.41000366210938,5122400
2017-04-24,165.6999969482422,165.99000549316406,164.39999389648438,165.77999877929688,165.77999877929688,4135500
2017-04-25,166.9199981689453,167.9600067138672,166.60000610351562,167.52999877929688,167.52999877929688,4268500
2017-04-26,167.5,168.9499969482422,167.25,167.6300048828125,167.6300048828125,4084300
2017-04-27,167.64999389648438,167.80999755859375,165.5,166.5500030517578,166.5500030517578,4290200
2017-04-28,166.27999877929688,166.5500030517578,164.67999267578125,165.2100067138672,165.2100067138672,3045000
2017-05-01,165.8000030517578,166.32000732421875,165.35000610351562,165.44000244140625,165.44000244140625,3135400
2017-05-02,165.89999389648438,166.3300018310547,165.16000366210938,166.0500030517578,166.0500030517578,2781200
2017-05-03,165.6999969482422,167.0800018310547,165.5,166.72999572753906,166.72999572753906,2982200
2017-05-04,167.63999938964844,168.0399932861328,166.22000122070312,166.33999633789062,166.33999633789062,3643500
2017-05-05,167.1199951171875,167.13999938964844,165.8800048828125,166.5500030517578,166.5500030517578,3578500
2017-05-08,166.5,166.60000610351562,164.10000610351562,165.02000427246094,165.02000427246094,5163900
2017-05-09,165.1699981689453,165.24000549316406,163.0,163.4600067138672,163.4600067138672,3840700
2017-05-10,163.36000061035156,163.8800048828125,163.02999877929688,163.72000122070312,163.72000122070312,3237400
2017-05-11,163.5800018310547,163.77000427246094,162.38999938964844,163.27000427246094,163.27000427246094,3285900
2017-05-12,163.05999755859375,163.49000549316406,162.47000122070312,163.32000732421875,163.32000732421875,3592300
2017-05-15,163.80999755859375,164.0800018310547,163.25999450683594,163.8000030517578,163.8000030517578,2959000
2017-05-16,164.10000610351562,164.2899932861328,163.25,163.61000061035156,163.61000061035156,2434900
2017-05-17,163.61000061035156,163.61000061035156,161.17999267578125,161.25999450683594,161.25999450683594,4797400
2017-05-18,161.5,162.6199951171875,160.92999267578125,161.6199951171875,161.6199951171875,3645600
2017-05-19,161.86000061035156,164.0800018310547,161.5800018310547,163.24000549316406,163.24000549316406,4164900
2017-05-22,164.8000030517578,165.47999572753906,163.94000244140625,165.1300048828125,165.1300048828125,4350800
2017-05-23,165.39999389648438,165.77000427246094,164.8699951171875,165.47999572753906,165.47999572753906,3352200
2017-05-24,165.89999389648438,165.89999389648438,164.5500030517578,164.92999267578125,164.92999267578125,2597300
2017-05-25,165.22999572753906,165.5,164.7100067138672,165.3000030517578,165.3000030517578,2605300
2017-05-26,165.25,165.8800048828125,165.02000427246094,165.69000244140625,165.69000244140625,2156300
2017-05-30,165.7899932861328,165.8699951171875,164.47000122070312,165.11000061035156,165.11000061035156,3048300
2017-05-31,165.27000427246094,165.4499969482422,164.10000610351562,165.27999877929688,165.27999877929688,5674900
2017-06-01,165.8000030517578,166.69000244140625,164.75,166.66000366210938,166.66000366210938,3330900
2017-06-02,166.1300048828125,166.9199981689453,165.85000610351562,166.2899932861328,166.2899932861328,3919900
2017-06-05,166.42999267578125,167.07000732421875,166.3300018310547,166.52000427246094,166.52000427246094,2303200
2017-06-06,166.1199951171875,166.72000122070312,165.8800048828125,166.1300048828125,166.1300048828125,2752300
2017-06-07,166.13999938964844,166.75,165.8699951171875,166.5,166.5,2987300
2017-06-08,166.5,167.94000244140625,166.22999572753906,166.94000244140625,166.94000244140625,4387400
2017-06-09,167.6699981689453,170.13999938964844,167.4199981689453,170.0,170.0,3781300
2017-06-12,169.42999267578125,170.64999389648438,169.41000366210938,170.5,170.5,4662700
2017-06-13,171.5,171.82000732421875,170.89999389648438,171.47000122070312,171.47000122070312,3145400
2017-06-14,170.9199981689453,171.5,169.5500030517578,171.4499969482422,171.4499969482422,3344500
2017-06-15,170.60000610351562,170.9199981689453,169.57000732421875,170.5500030517578,170.5500030517578,3275200
2017-06-16,170.60000610351562,171.0399932861328,169.75,170.47999572753906,170.47999572753906,6505900
2017-06-19,171.38999938964844,171.9499969482422,170.77999877929688,171.5500030517578,171.5500030517578,2869000
2017-06-20,171.67999267578125,171.67999267578125,170.4499969482422,170.5500030517578,170.5500030517578,2470100
2017-06-21,170.61000061035156,170.77999877929688,169.33999633789062,169.6199951171875,169.6199951171875,2365100
2017-06-22,169.3300018310547,169.6699981689453,168.30999755859375,168.32000732421875,168.32000732421875,2673900
2017-06-23,169.27000427246094,169.27000427246094,166.63999938964844,167.22000122070312,167.22000122070312,4046800
2017-06-26,167.8000030517578,168.27999877929688,166.97000122070312,167.49000549316406,167.49000549316406,2543000
2017-06-27,167.72000122070312,168.05999755859375,166.77999877929688,167.35000610351562,167.35000610351562,2995600
2017-06-28,167.92999267578125,170.14999389648438,167.89999389648438,169.88999938964844,169.88999938964844,3210900
2017-06-29,170.67999267578125,171.3699951171875,168.60000610351562,169.3000030517578,169.3000030517578,3545500
2017-06-30,170.00999450683594,170.14999389648438,169.27000427246094,169.3699951171875,169.3699951171875,3627800
2017-07-03,170.39999389648438,172.6999969482422,169.9499969482422,171.8000030517578,171.8000030517578,2493400
2017-07-05,172.05999755859375,172.50999450683594,171.27999877929688,171.85000610351562,171.85000610351562,2558600
2017-07-06,171.55999755859375,171.97000122070312,170.08999633789062,170.1999969482422,170.1999969482422,3182000
2017-07-07,170.83999633789062,171.32000732421875,169.89999389648438,171.13999938964844,171.13999938964844,2967200
2017-07-10,170.61000061035156,171.30999755859375,169.89999389648438,170.25,170.25,2504500
2017-07-11,169.94000244140625,170.1999969482422,168.0,169.24000549316406,169.24000549316406,3525600
2017-07-12,169.7899932861328,170.08999633789062,169.05999755859375,169.9199981689453,169.9199981689453,3018200
2017-07-13,170.05999755859375,170.07000732421875,169.25,169.69000244140625,169.69000244140625,3170500
2017-07-14,168.89999389648438,169.9199981689453,168.52000427246094,169.47000122070312,169.47000122070312,2941500
2017-07-17,169.44000244140625,170.72999572753906,168.9499969482422,170.16000366210938,170.16000366210938,3044400
2017-07-18,170.0399932861328,170.69000244140625,169.55999755859375,170.30999755859375,170.30999755859375,2599700
2017-07-19,170.30999755859375,171.3300018310547,170.30999755859375,171.1999969482422,171.1999969482422,1923200
2017-07-20,171.3300018310547,171.8699951171875,171.07000732421875,171.3300018310547,171.3300018310547,2137900
2017-07-21,171.57000732421875,171.69000244140625,170.66000366210938,171.33999633789062,171.33999633789062,2419800
2017-07-24,171.5,171.8800048828125,171.07000732421875,171.3699951171875,171.3699951171875,2649600
2017-07-25,172.14999389648438,173.3699951171875,172.14999389648438,172.94000244140625,172.94000244140625,2921100
2017-07-26,173.0,173.7899932861328,172.5,173.02000427246094,173.02000427246094,2849500
2017-07-27,173.1699981689453,173.17999267578125,172.22000122070312,173.0500030517578,173.0500030517578,3522600
2017-07-28,173.05999755859375,174.33999633789062,172.1300048828125,174.0,174.0,2401800
2017-07-31,174.6999969482422,175.60000610351562,174.1999969482422,174.97000122070312,174.97000122070312,3477000
2017-08-01,175.92999267578125,176.3800048828125,174.80999755859375,176.2899932861328,176.2899932861328,2666000
2017-08-02,176.2899932861328,177.9199981689453,175.91000366210938,177.85000610351562,177.85000610351562,3174500
2017-08-03,177.5,179.0,177.44000244140625,178.99000549316406,178.99000549316406,2856200
2017-08-04,179.8000030517578,179.99000549316406,178.69000244140625,179.9199981689453,179.9199981689453,2636600
2017-08-07,177.0399932861328,178.41000366210938,177.0399932861328,178.0399932861328,178.0399932861328,3279200
2017-08-08,177.7100067138672,178.2899932861328,176.1999969482422,176.42999267578125,176.42999267578125,2925000
2017-08-09,175.5,178.16000366210938,175.0500030517578,178.05999755859375,178.05999755859375,2804100
2017-08-10,177.1300048828125,177.60000610351562,176.25999450683594,176.36000061035156,176.36000061035156,3084300
2017-08-11,176.32000732421875,177.1699981689453,175.27000427246094,175.33999633789062,175.33999633789062,2580000
2017-08-14,176.75,177.72999572753906,176.4499969482422,177.2899932861328,177.2899932861328,2710100
2017-08-15,177.74000549316406,178.14999389648438,177.24000549316406,177.47000122070312,177.47000122070312,2670000
2017-08-16,178.1999969482422,178.97000122070312,177.60000610351562,178.5399932861328,178.5399932861328,2299200
2017-08-17,178.25,178.6999969482422,177.16000366210938,177.16000366210938,177.16000366210938,4189500
2017-08-18,176.57000732421875,178.82000732421875,176.27000427246094,177.55999755859375,177.55999755859375,3586100
2017-08-21,177.6199951171875,178.5,177.07000732421875,178.33999633789062,178.33999633789062,2878400
2017-08-22,178.5,180.61000061035156,178.4600067138672,180.4499969482422,180.4499969482422,2928600
2017-08-23,179.25,180.52000427246094,179.0,179.97999572753906,179.97999572753906,2444600
2017-08-24,179.97999572753906,180.0,178.1300048828125,178.42999267578125,178.42999267578125,3250100
2017-08-25,179.0,180.16000366210938,178.86000061035156,179.60000610351562,179.60000610351562,2284600
2017-08-28,179.77000427246094,179.89999389648438,178.02000427246094,178.6999969482422,178.6999969482422,2986500
2017-08-29,177.72000122070312,178.6999969482422,177.1999969482422,178.6199951171875,178.6199951171875,2499300
2017-08-30,178.7100067138672,181.02999877929688,178.50999450683594,180.35000610351562,180.35000610351562,3303500
2017-08-31,180.35000610351562,181.8699951171875,180.25,181.16000366210938,181.16000366210938,4376300
2017-09-01,181.60000610351562,181.97000122070312,180.57000732421875,180.72999572753906,180.72999572753906,2536800
2017-09-05,180.2899932861328,180.2899932861328,176.2899932861328,176.97999572753906,176.97999572753906,4880700
2017-09-06,177.35000610351562,177.8699951171875,176.72999572753906,176.7899932861328,176.7899932861328,4270300
2017-09-07,177.0500030517578,177.47999572753906,172.61000061035156,173.99000549316406,173.99000549316406,4620600
2017-09-08,173.89999389648438,175.82000732421875,173.57000732421875,175.5,175.5,3736400
2017-09-11,177.75,179.24000549316406,177.3300018310547,177.8699951171875,177.8699951171875,4107600
2017-09-12,178.0,178.72000122070312,177.8000030517578,178.6300048828125,178.6300048828125,2348500
2017-09-13,177.75999450683594,179.14999389648438,177.61000061035156,178.9199981689453,178.9199981689453,2679400
2017-09-14,178.8000030517578,179.16000366210938,178.3800048828125,178.57000732421875,178.57000732421875,3304100
2017-09-15,179.24000549316406,180.36000061035156,178.80999755859375,179.88999938964844,179.88999938964844,9234800
2017-09-18,180.5,181.74000549316406,180.27000427246094,181.47000122070312,181.47000122070312,3698600
2017-09-19,181.5,183.00999450683594,181.5,183.00999450683594,183.00999450683594,3159000
2017-09-20,183.3000030517578,183.92999267578125,182.4600067138672,183.82000732421875,183.82000732421875,3742100
2017-09-21,183.32000732421875,183.92999267578125,183.02999877929688,183.16000366210938,183.16000366210938,2369000
2017-09-22,182.6300048828125,182.83999633789062,181.3000030517578,181.86000061035156,181.86000061035156,2688100
2017-09-25,181.99000549316406,182.63999938964844,180.8000030517578,182.52000427246094,182.52000427246094,2424600
2017-09-26,182.5500030517578,182.8699951171875,181.74000549316406,181.86000061035156,181.86000061035156,2382000
2017-09-27,182.8699951171875,184.0,182.50999450683594,183.27000427246094,183.27000427246094,2593900
2017-09-28,183.39999389648438,183.9499969482422,182.44000244140625,183.2100067138672,183.2100067138672,1930800
2017-09-29,183.58999633789062,183.67999267578125,182.4199981689453,183.32000732421875,183.32000732421875,2761600
2017-10-02,183.4499969482422,185.47000122070312,182.92999267578125,185.41000366210938,185.41000366210938,2577500
2017-10-03,185.60000610351562,186.50999450683594,184.60000610351562,185.6699981689453,185.6699981689453,3173900
2017-10-04,186.1999969482422,186.6699981689453,185.50999450683594,185.8300018310547,185.8300018310547,2071300
2017-10-05,186.1699981689453,188.0399932861328,185.8000030517578,187.1199951171875,187.1199951171875,2786100
2017-10-06,187.1999969482422,187.6199951171875,186.0500030517578,187.42999267578125,187.42999267578125,2600600
2017-10-09,187.5,187.9499969482422,186.63999938964844,187.5,187.5,2036700
2017-10-10,187.4600067138672,188.1999969482422,187.16000366210938,188.0,188.0,2212800
2017-10-11,187.39999389648438,187.9499969482422,186.47999572753906,187.4600067138672,187.4600067138672,2750600
2017-10-12,187.6999969482422,187.99000549316406,185.97000122070312,186.3000030517578,186.3000030517578,2640700
2017-10-13,186.77000427246094,188.0,186.3300018310547,187.3699951171875,187.3699951171875,2830200
2017-10-16,188.0,188.6199951171875,187.57000732421875,187.9600067138672,187.9600067138672,2316700
2017-10-17,187.9600067138672,188.0,186.5,187.38999938964844,187.38999938964844,2273100
2017-10-18,187.75,188.1300048828125,186.8000030517578,187.85000610351562,187.85000610351562,2192900
2017-10-19,187.16000366210938,187.5,186.42999267578125,187.2100067138672,187.2100067138672,2831900
2017-10-20,187.75,189.0399932861328,187.5800018310547,189.0399932861328,189.0399932861328,2934900
2017-10-23,189.17999267578125,189.72000122070312,188.63999938964844,189.38999938964844,189.38999938964844,2418200
2017-10-24,189.9199981689453,190.67999267578125,189.52999877929688,189.77999877929688,189.77999877929688,2888600
2017-10-25,189.8300018310547,190.0,187.66000366210938,188.7100067138672,188.7100067138672,3394200
2017-10-26,189.64999389648438,189.9199981689453,187.8300018310547,188.61000061035156,188.61000061035156,2740900
2017-10-27,188.32000732421875,188.6300048828125,187.0500030517578,188.58999633789062,188.58999633789062,2978800
2017-10-30,188.02000427246094,188.52000427246094,187.35000610351562,187.85000610351562,187.85000610351562,2473700
2017-10-31,188.05999755859375,188.11000061035156,186.41000366210938,186.94000244140625,186.94000244140625,3290400
2017-11-01,188.10000610351562,188.1300048828125,186.72999572753906,187.1699981689453,187.1699981689453,2727800
2017-11-02,186.75,188.77999877929688,185.88999938964844,188.61000061035156,188.61000061035156,3340900
2017-11-03,188.1300048828125,188.5500030517578,187.02000427246094,187.27000427246094,187.27000427246094,2159900
2017-11-06,186.10000610351562,187.57000732421875,185.3000030517578,186.67999267578125,186.67999267578125,2602600
2017-11-07,187.22999572753906,188.19000244140625,185.61000061035156,186.3000030517578,186.3000030517578,2500600
2017-11-08,186.30999755859375,186.88999938964844,184.35000610351562,184.60000610351562,184.60000610351562,4118800
2017-11-09,183.33999633789062,184.67999267578125,181.75999450683594,184.49000549316406,184.49000549316406,3633000
2017-11-10,183.83999633789062,184.07000732421875,182.50999450683594,183.67999267578125,183.67999267578125,3043300
2017-11-13,183.16000366210938,184.85000610351562,183.16000366210938,184.39999389648438,184.39999389648438,1889900
2017-11-14,183.66000366210938,184.0,182.5,183.33999633789062,183.33999633789062,3088000
2017-11-15,182.1300048828125,182.89999389648438,181.41000366210938,181.80999755859375,181.80999755859375,4004500
2017-11-16,182.2100067138672,183.0500030517578,181.64999389648438,182.0500030517578,182.0500030517578,3944000
2017-11-17,181.6999969482422,181.94000244140625,180.5,181.05999755859375,181.05999755859375,2715900
2017-11-20,181.42999267578125,181.97999572753906,180.44000244140625,181.6300048828125,181.6300048828125,2428800
2017-11-21,181.77999877929688,183.5,181.50999450683594,183.17999267578125,183.17999267578125,3047000
2017-11-22,183.77999877929688,183.77999877929688,181.94000244140625,182.55999755859375,182.55999755859375,3017000
2017-11-24,182.66000366210938,182.97999572753906,182.25,182.36000061035156,182.36000061035156,1038600
2017-11-27,182.74000549316406,183.8699951171875,182.41000366210938,183.49000549316406,183.49000549316406,2985200
2017-11-28,184.10000610351562,187.83999633789062,184.02000427246094,187.5399932861328,187.5399932861328,3721000
2017-11-29,188.1999969482422,192.0,187.57000732421875,189.85000610351562,189.85000610351562,4898000
2017-11-30,190.35000610351562,193.80999755859375,189.9499969482422,193.00999450683594,193.00999450683594,6420400
2017-12-01,193.58999633789062,194.99000549316406,189.72000122070312,194.55999755859375,194.55999755859375,5177300
2017-12-04,196.17999267578125,199.47999572753906,196.17999267578125,196.9600067138672,196.9600067138672,4899500
2017-12-05,197.77000427246094,197.99000549316406,195.5,196.07000732421875,196.07000732421875,3411700
2017-12-06,196.05999755859375,196.8300018310547,194.8000030517578,196.00999450683594,196.00999450683594,3315700
2017-12-07,195.91000366210938,196.75,194.97999572753906,196.33999633789062,196.33999633789062,2650700
2017-12-08,195.33999633789062,197.27999877929688,195.02000427246094,196.44000244140625,196.44000244140625,3953400
2017-12-11,196.6300048828125,197.17999267578125,195.3000030517578,196.6999969482422,196.6999969482422,3605000
2017-12-12,199.41000366210938,199.9199981689453,197.0,199.07000732421875,199.07000732421875,4343000
2017-12-13,198.55999755859375,199.6300048828125,197.35000610351562,197.39999389648438,197.39999389648438,4151900
2017-12-14,198.1199951171875,198.19000244140625,195.94000244140625,196.66000366210938,196.66000366210938,3593900
2017-12-15,198.24000549316406,199.1999969482422,197.22999572753906,197.77999877929688,197.77999877929688,9169400
2017-12-18,199.5,200.25999450683594,198.94000244140625,199.33999633789062,199.33999633789062,4600100
2017-12-19,200.16000366210938,200.5,197.67999267578125,197.91000366210938,197.91000366210938,3645200
2017-12-20,199.38999938964844,199.75,197.67999267578125,197.7899932861328,197.7899932861328,3914300
2017-12-21,198.85000610351562,199.55999755859375,198.2100067138672,198.88999938964844,198.88999938964844,3262400
2017-12-22,199.24000549316406,199.67999267578125,196.8800048828125,197.9199981689453,197.9199981689453,3786800
2017-12-26,197.97000122070312,198.57000732421875,197.27999877929688,197.57000732421875,197.57000732421875,1769600
2017-12-27,197.5,198.82000732421875,197.27999877929688,198.69000244140625,198.69000244140625,3343200
2017-12-28,199.33999633789062,199.9600067138672,198.82000732421875,199.55999755859375,199.55999755859375,2340000
2017-12-29,200.0,200.07000732421875,198.22000122070312,198.22000122070312,198.22000122070312,3566000
2018-01-02,198.8699951171875,198.8699951171875,195.9600067138672,197.22000122070312,197.22000122070312,4113000
2018-01-03,197.0,200.0,197.0,199.7899932861328,199.7899932861328,3526700
2018-01-04,200.89999389648438,202.1300048828125,200.00999450683594,200.69000244140625,200.69000244140625,3900000
2018-01-05,201.0,201.6699981689453,199.30999755859375,201.4199981689453,201.4199981689453,4207600
2018-01-08,201.14999389648438,203.07000732421875,199.8000030517578,202.74000549316406,202.74000549316406,3887900
2018-01-09,203.33999633789062,204.39999389648438,202.5800018310547,203.02000427246094,203.02000427246094,3834900
2018-01-10,203.0,205.72000122070312,202.5,205.61000061035156,205.61000061035156,3793100
2018-01-11,205.9600067138672,207.27999877929688,205.72000122070312,206.69000244140625,206.69000244140625,3641500
2018-01-12,207.27000427246094,210.38999938964844,206.8000030517578,210.16000366210938,210.16000366210938,4184400
2018-01-16,213.1199951171875,214.02999877929688,209.36000061035156,210.2899932861328,210.2899932861328,6220000
2018-01-17,211.9199981689453,214.5,211.13999938964844,214.16000366210938,214.16000366210938,4600700
2018-01-18,215.6699981689453,215.77999877929688,213.05999755859375,213.19000244140625,213.19000244140625,5141500
2018-01-19,213.4499969482422,214.3000030517578,212.11000061035156,213.25,213.25,5140200
2018-01-22,213.2899932861328,216.0800018310547,213.25,215.97000122070312,215.97000122070312,3267200
2018-01-23,216.0399932861328,216.35000610351562,212.77000427246094,215.55999755859375,215.55999755859375,3659100
2018-01-24,216.1199951171875,216.88999938964844,214.58999633789062,215.61000061035156,215.61000061035156,4294200
2018-01-25,216.24000549316406,216.5,214.27999877929688,215.10000610351562,215.10000610351562,3088300
2018-01-26,215.52000427246094,217.33999633789062,215.14999389648438,217.19000244140625,217.19000244140625,3640800
2018-01-29,217.14999389648438,217.6199951171875,215.19000244140625,215.4600067138672,215.4600067138672,3021300
2018-01-30,214.97000122070312,216.6199951171875,214.10000610351562,214.41000366210938,214.41000366210938,5040100
2018-01-31,214.99000549316406,215.0500030517578,213.3699951171875,214.3800048828125,214.3800048828125,4626300
2018-02-01,214.49000549316406,217.5,214.02999877929688,217.25,217.25,4508900
2018-02-02,216.16000366210938,216.5800018310547,207.8699951171875,209.1199951171875,209.1199951171875,6080600
2018-02-05,205.49000549316406,207.10000610351562,196.0,196.8000030517578,196.8000030517578,10746500
2018-02-06,193.14999389648438,201.9199981689453,190.17999267578125,201.24000549316406,201.24000549316406,10663000
2018-02-07,202.0,204.47999572753906,200.0,200.3699951171875,200.3699951171875,5758000
2018-02-08,200.3699951171875,200.99000549316406,191.0399932861328,191.4199981689453,191.4199981689453,8044400
2018-02-09,195.67999267578125,197.57000732421875,189.3000030517578,196.02000427246094,196.02000427246094,8931700
2018-02-12,198.50999450683594,200.66000366210938,196.13999938964844,198.88999938964844,198.88999938964844,5128900
2018-02-13,197.5800018310547,198.83999633789062,195.9199981689453,197.99000549316406,197.99000549316406,3967700
2018-02-14,197.0399932861328,200.75999450683594,195.99000549316406,200.5399932861328,200.5399932861328,4348100
2018-02-15,202.3800048828125,203.89999389648438,200.30999755859375,203.89999389648438,203.89999389648438,4357900
2018-02-16,203.99000549316406,206.32000732421875,203.16000366210938,203.7899932861328,203.7899932861328,4382500
2018-02-20,203.33999633789062,204.6999969482422,202.35000610351562,203.0500030517578,203.0500030517578,4116700
2018-02-21,202.5,205.22000122070312,200.77000427246094,201.02000427246094,201.02000427246094,4994400
2018-02-22,201.57000732421875,203.27999877929688,200.16000366210938,200.72999572753906,200.72999572753906,4034000
2018-02-23,201.38999938964844,202.97000122070312,200.80999755859375,202.75999450683594,202.75999450683594,4128400
2018-02-26,207.7100067138672,211.13999938964844,205.36000061035156,210.6199951171875,210.6199951171875,8254100
2018-02-27,212.0,213.1300048828125,209.64999389648438,209.66000366210938,209.66000366210938,5903400
2018-02-28,211.0,211.5399932861328,200.47000122070312,207.1999969482422,207.1999969482422,5378300
2018-03-01,206.82000732421875,208.57000732421875,200.27999877929688,201.52999877929688,201.52999877929688,6984000
2018-03-02,199.97999572753906,201.97000122070312,198.97999572753906,201.33999633789062,201.33999633789062,5025500
2018-03-05,199.60000610351562,204.1300048828125,199.1199951171875,203.24000549316406,203.24000549316406,4041100
2018-03-06,204.86000061035156,204.86000061035156,202.3699951171875,204.5500030517578,204.5500030517578,3203300
2018-03-07,202.35000610351562,204.8300018310547,201.75,204.3000030517578,204.3000030517578,3622800
2018-03-08,204.32000732421875,205.49000549316406,203.02999877929688,205.2899932861328,205.2899932861328,3084500
2018-03-09,206.9499969482422,213.24000549316406,206.25,212.94000244140625,212.94000244140625,5494300
2018-03-12,213.1999969482422,213.36000061035156,211.24000549316406,211.82000732421875,211.82000732421875,4967000
2018-03-13,212.69000244140625,213.0399932861328,208.8000030517578,209.1300048828125,209.1300048828125,4698200
2018-03-14,210.39999389648438,210.39999389648438,206.22999572753906,206.99000549316406,206.99000549316406,4015400
2018-03-15,208.2899932861328,209.32000732421875,207.61000061035156,207.82000732421875,207.82000732421875,4127200
2018-03-16,208.55999755859375,208.97000122070312,206.4600067138672,206.9600067138672,206.9600067138672,5961800
2018-03-19,206.8699951171875,207.05999755859375,202.63999938964844,203.99000549316406,203.99000549316406,4261300
2018-03-20,204.25,205.60000610351562,203.8000030517578,204.75,204.75,2939300
2018-03-21,205.3800048828125,207.27000427246094,204.0,204.8300018310547,204.8300018310547,3235600
2018-03-22,203.17999267578125,203.19000244140625,196.99000549316406,197.6300048828125,197.6300048828125,7113400
2018-03-23,198.0,198.25,191.8699951171875,192.4600067138672,192.4600067138672,7257000
2018-03-26,196.89999389648438,199.57000732421875,195.0800018310547,199.33999633789062,199.33999633789062,5223700
2018-03-27,200.47999572753906,201.44000244140625,194.44000244140625,196.14999389648438,196.14999389648438,5149200
2018-03-28,196.1699981689453,198.72000122070312,193.77999877929688,196.6699981689453,196.6699981689453,4388800
2018-03-29,198.0800018310547,201.00999450683594,197.3300018310547,199.47999572753906,199.47999572753906,5714600
2018-04-02,199.00999450683594,199.61000061035156,192.02000427246094,195.0,195.0,6178200
2018-04-03,196.0,198.24000549316406,193.91000366210938,197.9600067138672,197.9600067138672,4192900
2018-04-04,194.02000427246094,200.52999877929688,194.0,200.11000061035156,200.11000061035156,4100700
2018-04-05,201.1699981689453,202.77000427246094,200.27000427246094,200.85000610351562,200.85000610351562,4661300
2018-04-06,199.6999969482422,199.85000610351562,193.74000549316406,195.49000549316406,195.49000549316406,5580600
2018-04-09,196.72999572753906,198.6300048828125,194.9499969482422,195.3300018310547,195.3300018310547,3873100
2018-04-10,198.16000366210938,199.6999969482422,197.0500030517578,197.8000030517578,197.8000030517578,3250500
2018-04-11,196.60000610351562,197.0399932861328,194.9199981689453,195.22000122070312,195.22000122070312,3522100
2018-04-12,196.5,199.60000610351562,196.2899932861328,198.1300048828125,198.1300048828125,3707900
2018-04-13,199.60000610351562,199.85000610351562,196.0,197.0,197.0,3150900
2018-04-16,198.64999389648438,199.9499969482422,197.5500030517578,198.22000122070312,198.22000122070312,3819000
2018-04-17,199.85000610351562,200.66000366210938,198.89999389648438,199.27000427246094,199.27000427246094,4658300
2018-04-18,200.24000549316406,200.94000244140625,199.39999389648438,199.50999450683594,199.50999450683594,2872900
2018-04-19,199.99000549316406,201.47999572753906,199.1999969482422,200.3800048828125,200.3800048828125,2726500
2018-04-20,200.94000244140625,201.0,198.9199981689453,200.1300048828125,200.1300048828125,3705800
2018-04-23,200.22000122070312,200.83999633789062,198.52000427246094,199.4199981689453,199.4199981689453,2672600
2018-04-24,199.8699951171875,200.66000366210938,195.22999572753906,196.8000030517578,196.8000030517578,3718200
2018-04-25,196.17999267578125,197.36000061035156,194.41000366210938,196.8000030517578,196.8000030517578,3204400
2018-04-26,196.6300048828125,197.9600067138672,196.24000549316406,197.02999877929688,197.02999877929688,2388500
2018-04-27,196.92999267578125,197.5500030517578,195.8300018310547,197.22999572753906,197.22999572753906,2558900
2018-04-30,197.38999938964844,198.10000610351562,193.6199951171875,193.72999572753906,193.72999572753906,4247500
2018-05-01,193.75999450683594,195.3000030517578,192.75,195.11000061035156,195.11000061035156,3235000
2018-05-02,195.07000732421875,195.07000732421875,192.97999572753906,193.30999755859375,193.30999755859375,3885500
2018-05-03,192.80999755859375,192.99000549316406,189.8000030517578,191.61000061035156,191.61000061035156,5059400
2018-05-04,192.0399932861328,196.24000549316406,190.19000244140625,195.63999938964844,195.63999938964844,4919100
2018-05-07,196.0,197.82000732421875,195.75999450683594,197.05999755859375,197.05999755859375,3692100
2018-05-08,197.39999389648438,197.39999389648438,194.6999969482422,196.24000549316406,196.24000549316406,4189600
2018-05-09,197.0,200.0500030517578,196.27999877929688,199.8699951171875,199.8699951171875,3290600
2018-05-10,200.42999267578125,201.2899932861328,198.9199981689453,201.1999969482422,201.1999969482422,2957300
2018-05-11,200.6199951171875,202.41000366210938,198.89999389648438,199.3000030517578,199.3000030517578,3917700
2018-05-14,200.0,200.64999389648438,198.66000366210938,199.17999267578125,199.17999267578125,3264600
2018-05-15,198.7899932861328,198.92999267578125,196.17999267578125,197.36000061035156,197.36000061035156,3380000
2018-05-16,196.86000061035156,198.3800048828125,196.39999389648438,197.8300018310547,197.8300018310547,2927400
2018-05-17,197.74000549316406,197.85000610351562,196.6199951171875,197.49000549316406,197.49000549316406,2604200
2018-05-18,197.52000427246094,197.63999938964844,195.77000427246094,196.05999755859375,196.05999755859375,3137100
2018-05-21,197.77000427246094,198.6300048828125,197.00999450683594,197.91000366210938,197.91000366210938,3005500
2018-05-22,198.02000427246094,198.88999938964844,197.17999267578125,198.1300048828125,198.1300048828125,3162000
2018-05-23,197.39999389648438,197.7100067138672,194.9499969482422,195.9499969482422,195.9499969482422,4036300
2018-05-24,196.05999755859375,196.25999450683594,193.9199981689453,194.8300018310547,194.8300018310547,3206200
2018-05-25,193.88999938964844,194.75,193.2100067138672,194.14999389648438,194.14999389648438,3031000
2018-05-29,192.89999389648438,193.11000061035156,188.6199951171875,189.8699951171875,189.8699951171875,8912100
2018-05-30,191.89999389648438,194.89999389648438,191.3300018310547,194.10000610351562,194.10000610351562,4307600
2018-05-31,194.2899932861328,194.2899932861328,191.4199981689453,191.52999877929688,191.52999877929688,5787500
2018-06-01,192.89999389648438,193.3800048828125,191.58999633789062,192.22999572753906,192.22999572753906,3817800
2018-06-04,193.0,193.41000366210938,191.25,191.3000030517578,191.3000030517578,4444500
2018-06-05,191.3699951171875,191.39999389648438,190.13999938964844,190.77000427246094,190.77000427246094,4325000
2018-06-06,191.69000244140625,194.0,191.57000732421875,193.99000549316406,193.99000549316406,4017500
2018-06-07,194.66000366210938,195.67999267578125,193.75,195.57000732421875,195.57000732421875,4340300
2018-06-08,195.33999633789062,196.39999389648438,194.27000427246094,196.00999450683594,196.00999450683594,3757800
2018-06-11,196.3000030517578,196.74000549316406,195.19000244140625,195.3300018310547,195.3300018310547,3465600
2018-06-12,195.97000122070312,195.99000549316406,194.7100067138672,195.27000427246094,195.27000427246094,3047000
2018-06-13,195.1300048828125,196.0,194.25999450683594,194.5500030517578,194.5500030517578,3704900
2018-06-14,194.9199981689453,195.0,192.0399932861328,192.5,192.5,4947200
2018-06-15,192.27999877929688,192.5,190.52000427246094,191.75999450683594,191.75999450683594,7341000
2018-06-18,190.63999938964844,191.36000061035156,189.91000366210938,191.11000061035156,191.11000061035156,3773800
2018-06-19,190.0500030517578,191.17999267578125,189.35000610351562,190.35000610351562,190.35000610351562,4035300
2018-06-20,190.47000122070312,190.88999938964844,189.1999969482422,189.5,189.5,5234200
2018-06-21,189.0500030517578,189.83999633789062,187.97000122070312,188.86000061035156,188.86000061035156,4977900
2018-06-22,190.0,190.47999572753906,188.66000366210938,188.91000366210938,188.91000366210938,5268000
2018-06-25,188.6300048828125,188.8300018310547,185.17999267578125,186.72999572753906,186.72999572753906,6062400
2018-06-26,186.52000427246094,187.6199951171875,185.77999877929688,186.44000244140625,186.44000244140625,4324600
2018-06-27,186.5,187.88999938964844,184.75,184.91000366210938,184.91000366210938,4451600
2018-06-28,185.42999267578125,187.94000244140625,185.16000366210938,187.08999633789062,187.08999633789062,4218500
2018-06-29,188.4600067138672,189.27999877929688,186.2899932861328,186.64999389648438,186.64999389648438,5185700
2018-07-02,186.08999633789062,188.10000610351562,185.97000122070312,187.8300018310547,187.8300018310547,3521000
2018-07-03,188.4600067138672,188.72999572753906,185.72000122070312,186.02000427246094,186.02000427246094,2031200
2018-07-05,187.07000732421875,187.6300048828125,186.22999572753906,187.5,187.5,3310200
2018-07-06,187.5,188.69000244140625,186.52000427246094,187.55999755859375,187.55999755859375,2818800
2018-07-09,188.11000061035156,189.82000732421875,187.82000732421875,189.63999938964844,189.63999938964844,3504700
2018-07-10,189.75,190.6199951171875,189.14999389648438,189.89999389648438,189.89999389648438,2685500
2018-07-11,188.72999572753906,190.63999938964844,188.55999755859375,189.91000366210938,189.91000366210938,3343100
2018-07-12,190.89999389648438,190.99000549316406,188.91000366210938,189.9600067138672,189.9600067138672,3040600
2018-07-13,189.77000427246094,191.2899932861328,189.1300048828125,190.9600067138672,190.9600067138672,2693700
2018-07-16,190.6999969482422,192.22999572753906,190.6999969482422,192.0,192.0,2626700
2018-07-17,192.0,192.19000244140625,190.27000427246094,190.41000366210938,190.41000366210938,3725000
2018-07-18,195.5,201.39999389648438,195.35000610351562,200.44000244140625,200.44000244140625,10469600
2018-07-19,200.35000610351562,200.9600067138672,197.3000030517578,197.49000549316406,197.49000549316406,4670800
2018-07-20,197.0,197.66000366210938,196.4600067138672,196.77999877929688,196.77999877929688,4073900
2018-07-23,196.25,198.8699951171875,196.1999969482422,197.85000610351562,197.85000610351562,3587600
2018-07-24,198.4499969482422,199.9600067138672,198.22000122070312,198.4600067138672,198.4600067138672,3346600
2018-07-25,198.2100067138672,198.2100067138672,196.80999755859375,197.61000061035156,197.61000061035156,3743100
2018-07-26,198.27000427246094,198.99000549316406,197.27999877929688,197.4600067138672,197.4600067138672,3766100
2018-07-27,198.0,198.89999389648438,197.17999267578125,197.9499969482422,197.9499969482422,3939400
2018-07-30,197.8000030517578,199.91000366210938,197.8000030517578,199.08999633789062,199.08999633789062,3988300
2018-07-31,199.0,199.5399932861328,197.05999755859375,197.8699951171875,197.8699951171875,4911700
2018-08-01,198.8000030517578,199.6999969482422,197.32000732421875,197.85000610351562,197.85000610351562,4004600
2018-08-02,197.1999969482422,198.75999450683594,196.77000427246094,198.05999755859375,198.05999755859375,3269900
2018-08-03,198.5,200.4199981689453,198.1199951171875,200.24000549316406,200.24000549316406,5028000
2018-08-06,204.88999938964844,208.11000061035156,204.6199951171875,206.05999755859375,206.05999755859375,6673100
2018-08-07,207.5,209.94000244140625,207.14999389648438,208.72000122070312,208.72000122070312,6160100
2018-08-08,208.80999755859375,209.7100067138672,208.42999267578125,208.94000244140625,208.94000244140625,3869000
2018-08-09,209.0,209.64999389648438,208.72000122070312,209.10000610351562,209.10000610351562,4685700
2018-08-10,207.3000030517578,207.77000427246094,205.58999633789062,206.6300048828125,206.6300048828125,4383100
2018-08-13,206.6300048828125,207.00999450683594,205.0399932861328,205.1699981689453,205.1699981689453,3837900
2018-08-14,205.3000030517578,206.47999572753906,204.89999389648438,205.8300018310547,205.8300018310547,2774500
2018-08-15,205.00999450683594,205.49000549316406,203.57000732421875,204.5,204.5,3547200
2018-08-16,205.38999938964844,207.6199951171875,204.60000610351562,207.55999755859375,207.55999755859375,3576500
2018-08-17,207.57000732421875,208.47000122070312,206.9199981689453,208.13999938964844,208.13999938964844,2749900
2018-08-20,208.42999267578125,209.5399932861328,207.8300018310547,208.4600067138672,208.4600067138672,2527300
2018-08-21,208.80999755859375,209.35000610351562,208.10000610351562,208.49000549316406,208.49000549316406,2665300
2018-08-22,207.6300048828125,207.97000122070312,206.9600067138672,207.3300018310547,207.3300018310547,2454600
2018-08-23,207.5800018310547,207.7899932861328,206.66000366210938,207.24000549316406,207.24000549316406,2363000
2018-08-24,207.75,208.16000366210938,207.3300018310547,207.97999572753906,207.97999572753906,2415700
2018-08-27,208.55999755859375,210.75,208.52000427246094,210.50999450683594,210.50999450683594,3166700
2018-08-28,210.8800048828125,211.1999969482422,210.00999450683594,210.77000427246094,210.77000427246094,2885200
2018-08-29,211.0,211.32000732421875,210.17999267578125,211.27000427246094,211.27000427246094,3176900
2018-08-30,211.0800018310547,211.3000030517578,209.6699981689453,209.75,209.75,4737900
2018-08-31,210.0,210.3000030517578,208.10000610351562,208.72000122070312,208.72000122070312,4526200
2018-09-04,209.2100067138672,210.10000610351562,208.0399932861328,210.0500030517578,210.0500030517578,2775800
2018-09-05,209.80999755859375,212.4600067138672,209.49000549316406,212.25999450683594,212.25999450683594,3708900
2018-09-06,211.60000610351562,213.39999389648438,211.57000732421875,212.8800048828125,212.8800048828125,3601800
2018-09-07,212.5,214.47000122070312,212.5,214.0399932861328,214.0399932861328,4050100
2018-09-10,215.0,216.27000427246094,214.4199981689453,215.11000061035156,215.11000061035156,4137200
2018-09-11,214.0399932861328,215.8699951171875,212.75999450683594,215.10000610351562,215.10000610351562,3601500
2018-09-12,214.5399932861328,215.42999267578125,214.14999389648438,214.58999633789062,214.58999633789062,3463200
2018-09-13,215.02000427246094,215.4199981689453,214.1699981689453,214.88999938964844,214.88999938964844,4071600
2018-09-14,215.5,216.50999450683594,215.3000030517578,216.3699951171875,216.3699951171875,3279000
2018-09-17,216.99000549316406,217.1300048828125,215.72999572753906,216.2899932861328,216.2899932861328,3076900
2018-09-18,216.3000030517578,218.5,216.3000030517578,218.3000030517578,218.3000030517578,3576600
2018-09-19,218.22000122070312,221.32000732421875,217.8000030517578,220.9499969482422,220.9499969482422,4288000
2018-09-20,221.77999877929688,223.0,221.3000030517578,221.67999267578125,221.67999267578125,5340200
2018-09-21,222.1300048828125,222.69000244140625,220.1300048828125,220.52000427246094,220.52000427246094,13363200
2018-09-24,220.47999572753906,220.67999267578125,217.91000366210938,218.1300048828125,218.1300048828125,4539500
2018-09-25,218.42999267578125,218.97999572753906,217.41000366210938,218.0500030517578,218.0500030517578,3280300
2018-09-26,218.0500030517578,218.4199981689453,215.77000427246094,216.11000061035156,216.11000061035156,4122100
2018-09-27,216.74000549316406,217.67999267578125,215.22999572753906,216.6999969482422,216.6999969482422,3053500
2018-09-28,216.3800048828125,216.3800048828125,213.86000061035156,214.11000061035156,214.11000061035156,4482500
2018-10-01,215.9199981689453,216.13999938964844,213.94000244140625,214.77999877929688,214.77999877929688,2993000
2018-10-02,214.42999267578125,215.5399932861328,214.0399932861328,215.2899932861328,215.2899932861328,2934800
2018-10-03,215.75,217.77999877929688,215.5,216.39999389648438,216.39999389648438,3275100
2018-10-04,216.42999267578125,219.0,216.36000061035156,218.97000122070312,218.97000122070312,4428500
2018-10-05,219.6999969482422,220.39999389648438,218.69000244140625,219.4600067138672,219.4600067138672,4075700
2018-10-08,219.16000366210938,222.75999450683594,219.02000427246094,222.05999755859375,222.05999755859375,5641200
2018-10-09,221.85000610351562,223.94000244140625,221.00999450683594,223.75999450683594,223.75999450683594,4516500
2018-10-10,224.0,224.07000732421875,212.5399932861328,213.10000610351562,213.10000610351562,7922100
2018-10-11,209.89999389648438,211.08999633789062,203.27999877929688,205.19000244140625,205.19000244140625,8322700
2018-10-12,210.0399932861328,210.60000610351562,204.0,206.8000030517578,206.8000030517578,5734700
2018-10-15,207.4600067138672,207.4600067138672,204.6699981689453,205.02999877929688,205.02999877929688,4541100
2018-10-16,206.66000366210938,210.77999877929688,205.9199981689453,209.8300018310547,209.8300018310547,4776200
2018-10-17,209.8300018310547,211.6699981689453,207.30999755859375,210.52000427246094,210.52000427246094,3807800
2018-10-18,210.0,211.27000427246094,207.32000732421875,208.6999969482422,208.6999969482422,3144900
2018-10-19,208.49000549316406,210.75,207.8000030517578,209.8300018310547,209.8300018310547,4814500
2018-10-22,210.77000427246094,210.77000427246094,206.02999877929688,206.19000244140625,206.19000244140625,3252400
2018-10-23,203.10000610351562,205.25,201.8800048828125,204.0,204.0,4705700
2018-10-24,202.77000427246094,203.69000244140625,199.57000732421875,199.80999755859375,199.80999755859375,4705900
2018-10-25,200.72999572753906,203.42999267578125,200.13999938964844,201.97999572753906,201.97999572753906,4571900
2018-10-26,199.00999450683594,200.69000244140625,197.2899932861328,198.49000549316406,198.49000549316406,6734600
2018-10-29,201.22999572753906,203.61000061035156,197.92999267578125,200.0399932861328,200.0399932861328,4936400
2018-10-30,199.64999389648438,203.75999450683594,198.6999969482422,203.35000610351562,203.35000610351562,6054300
2018-10-31,205.2100067138672,208.07000732421875,204.5,205.27999877929688,205.27999877929688,5663000
2018-11-01,205.60000610351562,206.27999877929688,204.32000732421875,205.86000061035156,205.86000061035156,3895100
2018-11-02,207.5,208.7100067138672,203.38999938964844,206.57000732421875,206.57000732421875,5060000
2018-11-05,213.50999450683594,217.50999450683594,212.9600067138672,216.24000549316406,216.24000549316406,7667600
2018-11-06,216.75,218.74000549316406,216.4600067138672,218.50999450683594,218.50999450683594,3879800
2018-11-07,219.99000549316406,221.5500030517578,217.55999755859375,221.24000549316406,221.24000549316406,4741900
2018-11-08,221.24000549316406,223.52000427246094,220.5500030517578,222.4199981689453,222.4199981689453,4166000
2018-11-09,221.6699981689453,221.99000549316406,218.3000030517578,219.6300048828125,219.6300048828125,3971700
2018-11-12,219.9600067138672,220.19000244140625,215.0,215.4199981689453,215.4199981689453,3355200
2018-11-13,215.61000061035156,219.14999389648438,215.17999267578125,217.9199981689453,217.9199981689453,4089600
2018-11-14,219.5,220.72000122070312,213.8000030517578,216.02999877929688,216.02999877929688,4409100
2018-11-15,214.8300018310547,217.57000732421875,212.13999938964844,217.3800048828125,217.3800048828125,4258800
2018-11-16,217.0,220.5,215.4600067138672,218.41000366210938,218.41000366210938,4347900
2018-11-19,218.27999877929688,218.72999572753906,215.25999450683594,217.94000244140625,217.94000244140625,4321000
2018-11-20,215.30999755859375,215.99000549316406,210.4199981689453,210.7100067138672,210.7100067138672,7680900
2018-11-21,211.3000030517578,213.74000549316406,210.52999877929688,210.86000061035156,210.86000061035156,2840700
2018-11-23,209.25,209.99000549316406,207.02999877929688,207.07000732421875,207.07000732421875,2274000
2018-11-26,209.3000030517578,211.0,208.63999938964844,210.6300048828125,210.6300048828125,3973900
2018-11-27,209.82000732421875,212.83999633789062,209.50999450683594,212.52999877929688,212.52999877929688,4050600
2018-11-28,213.0,217.63999938964844,212.44000244140625,217.5,217.5,4013400
2018-11-29,215.85000610351562,219.3800048828125,215.8000030517578,217.6999969482422,217.6999969482422,3960900
2018-11-30,217.22999572753906,219.0800018310547,216.92999267578125,218.24000549316406,218.24000549316406,5153200
2018-12-03,221.97999572753906,223.58999633789062,218.9499969482422,220.80999755859375,220.80999755859375,5153200
2018-12-04,220.1300048828125,220.27999877929688,209.7100067138672,210.1199951171875,210.1199951171875,7689800
2018-12-06,207.0500030517578,208.1199951171875,202.9199981689453,207.9600067138672,207.9600067138672,8386700
2018-12-07,208.13999938964844,210.85000610351562,203.57000732421875,204.8800048828125,204.8800048828125,5483500
2018-12-10,204.10000610351562,204.74000549316406,198.49000549316406,203.25999450683594,203.25999450683594,5593700
2018-12-11,206.1199951171875,206.88999938964844,200.50999450683594,202.27999877929688,202.27999877929688,4483700
2018-12-12,205.0,205.58999633789062,202.27999877929688,202.47999572753906,202.47999572753906,4164200
2018-12-13,202.0,203.55999755859375,201.50999450683594,202.4199981689453,202.4199981689453,4508000
2018-12-14,200.9600067138672,201.75,199.5800018310547,200.0,200.0,4995200
2018-12-17,199.77000427246094,202.1999969482422,197.10000610351562,197.9199981689453,197.9199981689453,5991600
2018-12-18,199.64999389648438,200.33999633789062,194.44000244140625,196.52000427246094,196.52000427246094,6593100
2018-12-19,196.50999450683594,201.30999755859375,193.3300018310547,195.1699981689453,195.1699981689453,6278800
2018-12-20,194.00999450683594,195.3699951171875,191.11000061035156,193.5800018310547,193.5800018310547,8976100
2018-12-21,192.22000122070312,197.8000030517578,191.57000732421875,192.10000610351562,192.10000610351562,14907700
2018-12-24,190.6999969482422,191.63999938964844,187.11000061035156,187.75999450683594,187.75999450683594,5020600
2018-12-26,188.64999389648438,197.92999267578125,186.10000610351562,197.57000732421875,197.57000732421875,7158200
2018-12-27,195.60000610351562,200.1199951171875,191.89999389648438,200.1199951171875,200.1199951171875,7386800
2018-12-28,200.72000122070312,204.74000549316406,200.1999969482422,202.0800018310547,202.0800018310547,5420600
2018-12-31,204.22999572753906,205.00999450683594,201.0,204.17999267578125,204.17999267578125,5451900
2019-01-02,201.72999572753906,204.39999389648438,201.14999389648438,202.8000030517578,202.8000030517578,4802100
2019-01-03,199.97000122070312,200.22000122070312,191.0399932861328,191.66000366210938,191.66000366210938,8540600
2019-01-04,194.85000610351562,196.69000244140625,193.8800048828125,195.1999969482422,195.1999969482422,6611200
2019-01-07,196.38999938964844,198.27999877929688,195.3699951171875,196.91000366210938,196.91000366210938,5423000
2019-01-08,198.99000549316406,199.0800018310547,194.66000366210938,196.30999755859375,196.30999755859375,4476800
2019-01-09,197.3000030517578,197.67999267578125,194.9499969482422,196.3699951171875,196.3699951171875,3607500
2019-01-10,195.50999450683594,197.89999389648438,194.9600067138672,196.5800018310547,196.5800018310547,3627700
2019-01-11,195.66000366210938,196.64999389648438,194.5,196.2899932861328,196.2899932861328,3535200
2019-01-14,194.77999877929688,196.44000244140625,194.4600067138672,195.77999877929688,195.77999877929688,3954300
2019-01-15,195.7899932861328,197.25,195.1999969482422,196.94000244140625,196.94000244140625,3206700
2019-01-16,197.63999938964844,199.57000732421875,197.24000549316406,198.41000366210938,198.41000366210938,5069600
2019-01-17,197.6999969482422,199.41000366210938,196.4600067138672,198.77999877929688,198.77999877929688,4161000
2019-01-18,200.6999969482422,204.72999572753906,200.24000549316406,204.47999572753906,204.47999572753906,5941200
2019-01-22,203.52000427246094,204.9600067138672,199.13999938964844,200.72000122070312,200.72000122070312,5397700
2019-01-23,200.72000122070312,201.30999755859375,198.5,201.14999389648438,201.14999389648438,3705400
2019-01-24,199.75,201.60000610351562,199.75,201.02000427246094,201.02000427246094,4074800
2019-01-25,203.0500030517578,204.74000549316406,201.02000427246094,202.75,202.75,3823300
2019-01-28,201.49000549316406,201.75,199.80999755859375,200.9499969482422,200.9499969482422,3718000
2019-01-29,200.9199981689453,202.14999389648438,200.5,202.0500030517578,202.0500030517578,2815400
2019-01-30,203.30999755859375,207.58999633789062,203.0500030517578,205.9600067138672,205.9600067138672,4519900
2019-01-31,204.67999267578125,208.00999450683594,203.63999938964844,205.5399932861328,205.5399932861328,8676200
2019-02-01,206.52000427246094,209.3000030517578,206.1999969482422,209.19000244140625,209.19000244140625,5992600
2019-02-04,209.16000366210938,209.39999389648438,207.0500030517578,208.52000427246094,208.52000427246094,3730900
2019-02-05,209.10000610351562,209.16000366210938,206.52999877929688,207.82000732421875,207.82000732421875,4243700
2019-02-06,207.24000549316406,207.24000549316406,205.10000610351562,206.00999450683594,206.00999450683594,3708800
2019-02-07,204.52999877929688,204.99000549316406,200.57000732421875,201.72999572753906,201.72999572753906,4908700
2019-02-08,200.82000732421875,201.1999969482422,198.2100067138672,200.9199981689453,200.9199981689453,4666700
2019-02-11,201.69000244140625,203.3300018310547,201.32000732421875,203.0500030517578,203.0500030517578,3600100
2019-02-12,204.94000244140625,206.6699981689453,204.8699951171875,206.14999389648438,206.14999389648438,3517900
2019-02-13,206.9600067138672,208.0800018310547,205.41000366210938,205.8000030517578,205.8000030517578,3326900
2019-02-14,204.63999938964844,204.63999938964844,201.60000610351562,202.77999877929688,202.77999877929688,3627300
2019-02-15,204.86000061035156,205.7899932861328,204.07000732421875,205.2899932861328,205.2899932861328,5044700
2019-02-19,205.10000610351562,206.32000732421875,204.67999267578125,205.69000244140625,205.69000244140625,3204000
2019-02-20,205.77999877929688,206.9199981689453,204.94000244140625,206.16000366210938,206.16000366210938,3309300
2019-02-21,206.27000427246094,206.86000061035156,204.35000610351562,205.3300018310547,205.3300018310547,3661400
2019-02-22,204.25,204.58999633789062,199.9199981689453,201.91000366210938,201.91000366210938,5575000
2019-02-25,201.6999969482422,205.0,201.22000122070312,202.30999755859375,202.30999755859375,5146500
2019-02-26,202.39999389648438,202.64999389648438,201.3000030517578,201.89999389648438,201.89999389648438,4892500
2019-02-27,201.72000122070312,202.3000030517578,201.25,202.2899932861328,202.2899932861328,4247200
2019-02-28,202.67999267578125,202.94000244140625,201.11000061035156,201.3000030517578,201.3000030517578,3619000
2019-03-01,203.14999389648438,203.83999633789062,201.83999633789062,203.1300048828125,203.1300048828125,3529400
2019-03-04,203.08999633789062,204.8699951171875,200.5800018310547,201.80999755859375,201.80999755859375,4640300
2019-03-05,201.75999450683594,202.0,200.5800018310547,201.47000122070312,201.47000122070312,5268400
2019-03-06,201.61000061035156,202.3000030517578,200.57000732421875,200.6699981689453,200.6699981689453,3216600
2019-03-07,200.5800018310547,200.5800018310547,197.99000549316406,199.3000030517578,199.3000030517578,5105700
2019-03-08,197.91000366210938,198.94000244140625,197.02999877929688,198.6999969482422,198.6999969482422,3755200
2019-03-11,199.6199951171875,202.3000030517578,199.47000122070312,202.08999633789062,202.08999633789062,3999300
2019-03-12,202.66000366210938,203.72999572753906,202.22999572753906,202.5,202.5,3756100
2019-03-13,203.0,205.36000061035156,202.66000366210938,204.05999755859375,204.05999755859375,3693600
2019-03-14,203.25999450683594,204.36000061035156,202.67999267578125,203.3800048828125,203.3800048828125,3084200
2019-03-15,204.0800018310547,206.16000366210938,203.86000061035156,204.30999755859375,204.30999755859375,7738700
2019-03-18,204.6699981689453,206.9499969482422,204.6699981689453,206.67999267578125,206.67999267578125,3964600
2019-03-19,207.75,207.75,204.55999755859375,205.14999389648438,205.14999389648438,3881500
2019-03-20,205.42999267578125,205.4499969482422,202.97999572753906,203.27000427246094,203.27000427246094,4053100
2019-03-21,202.9199981689453,204.6999969482422,201.91000366210938,204.42999267578125,204.42999267578125,4182300
2019-03-22,203.27999877929688,204.00999450683594,200.05999755859375,200.5500030517578,200.5500030517578,5872400
2019-03-25,200.8300018310547,201.97999572753906,198.1999969482422,199.44000244140625,199.44000244140625,4113100
2019-03-26,200.8300018310547,201.32000732421875,198.6999969482422,200.6199951171875,200.6199951171875,3737800
2019-03-27,200.72000122070312,201.1999969482422,198.22999572753906,199.2100067138672,199.2100067138672,3619200
2019-03-28,199.39999389648438,200.75,198.39999389648438,200.66000366210938,200.66000366210938,3233600
2019-03-29,201.33999633789062,201.6999969482422,200.02999877929688,200.88999938964844,200.88999938964844,4619400
2019-04-01,202.16000366210938,205.3000030517578,202.0,205.0,205.0,4671600
2019-04-02,204.91000366210938,205.42999267578125,203.58999633789062,203.8800048828125,203.8800048828125,2599500
2019-04-03,205.4600067138672,205.6999969482422,202.89999389648438,203.6699981689453,203.6699981689453,2864500
2019-04-04,203.25999450683594,204.94000244140625,202.7899932861328,204.10000610351562,204.10000610351562,2436500
2019-04-05,204.1199951171875,205.52999877929688,203.10000610351562,205.3300018310547,205.3300018310547,3363500
2019-04-08,205.13999938964844,205.63999938964844,203.97000122070312,205.25,205.25,2624000
2019-04-09,204.83999633789062,204.97000122070312,203.58999633789062,204.9199981689453,204.9199981689453,2589700
2019-04-10,205.1199951171875,205.22999572753906,203.60000610351562,204.52000427246094,204.52000427246094,2632200
2019-04-11,204.75999450683594,207.08999633789062,204.27000427246094,206.6699981689453,206.6699981689453,2988300
2019-04-12,208.0800018310547,211.6699981689453,207.5800018310547,210.55999755859375,210.55999755859375,4778900
2019-04-15,210.52000427246094,210.5500030517578,207.75999450683594,209.74000549316406,209.74000549316406,2587500
2019-04-16,210.14999389648438,211.83999633789062,210.0,211.8000030517578,211.8000030517578,2644800
2019-04-17,212.38999938964844,212.49000549316406,209.67999267578125,210.3699951171875,210.3699951171875,2883000
2019-04-18,210.9600067138672,211.42999267578125,209.72999572753906,209.99000549316406,209.99000549316406,2590900
2019-04-22,209.5,210.3699951171875,208.8800048828125,209.49000549316406,209.49000549316406,1929100
2019-04-23,209.5,211.8800048828125,208.88999938964844,211.61000061035156,211.61000061035156,3475400
2019-04-24,211.5500030517578,212.02000427246094,210.22999572753906,210.57000732421875,210.57000732421875,3208500
2019-04-25,209.6199951171875,212.6699981689453,209.33999633789062,211.9499969482422,211.9499969482422,3152100
2019-04-26,211.85000610351562,214.22000122070312,211.80999755859375,214.22000122070312,214.22000122070312,3155400
2019-04-29,214.9199981689453,217.22000122070312,214.60000610351562,216.5800018310547,216.5800018310547,3467600
2019-04-30,217.32000732421875,217.32000732421875,214.6999969482422,216.7100067138672,216.7100067138672,3611100
2019-05-01,217.22000122070312,218.7899932861328,216.49000549316406,216.7100067138672,216.7100067138672,3769200
2019-05-02,217.19000244140625,217.6999969482422,215.1699981689453,215.92999267578125,215.92999267578125,2646700
2019-05-03,217.13999938964844,219.16000366210938,216.8699951171875,218.60000610351562,218.60000610351562,3382600
2019-05-06,214.69000244140625,215.50999450683594,211.5399932861328,213.16000366210938,213.16000366210938,5657200
2019-05-07,211.33999633789062,211.60000610351562,207.41000366210938,209.42999267578125,209.42999267578125,5266700
2019-05-08,208.25999450683594,211.72000122070312,207.60000610351562,209.2899932861328,209.2899932861328,3838200
2019-05-09,207.33999633789062,208.9199981689453,204.38999938964844,208.55999755859375,208.55999755859375,4251300
2019-05-10,207.88999938964844,209.2899932861328,204.30999755859375,209.02000427246094,209.02000427246094,4075700
2019-05-13,204.9600067138672,205.91000366210938,204.3000030517578,205.00999450683594,205.00999450683594,5185800
2019-05-14,205.6699981689453,206.82000732421875,203.4499969482422,203.69000244140625,203.69000244140625,4005200
2019-05-15,202.7899932861328,204.1300048828125,201.38999938964844,202.97999572753906,202.97999572753906,4024300
2019-05-16,203.89999389648438,206.66000366210938,203.89999389648438,204.6300048828125,204.6300048828125,3074000
2019-05-17,203.0,205.4600067138672,202.4499969482422,203.27000427246094,203.27000427246094,4614600
2019-05-20,202.63999938964844,203.17999267578125,201.75,202.72999572753906,202.72999572753906,2645300
2019-05-21,203.16000366210938,203.99000549316406,202.5,203.36000061035156,203.36000061035156,2664400
2019-05-22,202.72000122070312,203.49000549316406,201.6999969482422,202.60000610351562,202.60000610351562,2775700
2019-05-23,200.8000030517578,202.17999267578125,199.32000732421875,201.3000030517578,201.3000030517578,4737400
2019-05-24,202.1199951171875,202.1199951171875,200.7899932861328,201.69000244140625,201.69000244140625,3314300
2019-05-28,202.0500030517578,202.41000366210938,199.52000427246094,199.6999969482422,199.6999969482422,6914900
2019-05-29,198.9499969482422,199.49000549316406,197.33999633789062,198.52000427246094,198.52000427246094,4625700
2019-05-30,199.05999755859375,200.2100067138672,198.75999450683594,199.74000549316406,199.74000549316406,3646300
2019-05-31,198.32000732421875,198.8300018310547,197.0800018310547,197.4199981689453,197.4199981689453,3685200
2019-06-03,197.6199951171875,198.9199981689453,196.88999938964844,198.55999755859375,198.55999755859375,3979000
2019-06-04,200.6300048828125,201.64999389648438,199.57000732421875,201.58999633789062,201.58999633789062,4112600
2019-06-05,202.3800048828125,203.35000610351562,200.91000366210938,203.3000030517578,203.3000030517578,3210600
2019-06-06,202.89999389648438,205.38999938964844,202.5399932861328,204.77000427246094,204.77000427246094,3005200
2019-06-07,204.9499969482422,206.5399932861328,204.8000030517578,205.80999755859375,205.80999755859375,2672700
2019-06-10,207.1199951171875,208.0800018310547,206.4600067138672,207.16000366210938,207.16000366210938,2865500
2019-06-11,208.5,208.99000549316406,206.0,206.6300048828125,206.6300048828125,2545700
2019-06-12,206.1999969482422,206.60000610351562,203.9199981689453,204.57000732421875,204.57000732421875,2835900
2019-06-13,204.4600067138672,205.75999450683594,204.3000030517578,204.99000549316406,204.99000549316406,2257600
2019-06-14,204.8699951171875,205.85000610351562,203.85000610351562,205.16000366210938,205.16000366210938,2512400
2019-06-17,205.85000610351562,205.85000610351562,203.16000366210938,203.47999572753906,203.47999572753906,2820000
2019-06-18,204.47000122070312,206.4600067138672,203.97999572753906,206.00999450683594,206.00999450683594,3670700
2019-06-19,206.36000061035156,208.30999755859375,206.13999938964844,206.75,206.75,3320600
2019-06-20,208.50999450683594,208.75,206.0399932861328,208.0399932861328,208.0399932861328,3836900
2019-06-21,208.42999267578125,208.72000122070312,206.02999877929688,206.2100067138672,206.2100067138672,5994400
2019-06-24,206.38999938964844,207.58999633789062,205.9600067138672,206.85000610351562,206.85000610351562,3164000
2019-06-25,207.41000366210938,208.47999572753906,206.8000030517578,208.07000732421875,208.07000732421875,3727400
2019-06-26,208.27999877929688,210.0,208.2100067138672,208.50999450683594,208.50999450683594,3937800
2019-06-27,208.97000122070312,212.5399932861328,208.80999755859375,212.02000427246094,212.02000427246094,4182500
2019-06-28,213.0,213.3300018310547,211.32000732421875,213.1699981689453,213.1699981689453,7472400
2019-07-01,214.25,215.2100067138672,213.2100067138672,214.6199951171875,214.6199951171875,3462600
2019-07-02,214.3800048828125,215.58999633789062,213.39999389648438,214.5399932861328,214.5399932861328,3054400
2019-07-03,215.0,215.25,212.66000366210938,215.16000366210938,215.16000366210938,2489100
2019-07-05,215.1300048828125,215.77000427246094,213.89999389648438,215.25,215.25,3324200
2019-07-08,214.0,215.8000030517578,213.91000366210938,215.1300048828125,215.1300048828125,2978400
2019-07-09,213.02000427246094,214.9199981689453,212.97000122070312,214.75,214.75,2687000
2019-07-10,215.2100067138672,216.5800018310547,213.77000427246094,214.02999877929688,214.02999877929688,3705000
2019-07-11,214.30999755859375,214.5500030517578,212.97999572753906,213.1699981689453,213.1699981689453,3119600
2019-07-12,213.1999969482422,214.19000244140625,212.50999450683594,214.10000610351562,214.10000610351562,2360500
2019-07-15,214.44000244140625,214.44000244140625,212.82000732421875,213.5399932861328,213.5399932861328,2715300
2019-07-16,214.2899932861328,215.0399932861328,212.77999877929688,212.8800048828125,212.8800048828125,2709300
2019-07-17,212.52000427246094,212.9600067138672,207.41000366210938,207.4499969482422,207.4499969482422,4324400
2019-07-18,207.52000427246094,209.08999633789062,207.1199951171875,207.97999572753906,207.97999572753906,3610600
2019-07-19,208.11000061035156,208.25,205.64999389648438,205.97000122070312,205.97000122070312,3513100
2019-07-22,205.33999633789062,206.16000366210938,204.36000061035156,204.83999633789062,204.83999633789062,3083900
2019-07-23,205.50999450683594,206.6300048828125,204.9199981689453,206.4600067138672,206.4600067138672,2846200
2019-07-24,205.74000549316406,208.00999450683594,205.6300048828125,207.97000122070312,207.97000122070312,3105200
2019-07-25,208.3699951171875,208.3699951171875,206.52999877929688,207.89999389648438,207.89999389648438,3022200
2019-07-26,207.82000732421875,210.02999877929688,206.75,209.89999389648438,209.89999389648438,3654600
2019-07-29,210.0,210.0,208.4199981689453,208.61000061035156,208.61000061035156,2834100
2019-07-30,207.88999938964844,208.36000061035156,206.86000061035156,207.80999755859375,207.80999755859375,1977500
2019-07-31,207.8000030517578,209.5,205.3000030517578,205.42999267578125,205.42999267578125,4631800
2019-08-01,205.6300048828125,206.97999572753906,201.49000549316406,201.7100067138672,201.7100067138672,4823100
2019-08-02,201.7899932861328,204.42999267578125,199.4199981689453,202.6699981689453,202.6699981689453,5695300
2019-08-05,199.89999389648438,201.10000610351562,197.16000366210938,197.72999572753906,197.72999572753906,7606200
2019-08-06,199.61000061035156,200.92999267578125,197.89999389648438,200.5500030517578,200.5500030517578,5500500
2019-08-07,198.55999755859375,199.3000030517578,195.39999389648438,198.2100067138672,198.2100067138672,5325600
2019-08-08,199.92999267578125,200.8699951171875,198.1199951171875,200.52000427246094,200.52000427246094,4143400
2019-08-09,200.19000244140625,200.5500030517578,197.6699981689453,199.0500030517578,199.0500030517578,4334400
2019-08-12,197.61000061035156,199.47000122070312,196.91000366210938,197.17999267578125,197.17999267578125,2538800
2019-08-13,197.4600067138672,201.0,196.5,198.77999877929688,198.77999877929688,3913600
2019-08-14,195.77999877929688,197.25,195.61000061035156,195.80999755859375,195.80999755859375,5838200
2019-08-15,197.0800018310547,199.0399932861328,196.3800048828125,198.30999755859375,198.30999755859375,4642900
2019-08-16,200.5,200.8800048828125,198.5500030517578,199.72000122070312,199.72000122070312,4786200
2019-08-19,202.72000122070312,203.10000610351562,200.3800048828125,200.94000244140625,200.94000244140625,4216500
2019-08-20,200.27000427246094,200.2899932861328,198.02000427246094,198.14999389648438,198.14999389648438,4043000
2019-08-21,199.00999450683594,199.77000427246094,198.7100067138672,199.24000549316406,199.24000549316406,3531800
2019-08-22,199.8000030517578,201.8699951171875,199.8000030517578,201.00999450683594,201.00999450683594,3214300
2019-08-23,200.19000244140625,200.9199981689453,195.9600067138672,197.16000366210938,197.16000366210938,5946700
2019-08-26,198.6999969482422,200.1999969482422,197.44000244140625,200.1999969482422,200.1999969482422,3094900
2019-08-27,200.75999450683594,201.3000030517578,198.0399932861328,198.35000610351562,198.35000610351562,3069000
2019-08-28,198.02000427246094,200.57000732421875,197.52999877929688,200.4499969482422,200.4499969482422,3404900
2019-08-29,201.7100067138672,203.8000030517578,201.66000366210938,203.1999969482422,203.1999969482422,3328100
2019-08-30,204.02000427246094,204.35000610351562,202.72999572753906,203.41000366210938,203.41000366210938,3632000
2019-09-03,201.19000244140625,201.8300018310547,200.19000244140625,200.89999389648438,200.89999389648438,3637000
2019-09-04,202.72999572753906,202.94000244140625,201.3000030517578,202.19000244140625,202.19000244140625,3209100
2019-09-05,204.1300048828125,206.22000122070312,203.77000427246094,204.24000549316406,204.24000549316406,3968800
2019-09-06,204.44000244140625,205.14999389648438,203.86000061035156,204.72999572753906,204.72999572753906,3409400
2019-09-09,205.50999450683594,207.8000030517578,205.1999969482422,206.6199951171875,206.6199951171875,4565000
2019-09-10,207.30999755859375,208.30999755859375,206.1300048828125,208.30999755859375,208.30999755859375,3878300
2019-09-11,208.27000427246094,210.92999267578125,207.52999877929688,210.91000366210938,210.91000366210938,4437300
2019-09-12,211.0,212.67999267578125,210.72000122070312,211.3699951171875,211.3699951171875,4598400
2019-09-13,212.24000549316406,214.5800018310547,212.22000122070312,213.61000061035156,213.61000061035156,4244700
2019-09-16,212.05999755859375,212.10000610351562,209.94000244140625,210.3300018310547,210.3300018310547,3472600
2019-09-17,210.35000610351562,211.16000366210938,208.67999267578125,210.14999389648438,210.14999389648438,3862700
2019-09-18,209.88999938964844,211.32000732421875,209.1199951171875,210.89999389648438,210.89999389648438,2732800
2019-09-19,210.77999877929688,211.44000244140625,208.89999389648438,209.22000122070312,209.22000122070312,2735500
2019-09-20,210.3699951171875,210.3699951171875,207.27000427246094,208.1199951171875,208.1199951171875,10700800
2019-09-23,207.02000427246094,208.52999877929688,206.39999389648438,207.9600067138672,207.9600067138672,3075800
2019-09-24,208.1699981689453,208.88999938964844,205.74000549316406,206.39999389648438,206.39999389648438,3709800
2019-09-25,206.5,209.44000244140625,206.22999572753906,208.11000061035156,208.11000061035156,3291900
2019-09-26,208.19000244140625,208.19000244140625,206.35000610351562,206.89999389648438,206.89999389648438,2823000
2019-09-27,207.72999572753906,208.63999938964844,206.5399932861328,207.4499969482422,207.4499969482422,2843500
2019-09-30,207.77000427246094,208.6999969482422,207.52999877929688,208.02000427246094,208.02000427246094,3167500
2019-10-01,208.94000244140625,209.66000366210938,206.44000244140625,206.7100067138672,206.7100067138672,3511800
2019-10-02,206.08999633789062,206.08999633789062,202.3800048828125,203.10000610351562,203.10000610351562,5938500
2019-10-03,202.64999389648438,205.08999633789062,201.3300018310547,204.97999572753906,204.97999572753906,4307600
2019-10-04,205.08999633789062,208.27999877929688,205.0500030517578,208.0800018310547,208.0800018310547,3571900
2019-10-07,207.36000061035156,209.60000610351562,206.19000244140625,207.24000549316406,207.24000549316406,2720600
2019-10-08,205.6199951171875,206.13999938964844,203.92999267578125,204.08999633789062,204.08999633789062,4185500
2019-10-09,204.94000244140625,207.22999572753906,204.72999572753906,206.69000244140625,206.69000244140625,3206900
2019-10-10,206.3699951171875,208.19000244140625,206.0800018310547,206.86000061035156,206.86000061035156,2979200
2019-10-11,208.97000122070312,210.0800018310547,207.72999572753906,208.0800018310547,208.0800018310547,4408400
2019-10-14,208.00999450683594,208.07000732421875,206.92999267578125,207.91000366210938,207.91000366210938,1902600
2019-10-15,207.72999572753906,210.14999389648438,207.57000732421875,209.3800048828125,209.3800048828125,3055400
2019-10-16,208.3699951171875,209.97000122070312,208.3699951171875,209.2899932861328,209.2899932861328,3233900
2019-10-17,209.25999450683594,209.97999572753906,208.50999450683594,208.6199951171875,208.6199951171875,3575400
2019-10-18,208.4499969482422,209.6199951171875,208.1999969482422,208.75999450683594,208.75999450683594,3581400
2019-10-21,210.0,211.5399932861328,209.75999450683594,211.49000549316406,211.49000549316406,3337300
2019-10-22,211.02999877929688,211.97000122070312,210.47000122070312,210.6199951171875,210.6199951171875,2716800
2019-10-23,210.5,211.00999450683594,209.5399932861328,210.9600067138672,210.9600067138672,2413800
2019-10-24,211.16000366210938,211.32000732421875,209.72000122070312,210.25999450683594,210.25999450683594,3147200
2019-10-25,209.8699951171875,212.3300018310547,209.75,211.8000030517578,211.8000030517578,2539200
2019-10-28,212.30999755859375,213.33999633789062,212.13999938964844,212.86000061035156,212.86000061035156,3521900
2019-10-29,212.3800048828125,213.1699981689453,211.61000061035156,213.00999450683594,213.00999450683594,2630400
2019-10-30,212.99000549316406,213.42999267578125,211.6699981689453,213.25,213.25,3296900
2019-10-31,213.00999450683594,213.7100067138672,211.5399932861328,212.5800018310547,212.5800018310547,4305500
2019-11-01,213.5500030517578,216.6300048828125,213.39999389648438,215.8300018310547,215.8300018310547,4777800
2019-11-04,217.77000427246094,218.6199951171875,216.97999572753906,217.97999572753906,217.97999572753906,4149200
2019-11-05,218.69000244140625,221.67999267578125,218.42999267578125,220.8800048828125,220.8800048828125,5321800
2019-11-06,221.08999633789062,222.02999877929688,220.11000061035156,222.0,222.0,3662900
2019-11-07,222.80999755859375,223.3699951171875,221.6699981689453,222.74000549316406,222.74000549316406,4394900
2019-11-08,222.75,223.0,219.88999938964844,221.30999755859375,221.30999755859375,3346100
2019-11-11,220.1999969482422,221.08999633789062,219.8699951171875,220.85000610351562,220.85000610351562,2380400
2019-11-12,220.97999572753906,222.19000244140625,220.5399932861328,220.88999938964844,220.88999938964844,2657700
2019-11-13,219.72000122070312,220.27000427246094,218.61000061035156,219.77000427246094,219.77000427246094,3190700
2019-11-14,219.77000427246094,219.8699951171875,217.91000366210938,219.36000061035156,219.36000061035156,2831200
2019-11-15,220.17999267578125,220.42999267578125,218.74000549316406,219.74000549316406,219.74000549316406,3477000
2019-11-18,219.9499969482422,220.0500030517578,218.38999938964844,219.35000610351562,219.35000610351562,3894200
2019-11-19,219.92999267578125,220.0,218.77999877929688,219.02999877929688,219.02999877929688,3378100
2019-11-20,218.00999450683594,218.3699951171875,216.00999450683594,217.47999572753906,217.47999572753906,4966000
2019-11-21,217.3000030517578,217.7100067138672,216.3000030517578,216.6300048828125,216.6300048828125,3707600
2019-11-22,216.9600067138672,217.99000549316406,216.8000030517578,217.9600067138672,217.9600067138672,2392800
2019-11-25,218.74000549316406,219.38999938964844,218.25999450683594,219.05999755859375,219.05999755859375,3648500
2019-11-26,219.11000061035156,219.1999969482422,217.72000122070312,218.89999389648438,218.89999389648438,3717800
2019-11-27,219.25,220.58999633789062,218.47999572753906,220.5,220.5,3945500
2019-11-29,220.5,220.5800018310547,219.8300018310547,220.3000030517578,220.3000030517578,2256500
2019-12-02,220.60000610351562,221.3800048828125,220.11000061035156,220.3300018310547,220.3300018310547,3888100
2019-12-03,218.82000732421875,218.89999389648438,216.39999389648438,218.0800018310547,218.0800018310547,4480100
2019-12-04,217.9499969482422,218.8800048828125,217.5399932861328,218.39999389648438,218.39999389648438,2667700
2019-12-05,218.99000549316406,219.75,218.0500030517578,219.60000610351562,219.60000610351562,2319300
2019-12-06,221.63999938964844,223.0,221.3300018310547,222.61000061035156,222.61000061035156,3447700
2019-12-09,222.7100067138672,223.3000030517578,221.19000244140625,221.3800048828125,221.3800048828125,2601000
2019-12-10,222.07000732421875,222.07000732421875,220.2100067138672,221.25999450683594,221.25999450683594,2688900
2019-12-11,221.2100067138672,222.64999389648438,221.00999450683594,222.57000732421875,222.57000732421875,3546600
2019-12-12,222.8800048828125,226.52000427246094,222.52999877929688,225.9199981689453,225.9199981689453,5121900
2019-12-13,225.9199981689453,226.5,223.9600067138672,225.3699951171875,225.3699951171875,3160500
2019-12-16,226.77000427246094,227.80999755859375,226.2899932861328,226.85000610351562,226.85000610351562,4278800
2019-12-17,227.27000427246094,228.22999572753906,226.5500030517578,227.0500030517578,227.0500030517578,4867400
2019-12-18,227.05999755859375,227.1999969482422,224.88999938964844,225.00999450683594,225.00999450683594,5962300
2019-12-19,224.66000366210938,225.66000366210938,224.16000366210938,225.2100067138672,225.2100067138672,4432600
2019-12-20,226.24000549316406,227.8000030517578,225.55999755859375,226.30999755859375,226.30999755859375,11572200
2019-12-23,226.61000061035156,226.6699981689453,224.92999267578125,225.47999572753906,225.47999572753906,3504100
2019-12-24,225.24000549316406,225.64999389648438,224.8800048828125,225.47000122070312,225.47000122070312,961100
2019-12-26,225.9199981689453,226.50999450683594,225.63999938964844,226.4499969482422,226.4499969482422,1725700
2019-12-27,226.86000061035156,226.97000122070312,225.57000732421875,226.13999938964844,226.13999938964844,2769400
2019-12-30,226.13999938964844,226.60000610351562,224.6699981689453,225.75999450683594,225.75999450683594,2769700
2019-12-31,226.16000366210938,226.72000122070312,225.13999938964844,226.5,226.5,3145200
2020-01-02,227.50999450683594,228.38999938964844,226.7100067138672,228.38999938964844,228.38999938964844,3764000
2020-01-03,225.69000244140625,227.42999267578125,225.47999572753906,226.17999267578125,226.17999267578125,3023900
2020-01-06,224.99000549316406,227.1300048828125,224.6999969482422,226.99000549316406,226.99000549316406,4263000
2020-01-07,227.25999450683594,227.25999450683594,225.44000244140625,225.9199981689453,225.9199981689453,3517000
2020-01-08,226.02999877929688,227.83999633789062,225.8699951171875,225.99000549316406,225.99000549316406,3780300
2020-01-09,226.9199981689453,228.85000610351562,226.9199981689453,228.64999389648438,228.64999389648438,3497300
2020-01-10,228.5,228.52999877929688,226.58999633789062,226.6199951171875,226.6199951171875,2572900
2020-01-13,227.0500030517578,228.47000122070312,226.1300048828125,228.4499969482422,228.4499969482422,3286700
2020-01-14,227.85000610351562,228.38999938964844,226.8800048828125,227.1699981689453,227.1699981689453,3355400
2020-01-15,226.8000030517578,228.63999938964844,226.77999877929688,228.35000610351562,228.35000610351562,2662500
2020-01-16,229.33999633789062,230.02999877929688,228.52000427246094,229.72999572753906,229.72999572753906,3036400
2020-01-17,230.1300048828125,231.61000061035156,229.5500030517578,230.1999969482422,230.1999969482422,6603800
2020-01-21,229.85000610351562,231.1300048828125,227.9499969482422,228.6300048828125,228.6300048828125,5840700
2020-01-22,229.0,230.3800048828125,228.41000366210938,229.5399932861328,229.5399932861328,3164300
2020-01-23,229.42999267578125,229.77000427246094,227.35000610351562,229.3800048828125,229.3800048828125,4750000
2020-01-24,229.39999389648438,229.41000366210938,226.0399932861328,226.86000061035156,226.86000061035156,4022500
2020-01-27,223.6999969482422,223.89999389648438,221.11000061035156,222.4499969482422,222.4499969482422,5454000
2020-01-28,223.44000244140625,225.35000610351562,223.16000366210938,224.02999877929688,224.02999877929688,3609300
2020-01-29,224.75,226.39999389648438,224.30999755859375,224.5,224.5,2310400
2020-01-30,223.11000061035156,228.0800018310547,222.47999572753906,227.8800048828125,227.8800048828125,3350900
2020-01-31,226.49000549316406,226.97000122070312,223.42999267578125,224.42999267578125,224.42999267578125,3948200
2020-02-03,225.47999572753906,226.32000732421875,223.0,223.47000122070312,223.47000122070312,3525000
2020-02-04,226.14999389648438,226.94000244140625,224.7899932861328,225.0800018310547,225.0800018310547,3642600
2020-02-05,226.91000366210938,228.67999267578125,226.75,228.64999389648438,228.64999389648438,3360500
2020-02-06,229.55999755859375,230.0800018310547,228.52999877929688,229.61000061035156,229.61000061035156,2799400
2020-02-07,228.07000732421875,228.6199951171875,226.6699981689453,227.3800048828125,227.3800048828125,2882800
2020-02-10,227.1699981689453,227.75,225.1300048828125,227.11000061035156,227.11000061035156,2944600
2020-02-11,228.58999633789062,228.58999633789062,227.02000427246094,227.3300018310547,227.3300018310547,2916400
2020-02-12,227.60000610351562,228.83999633789062,226.91000366210938,227.44000244140625,227.44000244140625,3785200
2020-02-13,226.52999877929688,227.39999389648438,226.10000610351562,226.47000122070312,226.47000122070312,2838500
2020-02-14,226.49000549316406,227.13999938964844,225.52000427246094,226.8000030517578,226.8000030517578,2506200
2020-02-18,226.38999938964844,227.3800048828125,225.27000427246094,226.77000427246094,226.77000427246094,3153000
2020-02-19,227.67999267578125,229.7100067138672,226.92999267578125,229.24000549316406,229.24000549316406,3187000
2020-02-20,229.75999450683594,229.7899932861328,227.14999389648438,228.1699981689453,228.1699981689453,3547700
2020-02-21,227.52999877929688,230.07000732421875,226.97999572753906,229.3300018310547,229.3300018310547,4699100
2020-02-24,221.30999755859375,223.94000244140625,220.27000427246094,221.69000244140625,221.69000244140625,7932400
2020-02-25,222.1999969482422,223.24000549316406,216.75999450683594,218.0500030517578,218.0500030517578,8558600
2020-02-26,219.64999389648438,220.6300048828125,215.94000244140625,216.05999755859375,216.05999755859375,6901700
2020-02-27,212.89999389648438,214.3800048828125,207.27999877929688,207.6699981689453,207.6699981689453,10941800
2020-02-28,201.9199981689453,206.44000244140625,199.67999267578125,206.33999633789062,206.33999633789062,15147200
2020-03-02,207.25,218.8000030517578,204.42999267578125,217.6300048828125,217.6300048828125,10395800
2020-03-03,217.38999938964844,218.14999389648438,206.1999969482422,208.80999755859375,208.80999755859375,10716100
2020-03-04,212.13999938964844,218.33999633789062,209.25999450683594,217.86000061035156,217.86000061035156,7408700
2020-03-05,212.5500030517578,212.75,207.00999450683594,208.9600067138672,208.9600067138672,8112700
2020-03-06,203.47999572753906,207.41000366210938,202.35000610351562,205.97999572753906,205.97999572753906,9443500
2020-03-09,195.0,198.47999572753906,192.25999450683594,193.1300048828125,193.1300048828125,13950500
2020-03-10,201.35000610351562,202.86000061035156,195.0500030517578,202.72999572753906,202.72999572753906,10929200
2020-03-11,197.32000732421875,198.1300048828125,192.8699951171875,194.63999938964844,194.63999938964844,9573900
2020-03-12,183.60000610351562,187.6699981689453,175.0,175.97000122070312,175.97000122070312,22293800
2020-03-13,187.4499969482422,196.5,178.41000366210938,196.39999389648438,196.39999389648438,14859100
2020-03-16,174.0,188.3800048828125,173.6199951171875,177.77000427246094,177.77000427246094,14168600
2020-03-17,181.8800048828125,187.80999755859375,177.0,187.60000610351562,187.60000610351562,15072400
2020-03-18,177.2899932861328,181.38999938964844,167.0,172.44000244140625,172.44000244140625,16669300
2020-03-19,170.2100067138672,176.17999267578125,166.0,174.67999267578125,174.67999267578125,12488100
2020-03-20,176.3000030517578,177.17999267578125,167.2899932861328,170.05999755859375,170.05999755859375,15213600
2020-03-23,165.3000030517578,166.69000244140625,159.5,162.1300048828125,162.1300048828125,16501500
2020-03-24,170.91000366210938,179.13999938964844,169.52999877929688,178.1999969482422,178.1999969482422,14075100
2020-03-25,180.00999450683594,189.07000732421875,175.1699981689453,180.47000122070312,180.47000122070312,13851200
2020-03-26,181.2899932861328,184.9600067138672,179.58999633789062,183.89999389648438,183.89999389648438,14131400
2020-03-27,178.5,184.24000549316406,176.72000122070312,179.66000366210938,179.66000366210938,10259500
2020-03-30,180.0399932861328,184.11000061035156,178.0,183.17999267578125,183.17999267578125,7672600
2020-03-31,182.0500030517578,186.1699981689453,180.57000732421875,182.8300018310547,182.8300018310547,8996800
2020-04-01,176.17999267578125,178.6699981689453,174.19000244140625,175.9499969482422,175.9499969482422,8682700
2020-04-02,175.0,180.30999755859375,174.22999572753906,179.72999572753906,179.72999572753906,7271900
2020-04-03,178.58999633789062,180.22000122070312,175.44000244140625,178.33999633789062,178.33999633789062,6643700
2020-04-06,184.61000061035156,186.41000366210938,180.49000549316406,185.24000549316406,185.24000549316406,9935500
2020-04-07,191.99000549316406,192.0,184.89999389648438,185.25,185.25,8148200
2020-04-08,187.5500030517578,191.4199981689453,185.13999938964844,191.00999450683594,191.00999450683594,6109900
2020-04-09,194.0,197.22999572753906,191.4499969482422,193.83999633789062,193.83999633789062,10519600
2020-04-13,193.85000610351562,193.85000610351562,186.0800018310547,188.77000427246094,188.77000427246094,7888600
2020-04-14,193.32000732421875,194.16000366210938,190.82000732421875,192.94000244140625,192.94000244140625,7032000
2020-04-15,188.55999755859375,189.58999633789062,187.47000122070312,188.57000732421875,188.57000732421875,6138300
2020-04-16,188.89999389648438,188.99000549316406,185.8000030517578,187.9600067138672,187.9600067138672,6228200
2020-04-17,192.88999938964844,192.89999389648438,189.02000427246094,191.1999969482422,191.1999969482422,8272200
2020-04-20,188.72000122070312,189.35000610351562,187.3000030517578,188.75,188.75,6474700
2020-04-21,184.1699981689453,185.77999877929688,183.27999877929688,183.47999572753906,183.47999572753906,5882500
2020-04-22,186.4600067138672,187.3699951171875,185.33999633789062,186.5800018310547,186.5800018310547,5470000
2020-04-23,186.99000549316406,187.35000610351562,184.5,185.6300048828125,185.6300048828125,6211900
2020-04-24,187.0800018310547,187.27999877929688,184.4199981689453,186.52000427246094,186.52000427246094,5205500
2020-04-27,187.77999877929688,189.3699951171875,186.35000610351562,187.4600067138672,187.4600067138672,6622400
2020-04-28,190.5399932861328,191.0,187.0,187.1199951171875,187.1199951171875,6674600
2020-04-29,190.63999938964844,192.67999267578125,188.92999267578125,189.61000061035156,189.61000061035156,7645000
2020-04-30,188.3000030517578,189.8699951171875,186.7100067138672,187.36000061035156,187.36000061035156,8217800
2020-05-01,185.2100067138672,185.88999938964844,181.63999938964844,182.6699981689453,182.6699981689453,7513700
2020-05-04,179.77999877929688,180.36000061035156,176.33999633789062,177.9499969482422,177.9499969482422,9448600
2020-05-05,180.0500030517578,180.22999572753906,175.92999267578125,176.02999877929688,176.02999877929688,9016300
2020-05-06,176.94000244140625,177.0399932861328,172.33999633789062,172.3800048828125,172.3800048828125,9003000
2020-05-07,173.39999389648438,175.3800048828125,173.0500030517578,173.47999572753906,173.47999572753906,6698000
2020-05-08,176.7100067138672,177.25999450683594,174.27999877929688,176.8300018310547,176.8300018310547,5793600
2020-05-11,175.22999572753906,175.9600067138672,173.61000061035156,174.63999938964844,174.63999938964844,9235700
2020-05-12,175.1999969482422,175.7100067138672,172.72999572753906,172.80999755859375,172.80999755859375,6470900
2020-05-13,172.0,172.61000061035156,169.44000244140625,170.57000732421875,170.57000732421875,10258900
2020-05-14,168.8000030517578,171.39999389648438,167.0399932861328,170.92999267578125,170.92999267578125,7013600
2020-05-15,169.82000732421875,170.66000366210938,168.52000427246094,169.25,169.25,5937500
2020-05-18,174.0,176.8699951171875,172.30999755859375,175.4600067138672,175.4600067138672,7458900
2020-05-19,174.1199951171875,174.8699951171875,172.33999633789062,172.49000549316406,172.49000549316406,5574800
2020-05-20,174.61000061035156,176.8699951171875,174.2899932861328,176.02000427246094,176.02000427246094,5455600
2020-05-21,175.74000549316406,176.64999389648438,174.47000122070312,174.94000244140625,174.94000244140625,4059900
2020-05-22,174.86000061035156,175.1199951171875,173.2100067138672,174.92999267578125,174.92999267578125,3584800
2020-05-26,179.99000549316406,181.69000244140625,178.67999267578125,180.33999633789062,180.33999633789062,7107600
2020-05-27,184.6699981689453,185.97999572753906,183.8000030517578,185.77000427246094,185.77000427246094,7410500
2020-05-28,187.24000549316406,187.27999877929688,183.9199981689453,185.10000610351562,185.10000610351562,6313100
2020-05-29,183.0800018310547,185.8699951171875,182.52999877929688,185.5800018310547,185.5800018310547,10630200
2020-06-01,185.52999877929688,185.7100067138672,183.19000244140625,183.83999633789062,183.83999633789062,5718800
2020-06-02,183.99000549316406,186.44000244140625,183.99000549316406,185.94000244140625,185.94000244140625,5803000
2020-06-03,188.75,191.6199951171875,187.80999755859375,190.82000732421875,190.82000732421875,6706700
2020-06-04,190.41000366210938,192.11000061035156,189.69000244140625,192.0500030517578,192.0500030517578,5809800
2020-06-05,197.8800048828125,201.49000549316406,196.22000122070312,200.66000366210938,200.66000366210938,10390400
2020-06-08,202.33999633789062,203.3300018310547,199.55999755859375,201.55999755859375,201.55999755859375,6695100
2020-06-09,197.14999389648438,198.7899932861328,195.8300018310547,196.07000732421875,196.07000732421875,7711800
2020-06-10,195.85000610351562,196.33999633789062,191.3699951171875,191.50999450683594,191.50999450683594,7337400
2020-06-11,185.0,186.92999267578125,177.92999267578125,178.02000427246094,178.02000427246094,15372400
2020-06-12,184.02000427246094,184.02000427246094,178.22000122070312,181.2100067138672,181.2100067138672,9476800
2020-06-15,177.0,181.77000427246094,176.0500030517578,181.5500030517578,181.5500030517578,8105200
2020-06-16,186.5500030517578,186.6999969482422,179.75,182.3000030517578,182.3000030517578,9407600
2020-06-17,183.02999877929688,183.14999389648438,180.11000061035156,180.86000061035156,180.86000061035156,6448500
2020-06-18,179.89999389648438,181.36000061035156,179.0399932861328,180.72999572753906,180.72999572753906,4920900
2020-06-19,183.5,183.8800048828125,179.00999450683594,179.72000122070312,179.72000122070312,8767900
2020-06-22,179.5500030517578,181.8000030517578,178.8699951171875,180.1699981689453,180.1699981689453,5816900
2020-06-23,181.8699951171875,182.38999938964844,180.39999389648438,181.00999450683594,181.00999450683594,6378100
2020-06-24,179.61000061035156,179.64999389648438,177.25999450683594,177.52999877929688,177.52999877929688,8081200
2020-06-25,176.5800018310547,179.72000122070312,176.05999755859375,178.85000610351562,178.85000610351562,6380000
2020-06-26,176.7100067138672,178.6999969482422,174.6300048828125,175.3699951171875,175.3699951171875,14772100
2020-06-29,175.89999389648438,177.22000122070312,175.3300018310547,177.19000244140625,177.19000244140625,5218200
2020-06-30,176.75,179.1199951171875,176.50999450683594,178.50999450683594,178.50999450683594,6763800
2020-07-01,178.41000366210938,180.4499969482422,177.33999633789062,177.99000549316406,177.99000549316406,4619800
2020-07-02,180.4499969482422,180.94000244140625,178.24000549316406,178.8300018310547,178.8300018310547,5163100
2020-07-06,183.10000610351562,183.52000427246094,181.58999633789062,182.72000122070312,182.72000122070312,6443300
2020-07-07,182.02000427246094,182.49000549316406,180.60000610351562,181.14999389648438,181.14999389648438,4952100
2020-07-08,180.4199981689453,182.30999755859375,179.77000427246094,181.1999969482422,181.1999969482422,5547800
2020-07-09,181.7899932861328,181.8800048828125,177.77000427246094,178.8000030517578,178.8000030517578,5420600
2020-07-10,178.25999450683594,182.9600067138672,178.08999633789062,182.89999389648438,182.89999389648438,5482300
2020-07-13,183.80999755859375,185.82000732421875,183.30999755859375,184.1300048828125,184.1300048828125,7885600
2020-07-14,182.4199981689453,190.0800018310547,182.4199981689453,189.7100067138672,189.7100067138672,14683400
2020-07-15,192.63999938964844,193.0500030517578,188.75,190.55999755859375,190.55999755859375,7558200
2020-07-16,188.32000732421875,191.92999267578125,188.32000732421875,191.00999450683594,191.00999450683594,4771300
2020-07-17,191.77000427246094,192.1199951171875,190.47000122070312,190.75999450683594,190.75999450683594,5186800
2020-07-20,190.02000427246094,191.22999572753906,189.47999572753906,190.47999572753906,190.47999572753906,4089400
2020-07-21,190.39999389648438,193.4499969482422,190.39999389648438,192.27000427246094,192.27000427246094,5256300
2020-07-22,191.77999877929688,192.24000549316406,190.6300048828125,192.10000610351562,192.10000610351562,4182700
2020-07-23,191.7100067138672,193.38999938964844,191.47999572753906,193.25,193.25,6036800
2020-07-24,193.25,196.27999877929688,193.0500030517578,194.52000427246094,194.52000427246094,5140800
2020-07-27,193.8300018310547,193.99000549316406,191.77000427246094,192.13999938964844,192.13999938964844,4309100
2020-07-28,190.89999389648438,194.4600067138672,190.61000061035156,194.1199951171875,194.1199951171875,4412300
2020-07-29,194.02999877929688,196.6699981689453,193.72999572753906,196.41000366210938,196.41000366210938,4067300
2020-07-30,193.42999267578125,194.57000732421875,192.25,194.3000030517578,194.3000030517578,4819600
2020-07-31,195.05999755859375,196.0,193.3300018310547,195.77999877929688,195.77999877929688,5936500
2020-08-03,197.27999877929688,200.67999267578125,196.0,199.25999450683594,199.25999450683594,6251000
2020-08-04,198.97000122070312,200.30999755859375,198.11000061035156,200.24000549316406,200.24000549316406,3838800
2020-08-05,201.44000244140625,204.69000244140625,201.0,203.6199951171875,203.6199951171875,5184500
2020-08-06,203.0,205.38999938964844,202.6999969482422,205.02000427246094,205.02000427246094,3380700
2020-08-07,204.1999969482422,209.75,204.0,209.47999572753906,209.47999572753906,6186000
2020-08-10,211.33999633789062,212.9199981689453,209.39999389648438,212.5800018310547,212.5800018310547,6633800
2020-08-11,214.74000549316406,215.60000610351562,212.24000549316406,212.66000366210938,212.66000366210938,5688200
2020-08-12,213.10000610351562,214.38999938964844,212.30999755859375,213.24000549316406,213.24000549316406,4791900
2020-08-13,212.92999267578125,213.3300018310547,211.66000366210938,211.97999572753906,211.97999572753906,4535600
2020-08-14,211.0399932861328,211.97000122070312,210.25,210.9600067138672,210.9600067138672,3441500
2020-08-17,210.0500030517578,210.82000732421875,206.33999633789062,206.77999877929688,206.77999877929688,5484400
2020-08-18,206.9499969482422,209.75999450683594,206.8000030517578,208.3300018310547,208.3300018310547,3500100
2020-08-19,209.19000244140625,210.2100067138672,206.66000366210938,207.2100067138672,207.2100067138672,5829000
2020-08-20,205.1699981689453,206.7899932861328,204.50999450683594,206.1199951171875,206.1199951171875,4133800
2020-08-21,205.52000427246094,208.39999389648438,205.52000427246094,207.42999267578125,207.42999267578125,4785300
2020-08-24,209.22999572753906,213.3000030517578,208.91000366210938,212.61000061035156,212.61000061035156,5039500
2020-08-25,213.55999755859375,214.0,212.85000610351562,213.35000610351562,213.35000610351562,3675900
2020-08-26,212.97999572753906,215.8300018310547,212.3000030517578,214.66000366210938,214.66000366210938,4639000
2020-08-27,214.99000549316406,217.97999572753906,214.75999450683594,216.8699951171875,216.8699951171875,4814200
2020-08-28,217.50999450683594,218.80999755859375,215.72999572753906,218.5500030517578,218.5500030517578,4290400
2020-08-31,218.6199951171875,219.4499969482422,217.64999389648438,218.0399932861328,218.0399932861328,6131900
2020-09-01,216.9199981689453,218.58999633789062,216.6199951171875,218.5500030517578,218.5500030517578,4134300
2020-09-02,218.1300048828125,222.08999633789062,218.1300048828125,221.67999267578125,221.67999267578125,5493900
2020-09-03,222.0,223.24000549316406,216.42999267578125,218.14999389648438,218.14999389648438,7084700
2020-09-04,219.9499969482422,221.47999572753906,215.05999755859375,218.32000732421875,218.32000732421875,6041400
2020-09-08,217.27999877929688,219.19000244140625,215.33999633789062,217.8000030517578,217.8000030517578,7001200
2020-09-09,218.9499969482422,221.6199951171875,218.52000427246094,219.6300048828125,219.6300048828125,5417000
2020-09-10,220.5399932861328,220.67999267578125,217.14999389648438,217.8000030517578,217.8000030517578,3837300
2020-09-11,218.0,219.27000427246094,216.9199981689453,217.92999267578125,217.92999267578125,3437100
2020-09-14,219.0,221.32000732421875,218.3000030517578,219.94000244140625,219.94000244140625,4068800
2020-09-15,220.0800018310547,221.57000732421875,218.4499969482422,218.94000244140625,218.94000244140625,3855800
2020-09-16,220.27999877929688,222.25999450683594,219.19000244140625,219.58999633789062,219.58999633789062,5658400
2020-09-17,218.4600067138672,218.67999267578125,216.5,218.0500030517578,218.0500030517578,6940800
2020-09-18,219.0800018310547,221.00999450683594,217.8300018310547,218.2100067138672,218.2100067138672,11862200
2020-09-21,214.0,215.4499969482422,208.72999572753906,213.02000427246094,213.02000427246094,8341400
2020-09-22,212.5399932861328,214.75,211.6999969482422,214.16000366210938,214.16000366210938,5289400
2020-09-23,213.94000244140625,214.8800048828125,209.3800048828125,209.61000061035156,209.61000061035156,4421200
2020-09-24,209.13999938964844,210.22999572753906,206.5800018310547,208.72000122070312,208.72000122070312,3962000
2020-09-25,207.0,211.11000061035156,206.82000732421875,210.4499969482422,210.4499969482422,3562400
2020-09-28,213.22000122070312,215.47000122070312,212.02000427246094,213.5399932861328,213.5399932861328,5042800
2020-09-29,213.58999633789062,213.58999633789062,210.24000549316406,210.44000244140625,210.44000244140625,4036900
2020-09-30,211.11000061035156,213.6999969482422,210.75,212.94000244140625,212.94000244140625,5821800
2020-10-01,214.3000030517578,214.38999938964844,210.6199951171875,212.02000427246094,212.02000427246094,4758500
2020-10-02,209.83999633789062,213.67999267578125,209.52999877929688,211.17999267578125,211.17999267578125,4420000
2020-10-05,213.08999633789062,213.89999389648438,212.0500030517578,212.36000061035156,212.36000061035156,3648500
2020-10-06,212.64999389648438,213.47999572753906,209.64999389648438,210.25999450683594,210.25999450683594,5313600
2020-10-07,212.3300018310547,214.6699981689453,211.36000061035156,213.2899932861328,213.2899932861328,3758500
2020-10-08,214.38999938964844,215.69000244140625,213.44000244140625,215.14999389648438,215.14999389648438,3611100
2020-10-09,215.8800048828125,216.2899932861328,214.16000366210938,215.67999267578125,215.67999267578125,3090700
2020-10-12,216.74000549316406,217.42999267578125,215.1199951171875,216.41000366210938,216.41000366210938,3902000
2020-10-13,215.75999450683594,216.3800048828125,212.0,212.30999755859375,212.30999755859375,4848700
2020-10-14,212.02000427246094,212.35000610351562,210.5399932861328,210.91000366210938,210.91000366210938,5026300
2020-10-15,209.27000427246094,211.99000549316406,208.22000122070312,211.64999389648438,211.64999389648438,3063200
2020-10-16,211.83999633789062,213.8300018310547,211.80999755859375,211.91000366210938,211.91000366210938,3630400
2020-10-19,212.16000366210938,212.32000732421875,208.1999969482422,208.99000549316406,208.99000549316406,3410900
2020-10-20,209.6300048828125,211.4499969482422,209.41000366210938,210.05999755859375,210.05999755859375,3888500
2020-10-21,208.97000122070312,211.3800048828125,208.61000061035156,210.17999267578125,210.17999267578125,3192000
2020-10-22,209.6300048828125,211.77999877929688,209.22999572753906,211.61000061035156,211.61000061035156,2949900
2020-10-23,212.42999267578125,213.8699951171875,211.72999572753906,212.7100067138672,212.7100067138672,2830800
2020-10-26,209.63999938964844,210.25999450683594,207.0,208.49000549316406,208.49000549316406,4714100
2020-10-27,208.0,208.47999572753906,206.5800018310547,206.8800048828125,206.8800048828125,3037800
2020-10-28,202.67999267578125,203.8800048828125,199.7899932861328,200.6999969482422,200.6999969482422,7533600
2020-10-29,200.02999877929688,202.9600067138672,197.80999755859375,201.50999450683594,201.50999450683594,5224400
2020-10-30,200.50999450683594,202.27000427246094,198.6999969482422,201.89999389648438,201.89999389648438,5754000
2020-11-02,204.83999633789062,206.17999267578125,203.05999755859375,204.30999755859375,204.30999755859375,5937500
2020-11-03,206.92999267578125,209.8000030517578,206.36000061035156,206.6300048828125,206.6300048828125,5469900
2020-11-04,206.58999633789062,210.14999389648438,204.77999877929688,206.1699981689453,206.1699981689453,5974400
2020-11-05,208.69000244140625,210.86000061035156,206.97000122070312,207.4499969482422,207.4499969482422,5933800
2020-11-06,208.4499969482422,210.25999450683594,207.58999633789062,208.85000610351562,208.85000610351562,4305600
2020-11-09,221.97000122070312,225.22999572753906,218.00999450683594,221.5,221.5,11340800
2020-11-10,221.82000732421875,228.61000061035156,220.94000244140625,228.47999572753906,228.47999572753906,7057300
2020-11-11,228.5,228.97999572753906,225.47000122070312,227.3699951171875,227.3699951171875,4786100
2020-11-12,225.00999450683594,225.8800048828125,223.17999267578125,224.72000122070312,224.72000122070312,5109800
2020-11-13,226.5,228.14999389648438,225.2899932861328,227.4199981689453,227.4199981689453,4789500
2020-11-16,230.5800018310547,233.4600067138672,229.86000061035156,233.10000610351562,233.10000610351562,5766600
2020-11-17,231.92999267578125,234.97000122070312,230.00999450683594,233.16000366210938,233.16000366210938,5038400
2020-11-18,233.57000732421875,234.47999572753906,230.0,230.07000732421875,230.07000732421875,4740600
2020-11-19,229.6699981689453,229.97000122070312,227.6199951171875,229.52999877929688,229.52999877929688,4621800
2020-11-20,228.77999877929688,229.72000122070312,226.77000427246094,227.00999450683594,227.00999450683594,4027300
2020-11-23,229.77000427246094,230.5,228.0399932861328,229.5399932861328,229.5399932861328,3630100
2020-11-24,232.4499969482422,234.99000549316406,231.24000549316406,233.9199981689453,233.9199981689453,4712500
2020-11-25,233.9199981689453,234.0,232.00999450683594,233.1300048828125,233.1300048828125,3249600
2020-11-27,233.10000610351562,234.1699981689453,230.4499969482422,231.5500030517578,231.5500030517578,1935800
2020-11-30,231.19000244140625,231.2899932861328,228.1699981689453,228.91000366210938,228.91000366210938,5989000
2020-12-01,230.22999572753906,231.97999572753906,229.33999633789062,229.67999267578125,229.67999267578125,4442400
2020-12-02,229.8000030517578,230.58999633789062,228.30999755859375,230.4199981689453,230.4199981689453,4679100
2020-12-03,230.0,231.5,228.8699951171875,231.02000427246094,231.02000427246094,4694500
2020-12-04,230.24000549316406,231.88999938964844,230.24000549316406,231.35000610351562,231.35000610351562,4749600
2020-12-07,231.25999450683594,231.25999450683594,228.10000610351562,229.24000549316406,229.24000549316406,4649300
2020-12-08,227.4600067138672,228.74000549316406,226.61000061035156,228.19000244140625,228.19000244140625,4587200
2020-12-09,228.57000732421875,228.89999389648438,226.63999938964844,227.50999450683594,227.50999450683594,4873800
2020-12-10,226.4499969482422,227.8699951171875,225.72999572753906,227.35000610351562,227.35000610351562,4567400
2020-12-11,225.1999969482422,226.72999572753906,224.60000610351562,226.38999938964844,226.38999938964844,4028100
2020-12-14,227.67999267578125,228.05999755859375,222.36000061035156,222.85000610351562,222.85000610351562,6541600
2020-12-15,224.8300018310547,225.86000061035156,222.72999572753906,224.3800048828125,224.3800048828125,5168000
2020-12-16,225.47999572753906,225.47999572753906,221.82000732421875,221.91000366210938,221.91000366210938,7537400
2020-12-17,222.50999450683594,225.02000427246094,221.6699981689453,224.67999267578125,224.67999267578125,7388000
2020-12-18,224.7899932861328,225.1999969482422,221.67999267578125,223.42999267578125,223.42999267578125,20663300
2020-12-21,222.02000427246094,224.1999969482422,221.25999450683594,223.49000549316406,223.49000549316406,7372500
2020-12-22,223.5800018310547,223.75,221.75999450683594,221.8800048828125,221.8800048828125,6157300
2020-12-23,222.6300048828125,224.91000366210938,222.61000061035156,224.24000549316406,224.24000549316406,4983900
2020-12-24,224.60000610351562,227.1300048828125,224.2100067138672,226.52999877929688,226.52999877929688,2387000
2020-12-28,228.08999633789062,230.14999389648438,227.36000061035156,228.41000366210938,228.41000366210938,3505500
2020-12-29,230.5,231.10000610351562,229.10000610351562,229.57000732421875,229.57000732421875,3799500
2020-12-30,229.5399932861328,230.58999633789062,229.0800018310547,229.64999389648438,229.64999389648438,3257400
2020-12-31,229.27999877929688,232.27999877929688,228.88999938964844,231.8699951171875,231.8699951171875,4228100
2021-01-04,231.72999572753906,231.8699951171875,226.85000610351562,228.4499969482422,228.4499969482422,7404900
2021-01-05,228.2100067138672,230.10000610351562,226.85000610351562,227.47000122070312,227.47000122070312,5524900
2021-01-06,229.49000549316406,232.67999267578125,227.5500030517578,230.27000427246094,230.27000427246094,9009400
2021-01-07,232.77999877929688,233.9600067138672,231.3300018310547,232.8800048828125,232.8800048828125,4691600
2021-01-08,233.5399932861328,234.60000610351562,231.72000122070312,234.02999877929688,234.02999877929688,4850400
2021-01-11,231.22000122070312,233.9199981689453,231.02000427246094,233.42999267578125,233.42999267578125,3882000
2021-01-12,233.30999755859375,233.97999572753906,231.6999969482422,233.02999877929688,233.02999877929688,5616600
2021-01-13,232.0,234.9499969482422,231.7100067138672,234.50999450683594,234.50999450683594,3827500
2021-01-14,234.7899932861328,235.6999969482422,233.83999633789062,235.02000427246094,235.02000427246094,4528700
2021-01-15,234.10000610351562,234.58999633789062,231.91000366210938,233.49000549316406,233.49000549316406,5225000
2021-01-19,234.63999938964844,236.24000549316406,231.6999969482422,234.5500030517578,234.5500030517578,5502100
2021-01-20,234.0,235.1999969482422,233.24000549316406,234.75999450683594,234.75999450683594,4876200
2021-01-21,235.22000122070312,236.1999969482422,234.0800018310547,234.16000366210938,234.16000366210938,4317300
2021-01-22,232.5,233.8300018310547,232.2100067138672,232.9199981689453,232.9199981689453,4465000
2021-01-25,231.6699981689453,233.52000427246094,230.4499969482422,233.00999450683594,233.00999450683594,5097700
2021-01-26,233.0,233.5,231.3300018310547,231.57000732421875,231.57000732421875,3944800
2021-01-27,230.0,230.0,226.10000610351562,227.36000061035156,227.36000061035156,8227100
2021-01-28,229.75999450683594,233.50999450683594,228.16000366210938,230.9499969482422,230.9499969482422,5943500
2021-01-29,229.4499969482422,229.97000122070312,227.2100067138672,227.8699951171875,227.8699951171875,6387300
2021-02-01,229.97000122070312,230.5,228.0399932861328,229.32000732421875,229.32000732421875,4068200
2021-02-02,231.2100067138672,233.42999267578125,230.6699981689453,232.24000549316406,232.24000549316406,5300300
2021-02-03,232.39999389648438,233.16000366210938,231.27999877929688,232.67999267578125,232.67999267578125,3805600
2021-02-04,232.83999633789062,235.91000366210938,232.41000366210938,235.77000427246094,235.77000427246094,4438400
2021-02-05,236.97999572753906,236.97999572753906,234.8300018310547,235.16000366210938,235.16000366210938,3812200
2021-02-08,236.0,237.55999755859375,235.35000610351562,237.4199981689453,237.4199981689453,3327300
2021-02-09,237.07000732421875,240.77999877929688,235.66000366210938,239.91000366210938,239.91000366210938,4773400
2021-02-10,241.42999267578125,241.52000427246094,239.0399932861328,239.9199981689453,239.9199981689453,3822600
2021-02-11,239.36000061035156,240.44000244140625,238.8800048828125,239.75999450683594,239.75999450683594,2908500
2021-02-12,238.07000732421875,242.75999450683594,238.02999877929688,242.4600067138672,242.4600067138672,3421800
2021-02-16,244.13999938964844,247.25999450683594,242.82000732421875,245.27999877929688,245.27999877929688,4722200
2021-02-17,244.13999938964844,246.19000244140625,244.0,245.25,245.25,3909500
2021-02-18,244.72999572753906,245.49000549316406,241.6699981689453,243.5,243.5,4031000
2021-02-19,244.1999969482422,244.9499969482422,241.36000061035156,241.85000610351562,241.85000610351562,4252400
2021-02-22,240.88999938964844,245.97999572753906,240.8000030517578,244.97000122070312,244.97000122070312,4009100
2021-02-23,245.55999755859375,246.57000732421875,243.2899932861328,245.52999877929688,245.52999877929688,5454900
2021-02-24,245.14999389648438,249.5500030517578,245.14999389648438,248.4499969482422,248.4499969482422,5105900
2021-02-25,248.07000732421875,250.55999755859375,242.92999267578125,243.69000244140625,243.69000244140625,6455200
2021-02-26,245.14999389648438,245.14999389648438,240.25,240.50999450683594,240.50999450683594,8085300
2021-03-01,246.86000061035156,250.5500030517578,246.08999633789062,249.2100067138672,249.2100067138672,6332300
2021-03-02,249.1199951171875,251.33999633789062,248.3699951171875,249.22000122070312,249.22000122070312,4684500
2021-03-03,249.72999572753906,254.80999755859375,249.2899932861328,251.5500030517578,251.5500030517578,6088300
2021-03-04,251.0800018310547,252.5500030517578,243.22999572753906,245.47999572753906,245.47999572753906,7827000
2021-03-05,248.88999938964844,253.4499969482422,247.3300018310547,253.14999389648438,253.14999389648438,6397000
2021-03-08,255.60000610351562,260.2300109863281,253.72999572753906,257.6099853515625,257.6099853515625,7124300
2021-03-09,258.54998779296875,262.94000244140625,255.61000061035156,259.0199890136719,259.0199890136719,8259300
2021-03-10,260.29998779296875,267.5,259.6400146484375,263.989990234375,263.989990234375,8939300
2021-03-11,264.2200012207031,264.79998779296875,260.4200134277344,260.9100036621094,260.9100036621094,5917600
2021-03-12,262.3999938964844,264.6499938964844,259.6700134277344,260.0199890136719,260.0199890136719,4495400
2021-03-15,260.30999755859375,260.44000244140625,253.52000427246094,254.61000061035156,254.61000061035156,6973400
2021-03-16,254.52999877929688,254.52999877929688,249.82000732421875,251.5,251.5,67200
2021-03-17,252.02000427246094,254.27999877929688,250.66000366210938,252.0,252.0,67700
2021-03-18,253.75999450683594,255.63999938964844,251.3800048828125,252.4600067138672,252.4600067138672,5547300
2021-03-19,252.30999755859375,252.5,248.52000427246094,250.99000549316406,250.99000549316406,16635400
2021-03-22,250.60000610351562,251.6699981689453,248.86000061035156,250.36000061035156,250.36000061035156,5370400
2021-03-23,250.1999969482422,251.1699981689453,247.7100067138672,248.30999755859375,248.30999755859375,4622400
2021-03-24,249.5500030517578,251.88999938964844,248.5,249.6300048828125,249.6300048828125,4165000
2021-03-25,249.3800048828125,251.52999877929688,246.7899932861328,250.75,250.75,5500000
2021-03-26,252.75,257.3900146484375,252.4199981689453,256.7699890136719,256.7699890136719,5799100
2021-03-29,253.92999267578125,260.04998779296875,253.3000030517578,258.82000732421875,258.82000732421875,6642600
2021-03-30,259.94000244140625,261.0,257.239990234375,258.19000244140625,258.19000244140625,3878000
2021-03-31,256.8599853515625,257.67999267578125,255.1699981689453,255.47000122070312,255.47000122070312,6578100
2021-04-01,255.74000549316406,258.4700012207031,254.8000030517578,258.20001220703125,258.20001220703125,5573400
2021-04-05,260.0199890136719,263.3500061035156,260.0,262.6600036621094,262.6600036621094,5049600
2021-04-06,262.8599853515625,263.3399963378906,261.94000244140625,263.05999755859375,263.05999755859375,3060600
2021-04-07,262.989990234375,264.3399963378906,262.3999938964844,263.6199951171875,263.6199951171875,3582700
2021-04-08,262.7200012207031,263.92999267578125,261.9100036621094,263.510009765625,263.510009765625,3113300
2021-04-09,264.2200012207031,266.239990234375,263.3500061035156,266.010009765625,266.010009765625,6052500
2021-04-12,266.5299987792969,268.3399963378906,266.5299987792969,267.92999267578125,267.92999267578125,4292900
2021-04-13,267.4200134277344,268.20001220703125,266.04998779296875,267.1000061035156,267.1000061035156,3556600
2021-04-14,267.30999755859375,268.44000244140625,267.1499938964844,267.5299987792969,267.5299987792969,3119900
2021-04-15,268.05999755859375,269.2799987792969,266.3900146484375,269.1400146484375,269.1400146484375,3919200
2021-04-16,270.4700012207031,272.9700012207031,270.1099853515625,272.1099853515625,272.1099853515625,4710300
2021-04-19,272.29998779296875,272.9200134277344,268.8500061035156,270.2799987792969,270.2799987792969,4235500
2021-04-20,268.5299987792969,269.30999755859375,266.79998779296875,267.8900146484375,267.8900146484375,3740800
2021-04-21,267.79998779296875,272.4599914550781,267.75,272.2099914550781,272.2099914550781,3897100
2021-04-22,272.0400085449219,272.0799865722656,268.7799987792969,269.510009765625,269.510009765625,3732100
2021-04-23,269.8599853515625,272.69000244140625,269.55999755859375,271.9800109863281,271.9800109863281,3684100
2021-04-26,272.2799987792969,273.9800109863281,270.6300048828125,270.8599853515625,270.8599853515625,3569100
2021-04-27,271.07000732421875,274.1600036621094,270.04998779296875,273.6499938964844,273.6499938964844,3173400
2021-04-28,273.5400085449219,273.9599914550781,272.1300048828125,272.95001220703125,272.95001220703125,3176000
2021-04-29,274.4700012207031,277.7900085449219,274.3500061035156,277.6000061035156,277.6000061035156,4540300
2021-04-30,276.2900085449219,277.4100036621094,274.2099914550781,274.95001220703125,274.95001220703125,5212400
2021-05-03,278.54998779296875,281.1199951171875,277.6700134277344,279.17999267578125,279.17999267578125,5184000
2021-05-04,278.5400085449219,280.79998779296875,276.7799987792969,280.260009765625,280.260009765625,4465500
2021-05-05,282.5199890136719,284.239990234375,282.1199951171875,282.760009765625,282.760009765625,4348100
2021-05-06,284.69000244140625,290.0,284.04998779296875,289.7099914550781,289.7099914550781,5962900
2021-05-07,289.9700012207031,291.07000732421875,287.7699890136719,290.92999267578125,290.92999267578125,6099200
2021-05-10,292.3500061035156,295.0799865722656,292.07000732421875,292.3299865722656,292.3299865722656,4537800
2021-05-11,289.8399963378906,290.510009765625,284.2900085449219,285.6300048828125,285.6300048828125,6813500
2021-05-12,285.4599914550781,286.1199951171875,282.54998779296875,282.9100036621094,282.9100036621094,5308800
2021-05-13,282.9100036621094,288.3699951171875,282.8500061035156,286.8999938964844,286.8999938964844,5244100
2021-05-14,288.6700134277344,291.3800048828125,288.6700134277344,290.67999267578125,290.67999267578125,4260600
2021-05-17,289.989990234375,290.4700012207031,288.07000732421875,289.2200012207031,289.2200012207031,3883300
2021-05-18,290.20001220703125,290.30999755859375,287.239990234375,287.5899963378906,287.5899963378906,4356300
2021-05-19,284.1099853515625,286.55999755859375,282.57000732421875,286.2200012207031,286.2200012207031,5271300
2021-05-20,288.4100036621094,289.1400146484375,285.8999938964844,286.7300109863281,286.7300109863281,4141600
2021-05-21,287.1199951171875,289.3500061035156,286.75,287.739990234375,287.739990234375,4230700
2021-05-24,289.1099853515625,290.4100036621094,287.9100036621094,289.7300109863281,289.7300109863281,3973300
2021-05-25,290.19000244140625,291.6000061035156,287.1099853515625,287.20001220703125,287.20001220703125,4752300
2021-05-26,289.6400146484375,289.6400146484375,285.75,287.3299865722656,287.3299865722656,4756300
2021-05-27,288.57000732421875,289.989990234375,286.57000732421875,289.29998779296875,289.29998779296875,6602100
2021-05-28,289.67999267578125,290.4599914550781,288.2300109863281,289.44000244140625,289.44000244140625,4522500
2021-06-01,291.5199890136719,292.07000732421875,288.80999755859375,289.8399963378906,289.8399963378906,3335800
2021-06-02,290.8500061035156,290.8999938964844,289.2200012207031,290.0199890136719,290.0199890136719,3517100
2021-06-03,288.3599853515625,293.2699890136719,288.2799987792969,291.9700012207031,291.9700012207031,4099400
2021-06-04,292.9100036621094,293.0799865722656,291.45001220703125,292.5199890136719,292.5199890136719,3271100
2021-06-07,292.55999755859375,292.5799865722656,288.8399963378906,289.4599914550781,289.4599914550781,4441000
2021-06-08,289.17999267578125,289.8999938964844,285.70001220703125,289.19000244140625,289.19000244140625,5035900
2021-06-09,288.8800048828125,289.0899963378906,287.04998779296875,288.5799865722656,288.5799865722656,3501800
2021-06-10,289.8800048828125,290.80999755859375,284.67999267578125,284.9100036621094,284.9100036621094,4039200
2021-06-11,285.45001220703125,287.3599853515625,285.0199890136719,286.82000732421875,286.82000732421875,3524200
2021-06-14,286.6600036621094,286.8500061035156,281.5199890136719,283.5299987792969,283.5299987792969,6100500
2021-06-15,284.4599914550781,284.9599914550781,282.6499938964844,283.94000244140625,283.94000244140625,3758700
2021-06-16,283.7300109863281,284.79998779296875,281.0799865722656,283.1099853515625,283.1099853515625,5626800
2021-06-17,284.2900085449219,284.5,277.55999755859375,278.69000244140625,278.69000244140625,7134200
2021-06-18,276.5,276.9800109863281,272.4599914550781,274.0400085449219,274.0400085449219,12565800
2021-06-21,275.6199951171875,278.8500061035156,275.42999267578125,277.1000061035156,277.1000061035156,5482700
2021-06-22,277.57000732421875,277.7099914550781,275.92999267578125,276.9200134277344,276.9200134277344,5224700
2021-06-23,276.8900146484375,277.0,274.54998779296875,274.6600036621094,274.6600036621094,4533100
2021-06-24,275.0,276.5799865722656,274.04998779296875,275.489990234375,275.489990234375,5453900
2021-06-25,276.3699951171875,279.30999755859375,275.3500061035156,278.3800048828125,278.3800048828125,5577100
2021-06-28,278.82000732421875,279.05999755859375,275.6000061035156,276.6099853515625,276.6099853515625,4024600
2021-06-29,276.69000244140625,277.9800109863281,275.25,276.2099914550781,276.2099914550781,4470500
2021-06-30,275.8900146484375,278.44000244140625,275.6600036621094,277.9200134277344,277.9200134277344,4474100
2021-07-01,278.20001220703125,280.29998779296875,277.54998779296875,280.1700134277344,280.1700134277344,3647200
2021-07-02,281.4100036621094,281.4100036621094,278.57000732421875,279.1199951171875,279.1199951171875,3682800
2021-07-06,278.2799987792969,278.2799987792969,275.1000061035156,277.32000732421875,277.32000732421875,4401500
2021-07-07,275.989990234375,279.69000244140625,275.79998779296875,279.239990234375,279.239990234375,4412600
2021-07-08,276.989990234375,277.739990234375,273.1600036621094,274.1000061035156,274.1000061035156,5370500
2021-07-09,276.0299987792969,280.8800048828125,275.739990234375,280.489990234375,280.489990234375,4896000
2021-07-12,279.04998779296875,282.2200012207031,278.2699890136719,280.1099853515625,280.1099853515625,4282500
2021-07-13,280.1099853515625,280.4100036621094,278.3599853515625,279.2099914550781,279.2099914550781,3136300
2021-07-14,279.07000732421875,280.760009765625,277.7699890136719,278.30999755859375,278.30999755859375,4108000
2021-07-15,277.1300048828125,280.6400146484375,277.0899963378906,279.7200012207031,279.7200012207031,3274700
2021-07-16,280.92999267578125,280.92999267578125,277.2200012207031,277.8999938964844,277.8999938964844,3436100
2021-07-19,274.2099914550781,275.5,270.7300109863281,272.6600036621094,272.6600036621094,5231900
2021-07-20,272.6600036621094,277.80999755859375,272.0,276.8900146484375,276.8900146484375,4737000
2021-07-21,277.6400146484375,280.9200134277344,277.6300048828125,279.8800048828125,279.8800048828125,3435900
2021-07-22,278.5899963378906,279.2699890136719,277.4200134277344,277.70001220703125,277.70001220703125,2565700
2021-07-23,279.04998779296875,279.9200134277344,277.739990234375,278.489990234375,278.489990234375,3217500
2021-07-26,277.7799987792969,280.25,277.7799987792969,278.79998779296875,278.79998779296875,2423800
2021-07-27,278.07000732421875,281.0899963378906,276.9100036621094,280.7799987792969,280.7799987792969,3390300
2021-07-28,280.79998779296875,280.9800109863281,277.6000061035156,278.1000061035156,278.1000061035156,3794000
2021-07-29,279.2900085449219,281.239990234375,279.0799865722656,279.760009765625,279.760009765625,3543600
2021-07-30,280.010009765625,281.0799865722656,277.6000061035156,278.2900085449219,278.2900085449219,3607400
2021-08-02,279.30999755859375,281.9800109863281,277.7300109863281,278.1400146484375,278.1400146484375,3091200
2021-08-03,279.04998779296875,282.510009765625,276.7699890136719,281.79998779296875,281.79998779296875,3630600
2021-08-04,280.1700134277344,280.9200134277344,278.6400146484375,278.7799987792969,278.7799987792969,3024600
2021-08-05,280.1600036621094,282.0,278.3299865722656,280.2099914550781,280.2099914550781,3584900
2021-08-06,281.82000732421875,285.8299865722656,281.5,285.6300048828125,285.6300048828125,4831900
2021-08-09,287.8599853515625,288.7300109863281,286.05999755859375,287.2300109863281,287.2300109863281,3676500
2021-08-10,287.010009765625,289.05999755859375,286.0,288.94000244140625,288.94000244140625,3134100
2021-08-11,289.45001220703125,291.82000732421875,288.8299865722656,291.2799987792969,291.2799987792969,3475100
2021-08-12,291.80999755859375,291.80999755859375,288.92999267578125,290.239990234375,290.239990234375,3170300
2021-08-13,290.6099853515625,291.04998779296875,287.1199951171875,287.8900146484375,287.8900146484375,3115200
2021-08-16,287.0,289.489990234375,285.2099914550781,289.45001220703125,289.45001220703125,3562300
2021-08-17,288.5299987792969,290.7699890136719,287.6000061035156,289.1000061035156,289.1000061035156,3626300
2021-08-18,289.0,290.07000732421875,285.95001220703125,286.3599853515625,286.3599853515625,3880500
2021-08-19,284.9599914550781,287.1499938964844,283.9800109863281,285.1300048828125,285.1300048828125,3393100
2021-08-20,284.9599914550781,285.9200134277344,283.95001220703125,285.2699890136719,285.2699890136719,2846100
2021-08-23,287.3800048828125,287.3800048828125,285.3900146484375,285.6199951171875,285.6199951171875,2956500
2021-08-24,286.010009765625,286.5799865722656,284.17999267578125,286.0199890136719,286.0199890136719,3185000
2021-08-25,286.20001220703125,288.55999755859375,285.2200012207031,287.29998779296875,287.29998779296875,2973300
2021-08-26,288.1600036621094,288.1700134277344,284.989990234375,285.2699890136719,285.2699890136719,3340300
2021-08-27,285.6199951171875,286.7099914550781,285.1199951171875,286.6000061035156,286.6000061035156,3484400
2021-08-30,286.29998779296875,287.0400085449219,285.0199890136719,285.6600036621094,285.6600036621094,3505200
2021-08-31,285.2799987792969,286.3299865722656,284.760009765625,285.7699890136719,285.7699890136719,6497800
2021-09-01,286.5899963378906,287.1400146484375,284.8500061035156,285.260009765625,285.260009765625,3323200
2021-09-02,285.3500061035156,286.44000244140625,284.2099914550781,285.04998779296875,285.04998779296875,3969800
2021-09-03,284.29998779296875,284.82000732421875,281.7099914550781,281.8900146484375,281.8900146484375,4495100
2021-09-07,281.9100036621094,281.9100036621094,278.7300109863281,278.8999938964844,278.8999938964844,4863900
2021-09-08,278.17999267578125,279.95001220703125,277.5899963378906,279.3399963378906,279.3399963378906,4646800
2021-09-09,278.9100036621094,280.1099853515625,278.3699951171875,278.6099853515625,278.6099853515625,3683700
2021-09-10,279.9700012207031,279.9700012207031,277.489990234375,277.6000061035156,277.6000061035156,4552300
2021-09-13,278.3599853515625,280.8399963378906,277.82000732421875,279.9200134277344,279.9200134277344,4601900
2021-09-14,280.5400085449219,280.7799987792969,276.3599853515625,277.20001220703125,277.20001220703125,5283200
2021-09-15,277.6000061035156,279.05999755859375,276.6700134277344,278.17999267578125,278.17999267578125,3883500
2021-09-16,278.9599914550781,279.2099914550781,276.2099914550781,277.510009765625,277.510009765625,4210000
2021-09-17,277.6400146484375,281.0,275.4200134277344,276.760009765625,276.760009765625,15863300
2021-09-20,273.04998779296875,274.9100036621094,271.3599853515625,274.20001220703125,274.20001220703125,7644000
2021-09-21,276.0299987792969,276.2200012207031,272.5899963378906,273.17999267578125,273.17999267578125,4648400
2021-09-22,276.2799987792969,276.6099853515625,273.6700134277344,274.07000732421875,274.07000732421875,5018400
2021-09-23,275.1499938964844,279.70001220703125,275.010009765625,278.1199951171875,278.1199951171875,4731600
2021-09-24,278.29998779296875,279.1300048828125,277.4100036621094,277.8699951171875,277.8699951171875,3106100
2021-09-27,279.7699890136719,280.6300048828125,278.1199951171875,279.7200012207031,279.7200012207031,3358400
2021-09-28,279.1400146484375,281.3800048828125,275.82000732421875,276.7900085449219,276.7900085449219,4959500
2021-09-29,277.0299987792969,278.7799987792969,275.95001220703125,277.2900085449219,277.2900085449219,2952000
2021-09-30,278.3699951171875,278.3699951171875,272.8399963378906,272.94000244140625,272.94000244140625,5187900
2021-10-01,273.0199890136719,277.510009765625,272.2200012207031,275.7099914550781,275.7099914550781,3950700
2021-10-04,274.67999267578125,276.9599914550781,273.04998779296875,273.6400146484375,273.6400146484375,4307000
2021-10-05,273.8599853515625,279.6700134277344,273.20001220703125,278.04998779296875,278.04998779296875,5069400
2021-10-06,276.2799987792969,280.3900146484375,274.6099853515625,280.2200012207031,280.2200012207031,3866100
2021-10-07,282.1400146484375,284.989990234375,282.1400146484375,282.95001220703125,282.95001220703125,3794200
2021-10-08,282.5899963378906,284.7200012207031,281.7099914550781,284.1400146484375,284.1400146484375,2299900
2021-10-11,284.42999267578125,285.6099853515625,280.79998779296875,280.92999267578125,280.92999267578125,2907900
2021-10-12,281.4599914550781,281.5199890136719,278.2099914550781,278.6199951171875,278.6199951171875,3770800
2021-10-13,278.4700012207031,279.4100036621094,275.54998779296875,277.8999938964844,277.8999938964844,3311400
2021-10-14,280.80999755859375,282.3800048828125,279.29998779296875,281.6400146484375,281.6400146484375,3646400
2021-10-15,283.94000244140625,284.9700012207031,282.2699890136719,284.2099914550781,284.2099914550781,4313700
2021-10-18,282.8299865722656,283.510009765625,281.57000732421875,282.5899963378906,282.5899963378906,3551500
2021-10-19,283.6000061035156,285.1499938964844,283.04998779296875,284.8299865722656,284.8299865722656,2682700
2021-10-20,284.3399963378906,287.70001220703125,284.32000732421875,287.489990234375,287.489990234375,3147600
2021-10-21,286.989990234375,287.2799987792969,285.25,286.82000732421875,286.82000732421875,2488800
2021-10-22,287.6600036621094,289.79998779296875,286.239990234375,289.239990234375,289.239990234375,3406500
2021-10-25,289.70001220703125,290.4700012207031,287.6000061035156,290.260009765625,290.260009765625,3142900
2021-10-26,290.6499938964844,292.2200012207031,290.29998779296875,290.8500061035156,290.8500061035156,3872300
2021-10-27,290.8500061035156,290.95001220703125,287.6400146484375,287.7799987792969,287.7799987792969,3691500
2021-10-28,288.2099914550781,289.8599853515625,287.20001220703125,289.7200012207031,289.7200012207031,3300100
2021-10-29,288.80999755859375,290.0,286.739990234375,287.010009765625,287.010009765625,4420300
2021-11-01,288.04998779296875,288.4200134277344,285.6199951171875,286.239990234375,286.239990234375,2889500
2021-11-02,286.6099853515625,288.5,285.2200012207031,287.92999267578125,287.92999267578125,3838300
2021-11-03,287.2099914550781,288.8800048828125,286.1300048828125,288.7200012207031,288.7200012207031,2773100
2021-11-04,289.1300048828125,289.1300048828125,285.25,287.69000244140625,287.69000244140625,3426300
2021-11-05,288.8299865722656,290.70001220703125,286.82000732421875,287.8800048828125,287.8800048828125,3581100
2021-11-08,290.0,295.6499938964844,288.6099853515625,288.79998779296875,288.79998779296875,4721000
2021-11-09,288.7900085449219,288.989990234375,285.29998779296875,286.3500061035156,286.3500061035156,3587200
2021-11-10,286.489990234375,287.239990234375,284.5199890136719,285.32000732421875,285.32000732421875,3421700
2021-11-11,286.5,287.07000732421875,284.25,284.6499938964844,284.6499938964844,2861000
2021-11-12,284.8800048828125,286.1000061035156,283.79998779296875,285.989990234375,285.989990234375,2917000
2021-11-15,286.6000061035156,286.989990234375,284.239990234375,284.6700134277344,284.6700134277344,3217300
2021-11-16,284.4700012207031,285.1600036621094,283.1199951171875,283.3599853515625,283.3599853515625,4204200
2021-11-17,283.1199951171875,283.1199951171875,280.8999938964844,281.5899963378906,281.5899963378906,3740800
2021-11-18,281.1000061035156,281.75,279.25,280.6300048828125,280.6300048828125,3338000
2021-11-19,280.9599914550781,280.9700012207031,278.010009765625,279.989990234375,279.989990234375,4529200
2021-11-22,280.7300109863281,286.44000244140625,280.010009765625,284.9700012207031,284.9700012207031,5036000
2021-11-23,285.1499938964844,288.7300109863281,285.04998779296875,288.55999755859375,288.55999755859375,4490100
2021-11-24,287.44000244140625,288.32000732421875,286.0899963378906,287.2799987792969,287.2799987792969,4924100
2021-11-26,280.2799987792969,284.7099914550781,279.760009765625,283.0899963378906,283.0899963378906,4440700
2021-11-29,284.0,284.9800109863281,281.4200134277344,282.1199951171875,282.1199951171875,5390900
2021-11-30,279.94000244140625,280.20001220703125,275.8900146484375,276.69000244140625,276.69000244140625,9925300
2021-12-01,279.5400085449219,281.7200012207031,274.7900085449219,275.0,275.0,5165100
2021-12-02,276.67999267578125,280.3699951171875,275.2900085449219,279.0899963378906,279.0899963378906,4924800
2021-12-03,278.7099914550781,279.9700012207031,275.2699890136719,277.42999267578125,277.42999267578125,5925000
2021-12-06,278.7300109863281,283.1700134277344,278.7300109863281,281.3800048828125,281.3800048828125,5524200
2021-12-07,282.4200134277344,285.4100036621094,282.1199951171875,284.9700012207031,284.9700012207031,5766000
2021-12-08,284.9700012207031,285.9700012207031,282.2799987792969,283.7200012207031,283.7200012207031,3255700
2021-12-09,283.7699890136719,284.95001220703125,281.7799987792969,284.5199890136719,284.5199890136719,3445500
2021-12-10,285.489990234375,288.5,284.2300109863281,288.2300109863281,288.2300109863281,4109800
2021-12-13,288.5,291.5799865722656,285.8399963378906,290.010009765625,290.010009765625,4887500
2021-12-14,289.6700134277344,296.4100036621094,289.6700134277344,295.0299987792969,295.0299987792969,5992200
2021-12-15,295.82000732421875,296.5,292.80999755859375,294.5799865722656,294.5799865722656,5598200
2021-12-16,296.8800048828125,301.5799865722656,295.1000061035156,300.1700134277344,300.1700134277344,6538100
2021-12-17,297.8500061035156,298.0,292.3500061035156,293.6600036621094,293.6600036621094,12719500
2021-12-20,290.7699890136719,291.5799865722656,287.5899963378906,289.6099853515625,289.6099853515625,5456200
2021-12-21,292.1400146484375,295.4100036621094,291.5,293.239990234375,293.239990234375,3929100
2021-12-22,292.8599853515625,294.57000732421875,291.739990234375,294.4100036621094,294.4100036621094,2445600
2021-12-23,295.2200012207031,296.7799987792969,294.2099914550781,294.489990234375,294.489990234375,2898200
2021-12-27,295.25,296.69000244140625,294.4599914550781,296.6700134277344,296.6700134277344,2807200
2021-12-28,296.9599914550781,299.7900085449219,296.79998779296875,298.2900085449219,298.2900085449219,2572900
2021-12-29,299.2300109863281,300.6499938964844,298.8599853515625,299.4599914550781,299.4599914550781,2687300
2021-12-30,300.8800048828125,301.6499938964844,299.739990234375,299.9800109863281,299.9800109863281,2300000
2021-12-31,299.94000244140625,300.69000244140625,298.8399963378906,299.0,299.0,2932200
2022-01-03,300.1000061035156,301.29998779296875,299.20001220703125,300.7900085449219,300.7900085449219,3570300
2022-01-04,301.6499938964844,309.2099914550781,301.6499938964844,308.5299987792969,308.5299987792969,6003300
2022-01-05,309.8699951171875,314.4800109863281,309.5,309.9200134277344,309.9200134277344,6888300
2022-01-06,312.9800109863281,314.1099853515625,310.2200012207031,313.2200012207031,313.2200012207031,5137200
2022-01-07,315.55999755859375,320.20001220703125,314.1400146484375,319.7799987792969,319.7799987792969,5618300
2022-01-10,321.3999938964844,322.1000061035156,315.1199951171875,318.92999267578125,318.92999267578125,5812300
2022-01-11,318.6099853515625,320.0,315.0400085449219,319.79998779296875,319.79998779296875,4247900
2022-01-12,320.6199951171875,321.04998779296875,317.260009765625,320.3900146484375,320.3900146484375,3580400
2022-01-13,321.0,323.4700012207031,320.1000061035156,321.260009765625,321.260009765625,4277900
2022-01-14,318.8699951171875,324.3999938964844,316.5,324.1300048828125,324.1300048828125,4913700
2022-01-18,322.2200012207031,323.2900085449219,318.07000732421875,320.2900085449219,320.2900085449219,5764200
2022-01-19,321.3500061035156,321.3500061035156,314.5799865722656,314.75,314.75,6086400
2022-01-20,315.5799865722656,317.17999267578125,310.67999267578125,311.010009765625,311.010009765625,4402300
2022-01-21,309.989990234375,311.0199890136719,304.1400146484375,305.2200012207031,305.2200012207031,6535400
2022-01-24,299.70001220703125,304.7300109863281,296.0799865722656,303.7300109863281,303.7300109863281,8504200
2022-01-25,301.8699951171875,309.1300048828125,294.80999755859375,307.19000244140625,307.19000244140625,6435400
2022-01-26,310.3999938964844,313.3299865722656,306.57000732421875,309.260009765625,309.260009765625,6119400
2022-01-27,311.70001220703125,315.9200134277344,305.30999755859375,307.6700134277344,307.6700134277344,5053200
2022-01-28,307.67999267578125,313.2900085449219,304.07000732421875,312.8999938964844,312.8999938964844,5238200
2022-01-31,312.0,313.29998779296875,307.8399963378906,313.0199890136719,313.0199890136719,5237600
2022-02-01,312.6400146484375,314.6000061035156,310.30999755859375,313.9599914550781,313.9599914550781,4347200
2022-02-02,313.57000732421875,320.1600036621094,313.0,319.6000061035156,319.6000061035156,4632200
2022-02-03,319.3299865722656,319.6499938964844,314.6099853515625,315.2300109863281,315.2300109863281,4151500
2022-02-04,315.8699951171875,317.8399963378906,312.70001220703125,314.989990234375,314.989990234375,3654700
2022-02-07,314.9100036621094,318.2200012207031,312.05999755859375,316.510009765625,316.510009765625,3129100
2022-02-08,318.2699890136719,322.6499938964844,316.0,321.44000244140625,321.44000244140625,6237800
2022-02-09,323.79998779296875,325.6300048828125,321.5400085449219,322.3800048828125,322.3800048828125,3995900
2022-02-10,320.989990234375,322.4599914550781,318.489990234375,319.8500061035156,319.8500061035156,7079700
2022-02-11,320.010009765625,323.1199951171875,317.739990234375,319.1400146484375,319.1400146484375,7493400
2022-02-14,319.6099853515625,320.42999267578125,312.1700134277344,314.2799987792969,314.2799987792969,8129100
2022-02-15,316.6400146484375,317.94000244140625,314.69000244140625,316.20001220703125,316.20001220703125,3681400
2022-02-16,315.0,316.8999938964844,314.2799987792969,315.6499938964844,315.6499938964844,3974100
2022-02-17,314.9800109863281,315.44000244140625,312.29998779296875,313.54998779296875,313.54998779296875,3632400
2022-02-18,313.8299865722656,315.67999267578125,313.0799865722656,314.79998779296875,314.79998779296875,4224500
2022-02-22,313.44000244140625,315.42999267578125,310.54998779296875,314.1600036621094,314.1600036621094,5102000
2022-02-23,316.0799865722656,316.79998779296875,309.3800048828125,309.989990234375,309.989990234375,5030600
2022-02-24,301.7799987792969,308.80999755859375,299.510009765625,308.2799987792969,308.2799987792969,8834700
2022-02-25,311.1600036621094,321.42999267578125,310.7799987792969,319.239990234375,319.239990234375,7484400
2022-02-28,317.3500061035156,322.0,315.19000244140625,321.45001220703125,321.45001220703125,7981000
2022-03-01,320.260009765625,321.20001220703125,313.5899963378906,316.8399963378906,316.8399963378906,6441400
2022-03-02,319.4800109863281,325.75,318.1199951171875,323.6400146484375,323.6400146484375,4506100
2022-03-03,326.6300048828125,329.4700012207031,323.8900146484375,327.739990234375,327.739990234375,4594300
2022-03-04,322.6600036621094,325.6099853515625,320.1199951171875,325.3399963378906,325.3399963378906,4901900
2022-03-07,325.67999267578125,326.44000244140625,320.3500061035156,322.7200012207031,322.7200012207031,5875800
2022-03-08,325.29998779296875,327.2900085449219,318.0299987792969,318.5199890136719,318.5199890136719,7905000
2022-03-09,326.5899963378906,327.4700012207031,322.5799865722656,325.3999938964844,325.3999938964844,5874500
2022-03-10,322.489990234375,325.70001220703125,321.5799865722656,325.29998779296875,325.29998779296875,3843600
2022-03-11,326.5299987792969,331.489990234375,326.2300109863281,326.6000061035156,326.6000061035156,5135700
2022-03-14,328.6499938964844,333.4800109863281,327.6499938964844,329.9800109863281,329.9800109863281,5967200
2022-03-15,332.70001220703125,334.5799865722656,329.3800048828125,332.54998779296875,332.54998779296875,6928300
2022-03-16,335.1099853515625,337.3399963378906,331.7099914550781,336.1099853515625,336.1099853515625,5925800
2022-03-17,337.0,345.1300048828125,336.20001220703125,344.9700012207031,344.9700012207031,7219800
2022-03-18,344.1199951171875,346.8699951171875,339.2699890136719,342.4100036621094,342.4100036621094,8881500
2022-03-21,344.989990234375,351.2099914550781,344.29998779296875,349.6600036621094,349.6600036621094,6298300
2022-03-22,351.010009765625,354.95001220703125,348.8999938964844,349.92999267578125,349.92999267578125,5772700
2022-03-23,349.1300048828125,350.7900085449219,346.25,348.1600036621094,348.1600036621094,5642400
2022-03-24,351.5,352.57000732421875,349.1300048828125,352.3699951171875,352.3699951171875,3946300
2022-03-25,353.8999938964844,359.010009765625,353.6000061035156,358.760009765625,358.760009765625,4583000
2022-03-28,360.5899963378906,361.3800048828125,355.5299987792969,359.57000732421875,359.57000732421875,4172900
2022-03-29,361.3900146484375,362.1000061035156,352.54998779296875,355.1199951171875,355.1199951171875,5004800
2022-03-30,354.6600036621094,357.8500061035156,351.8399963378906,357.6099853515625,357.6099853515625,3911200
2022-03-31,359.0,360.0,352.32000732421875,352.9100036621094,352.9100036621094,6065400
2022-04-01,353.6499938964844,354.5799865722656,349.0199890136719,351.8800048828125,351.8800048828125,4123800
2022-04-04,352.0,352.239990234375,344.30999755859375,345.42999267578125,345.42999267578125,5090000
2022-04-05,345.7699890136719,349.44000244140625,344.2799987792969,344.79998779296875,344.79998779296875,4244700
2022-04-06,341.1700134277344,346.9700012207031,340.54998779296875,344.7099914550781,344.7099914550781,4547400
2022-04-07,346.2200012207031,347.6700134277344,342.3999938964844,346.510009765625,346.510009765625,3815700
2022-04-08,348.92999267578125,353.8500061035156,347.7300109863281,353.1000061035156,353.1000061035156,4490500
2022-04-11,352.9800109863281,354.3299865722656,349.3399963378906,352.0199890136719,352.0199890136719,3128900
2022-04-12,352.260009765625,354.0,348.3900146484375,349.739990234375,349.739990234375,3548800
2022-04-13,349.4599914550781,350.7200012207031,345.25,346.2200012207031,346.2200012207031,3434200
2022-04-14,346.1600036621094,347.55999755859375,344.1400146484375,344.3299865722656,344.3299865722656,3283500
2022-04-18,344.45001220703125,347.19000244140625,343.5899963378906,346.6499938964844,346.6499938964844,2517100
2022-04-19,347.0,349.1300048828125,345.8500061035156,348.5,348.5,3392000
2022-04-20,350.0,350.5899963378906,347.70001220703125,348.82000732421875,348.82000732421875,3711200
2022-04-21,350.8599853515625,350.8599853515625,342.9599914550781,343.6000061035156,343.6000061035156,4032100
2022-04-22,342.94000244140625,343.2099914550781,335.1099853515625,335.55999755859375,335.55999755859375,4966500
2022-04-25,332.29998779296875,337.8500061035156,328.5299987792969,336.95001220703125,336.95001220703125,5695100
2022-04-26,333.5299987792969,337.3900146484375,330.3599853515625,330.6499938964844,330.6499938964844,4588900
2022-04-27,330.6000061035156,333.1400146484375,328.42999267578125,329.5799865722656,329.5799865722656,3726700
2022-04-28,331.5299987792969,332.05999755859375,327.8299865722656,331.2699890136719,331.2699890136719,3845800
2022-04-29,330.19000244140625,330.6400146484375,320.5,322.8299865722656,322.8299865722656,5685200
2022-05-02,324.1099853515625,324.3699951171875,311.739990234375,318.19000244140625,318.19000244140625,6797200
2022-05-03,319.4200134277344,323.5799865722656,317.6700134277344,318.989990234375,318.989990234375,3874700
2022-05-04,319.1000061035156,327.2799987792969,318.0,326.79998779296875,326.79998779296875,4269600
2022-05-05,325.8500061035156,325.8500061035156,315.1600036621094,318.67999267578125,318.67999267578125,5257600
2022-05-06,317.989990234375,320.3699951171875,314.19000244140625,318.8800048828125,318.8800048828125,4198800
2022-05-09,315.3500061035156,316.9200134277344,311.55999755859375,312.9599914550781,312.9599914550781,4874400
2022-05-10,315.9599914550781,318.1099853515625,310.239990234375,312.5299987792969,312.5299987792969,4798400
2022-05-11,313.1700134277344,317.54998779296875,311.010009765625,311.5400085449219,311.5400085449219,4250700
2022-05-12,307.95001220703125,309.07000732421875,302.54998779296875,308.05999755859375,308.05999755859375,5679800
2022-05-13,311.25,312.4700012207031,307.8999938964844,310.3599853515625,310.3599853515625,3767500
2022-05-16,310.2799987792969,311.95001220703125,307.1300048828125,309.2900085449219,309.2900085449219,3697600
2022-05-17,315.2099914550781,315.44000244140625,312.1000061035156,314.6000061035156,314.6000061035156,4154200
2022-05-18,312.94000244140625,314.1700134277344,305.57000732421875,306.6400146484375,306.6400146484375,4417900
2022-05-19,303.92999267578125,306.30999755859375,301.2099914550781,304.1499938964844,304.1499938964844,4730100
2022-05-20,307.04998779296875,307.4599914550781,298.1099853515625,304.04998779296875,304.04998779296875,5517600
2022-05-23,307.3800048828125,312.44000244140625,306.6199951171875,310.20001220703125,310.20001220703125,4142100
2022-05-24,309.3900146484375,310.30999755859375,303.75,309.1700134277344,309.1700134277344,3657600
2022-05-25,308.5899963378906,310.989990234375,305.9200134277344,308.6400146484375,308.6400146484375,3704800
2022-05-26,311.2699890136719,314.3900146484375,310.9800109863281,312.5,312.5,4472000
2022-05-27,314.7300109863281,319.239990234375,314.1499938964844,319.1099853515625,319.1099853515625,4280100
2022-05-31,318.9800109863281,318.9800109863281,314.79998779296875,315.9800109863281,315.9800109863281,5675800
2022-06-01,316.0,316.7900085449219,309.6099853515625,312.2099914550781,312.2099914550781,3795700
2022-06-02,312.6499938964844,315.0899963378906,308.6099853515625,314.95001220703125,314.95001220703125,3119300
2022-06-03,312.5,313.79998779296875,310.3999938964844,310.94000244140625,310.94000244140625,2587500
2022-06-06,313.3800048828125,315.7799987792969,311.4800109863281,312.1499938964844,312.1499938964844,2980900
2022-06-07,310.5799865722656,313.7900085449219,309.3900146484375,313.6499938964844,313.6499938964844,2550700
2022-06-08,312.1600036621094,312.79998779296875,307.92999267578125,308.739990234375,308.739990234375,2877400
2022-06-09,308.1000061035156,308.3800048828125,300.57000732421875,300.79998779296875,300.79998779296875,3217400
2022-06-10,296.0799865722656,298.0,291.6099853515625,291.7099914550781,291.7099914550781,5882600
2022-06-13,285.42999267578125,287.42999267578125,280.1000061035156,281.55999755859375,281.55999755859375,7109100
2022-06-14,282.0899963378906,283.9599914550781,276.1000061035156,277.6400146484375,277.6400146484375,5838100
2022-06-15,281.1600036621094,282.5,273.8699951171875,278.92999267578125,278.92999267578125,5821200
2022-06-16,273.3900146484375,273.3999938964844,266.8800048828125,268.55999755859375,268.55999755859375,7199200
2022-06-17,268.3900146484375,270.5,265.67999267578125,268.0799865722656,268.0799865722656,11562000
2022-06-21,273.8500061035156,273.9800109863281,270.3399963378906,271.7699890136719,271.7699890136719,4906700
2022-06-22,267.3800048828125,273.3999938964844,267.3800048828125,269.7900085449219,269.7900085449219,4220700
2022-06-23,269.8500061035156,270.7099914550781,263.67999267578125,267.5199890136719,267.5199890136719,4727400
2022-06-24,268.9700012207031,279.6700134277344,268.57000732421875,278.2799987792969,278.2799987792969,6451900
2022-06-27,280.5299987792969,282.0299987792969,277.6099853515625,278.3999938964844,278.3999938964844,4134800
2022-06-28,280.510009765625,282.45001220703125,273.67999267578125,273.8599853515625,273.8599853515625,3868000
2022-06-29,274.95001220703125,275.94000244140625,272.9700012207031,273.489990234375,273.489990234375,2995900
2022-06-30,270.510009765625,274.9200134277344,268.67999267578125,273.0199890136719,273.0199890136719,4623500
2022-07-01,272.5,278.3999938964844,271.6300048828125,277.5,277.5,3667300
2022-07-05,274.20001220703125,275.8599853515625,271.3900146484375,275.69000244140625,275.69000244140625,3676900
2022-07-06,274.8399963378906,277.510009765625,272.8699951171875,275.6499938964844,275.6499938964844,3033900
2022-07-07,277.5,279.5899963378906,277.1000061035156,279.2799987792969,279.2799987792969,3949700
2022-07-08,279.7900085449219,282.6099853515625,279.25,280.8299865722656,280.8299865722656,2983400
2022-07-11,279.3800048828125,281.4599914550781,277.8699951171875,278.510009765625,278.510009765625,2864400
2022-07-12,277.57000732421875,282.17999267578125,276.6499938964844,277.2799987792969,277.2799987792969,3033000
2022-07-13,275.3699951171875,280.0899963378906,274.45001220703125,277.4700012207031,277.4700012207031,4197400
2022-07-14,273.0,275.3500061035156,271.20001220703125,274.4100036621094,274.4100036621094,3888500
2022-07-15,277.5299987792969,280.0,276.05999755859375,278.4800109863281,278.4800109863281,4547400
2022-07-18,281.5,281.5,275.2099914550781,276.260009765625,276.260009765625,3273800
2022-07-19,279.0,284.0799865722656,278.1700134277344,283.54998779296875,283.54998779296875,3590200
2022-07-20,284.6400146484375,286.44000244140625,283.8999938964844,286.0400085449219,286.0400085449219,3877200
2022-07-21,287.0,287.239990234375,282.0899963378906,286.8500061035156,286.8500061035156,3699000
2022-07-22,288.1000061035156,289.3999938964844,283.6199951171875,285.92999267578125,285.92999267578125,2876100
2022-07-25,287.2099914550781,289.07000732421875,285.1499938964844,287.989990234375,287.989990234375,3136300
2022-07-26,287.7900085449219,288.7099914550781,284.6499938964844,285.30999755859375,285.30999755859375,2512200
2022-07-27,287.6700134277344,291.55999755859375,285.70001220703125,290.29998779296875,290.29998779296875,3613200
2022-07-28,291.17999267578125,294.0299987792969,286.7699890136719,293.8999938964844,293.8999938964844,3986900
2022-07-29,297.4200134277344,302.3999938964844,295.42999267578125,300.6000061035156,300.6000061035156,6976200
2022-08-01,299.70001220703125,299.70001220703125,294.8299865722656,295.8599853515625,295.8599853515625,4192700
2022-08-02,294.8699951171875,295.5299987792969,291.9200134277344,292.1700134277344,292.1700134277344,3166500
2022-08-03,295.04998779296875,295.8800048828125,291.1000061035156,294.9599914550781,294.9599914550781,4061400
2022-08-04,294.7300109863281,295.9800109863281,292.6199951171875,292.9100036621094,292.9100036621094,3946200
2022-08-05,291.8699951171875,294.1000061035156,290.42999267578125,292.07000732421875,292.07000732421875,3395400
2022-08-08,294.8699951171875,299.3299865722656,292.2699890136719,292.3399963378906,292.3399963378906,3965600
2022-08-09,293.3500061035156,297.57000732421875,291.92999267578125,292.7699890136719,292.7699890136719,3872100
2022-08-10,296.4800109863281,296.92999267578125,294.1000061035156,295.1099853515625,295.1099853515625,3705700
2022-08-11,298.0,299.05999755859375,296.1199951171875,296.4700012207031,296.4700012207031,3144800
2022-08-12,297.8999938964844,301.69000244140625,297.0,301.54998779296875,301.54998779296875,3231300
2022-08-15,298.6400146484375,303.760009765625,297.3999938964844,302.82000732421875,302.82000732421875,2927200
2022-08-16,304.989990234375,308.1499938964844,303.760009765625,306.6499938964844,306.6499938964844,3342600
2022-08-17,305.2200012207031,306.8900146484375,302.739990234375,304.260009765625,304.260009765625,2962600
2022-08-18,304.44000244140625,304.57000732421875,301.54998779296875,304.2699890136719,304.2699890136719,2783100
2022-08-19,302.95001220703125,303.2200012207031,296.80999755859375,297.2799987792969,297.2799987792969,4613100
2022-08-22,294.0,294.4700012207031,287.8599853515625,288.69000244140625,288.69000244140625,4713900
2022-08-23,288.8500061035156,291.6400146484375,288.1499938964844,289.6499938964844,289.6499938964844,2592100
2022-08-24,290.0,294.0,289.4599914550781,293.5199890136719,293.5199890136719,3266100
2022-08-25,293.7099914550781,298.4800109863281,292.8299865722656,298.1300048828125,298.1300048828125,3463700
2022-08-26,299.4100036621094,299.6300048828125,289.6499938964844,289.9599914550781,289.9599914550781,5277200
2022-08-29,288.3999938964844,289.8299865722656,285.75,287.45001220703125,287.45001220703125,3098300
2022-08-30,288.7200012207031,289.32000732421875,284.7699890136719,285.4200134277344,285.4200134277344,3213700
2022-08-31,287.25,288.010009765625,280.44000244140625,280.79998779296875,280.79998779296875,4999600
2022-09-01,279.95001220703125,282.67999267578125,277.30999755859375,282.42999267578125,282.42999267578125,3765000
2022-09-02,284.8399963378906,285.4200134277344,276.3699951171875,277.6700134277344,277.6700134277344,3793600
2022-09-06,278.010009765625,279.489990234375,275.3599853515625,276.5899963378906,276.5899963378906,4362900
2022-09-07,275.739990234375,281.739990234375,275.4200134277344,281.0400085449219,281.0400085449219,3509900
2022-09-08,278.5799865722656,283.3999938964844,277.2900085449219,283.3399963378906,283.3399963378906,3542300
2022-09-09,284.5400085449219,287.0199890136719,284.1300048828125,285.7699890136719,285.7699890136719,3125100
2022-09-12,286.70001220703125,289.239990234375,286.0299987792969,288.510009765625,288.510009765625,3407900
2022-09-13,283.989990234375,285.1400146484375,277.5,278.2900085449219,278.2900085449219,4582700
2022-09-14,279.0,280.2099914550781,275.6400146484375,278.4200134277344,278.4200134277344,3718400
2022-09-15,278.69000244140625,281.2699890136719,276.3599853515625,276.70001220703125,276.70001220703125,3274500
2022-09-16,275.3500061035156,276.3800048828125,273.260009765625,274.80999755859375,274.80999755859375,7288900
2022-09-19,272.7900085449219,279.1300048828125,272.7200012207031,278.95001220703125,278.95001220703125,3291500
2022-09-20,277.1700134277344,278.0400085449219,274.6099853515625,277.1300048828125,277.1300048828125,3275600
2022-09-21,278.8999938964844,278.9200134277344,270.7200012207031,270.739990234375,270.739990234375,3941800
2022-09-22,271.0299987792969,271.5,268.2699890136719,268.510009765625,268.510009765625,4120900
2022-09-23,266.010009765625,268.1400146484375,264.239990234375,267.7699890136719,267.7699890136719,5175100
2022-09-26,265.82000732421875,267.8399963378906,263.3699951171875,264.32000732421875,264.32000732421875,4929300
2022-09-27,266.989990234375,267.92999267578125,261.54998779296875,265.4700012207031,265.4700012207031,5767700
2022-09-28,265.6499938964844,273.6000061035156,264.9100036621094,271.7799987792969,271.7799987792969,5941800
2022-09-29,269.8900146484375,272.1700134277344,265.5899963378906,269.5799865722656,269.5799865722656,5210700
2022-09-30,269.2099914550781,272.94000244140625,266.6000061035156,267.0199890136719,267.0199890136719,6057500
2022-10-03,269.5199890136719,274.57000732421875,267.1600036621094,272.79998779296875,272.79998779296875,4901000
2022-10-04,277.4200134277344,281.29998779296875,276.6000061035156,280.489990234375,280.489990234375,4633700
2022-10-05,276.8699951171875,280.8800048828125,275.8399963378906,279.3599853515625,279.3599853515625,3350400
2022-10-06,278.20001220703125,279.8500061035156,275.8999938964844,276.30999755859375,276.30999755859375,3394000
2022-10-07,274.44000244140625,274.5,267.4800109863281,269.0400085449219,269.0400085449219,4270200
2022-10-10,269.8900146484375,270.2099914550781,265.8599853515625,266.92999267578125,266.92999267578125,3106500
2022-10-11,266.1000061035156,270.9700012207031,265.6099853515625,267.30999755859375,267.30999755859375,3442000
2022-10-12,267.30999755859375,267.5199890136719,263.9599914550781,264.0,264.0,3342400
2022-10-13,260.5799865722656,276.7799987792969,259.8500061035156,275.7799987792969,275.7799987792969,5483400
2022-10-14,277.5899963378906,279.2200012207031,271.9700012207031,272.6700134277344,272.6700134277344,4292300
2022-10-17,276.4800109863281,278.5899963378906,275.29998779296875,277.0199890136719,277.0199890136719,4452100
2022-10-18,282.739990234375,283.3599853515625,279.25,281.6700134277344,281.6700134277344,4292700
2022-10-19,280.3299865722656,282.3800048828125,276.9700012207031,278.3399963378906,278.3399963378906,3213700
2022-10-20,278.07000732421875,279.44000244140625,273.0,273.5299987792969,273.5299987792969,3916600
2022-10-21,273.760009765625,282.9200134277344,271.4599914550781,282.510009765625,282.510009765625,4995400
2022-10-24,284.1000061035156,289.3399963378906,283.989990234375,287.4800109863281,287.4800109863281,3860000
2022-10-25,288.7699890136719,289.8699951171875,286.8800048828125,289.239990234375,289.239990234375,3171000
2022-10-26,289.75,291.79998779296875,287.67999267578125,288.5199890136719,288.5199890136719,3294100
2022-10-27,290.30999755859375,294.0,288.8500061035156,289.8800048828125,289.8800048828125,4273800
2022-10-28,292.7699890136719,299.9800109863281,291.4800109863281,299.6300048828125,299.6300048828125,4627600
2022-10-31,297.9800109863281,298.8900146484375,294.8500061035156,295.0899963378906,295.0899963378906,4626400
2022-11-01,298.45001220703125,298.8699951171875,293.0400085449219,294.1300048828125,294.1300048828125,3837000
2022-11-02,293.0400085449219,298.260009765625,289.4200134277344,289.4599914550781,289.4599914550781,4269000
2022-11-03,286.0199890136719,287.4700012207031,283.4599914550781,283.8500061035156,283.8500061035156,3122900
2022-11-04,286.7699890136719,289.20001220703125,282.3800048828125,287.4700012207031,287.4700012207031,3925300
2022-11-07,290.9200134277344,292.1000061035156,288.6499938964844,290.19000244140625,290.19000244140625,3522000
2022-11-08,291.1099853515625,294.739990234375,289.010009765625,292.6099853515625,292.6099853515625,3562200
2022-11-09,291.9800109863281,292.3999938964844,288.05999755859375,288.6499938964844,288.6499938964844,2759300
2022-11-10,297.1099853515625,303.5,294.5400085449219,303.20001220703125,303.20001220703125,5693100
2022-11-11,305.55999755859375,311.3299865722656,302.6000061035156,309.7200012207031,309.7200012207031,6570200
2022-11-14,310.0,311.8399963378906,308.8399963378906,308.9100036621094,308.9100036621094,4637600
2022-11-15,313.6700134277344,313.8900146484375,307.17999267578125,309.9800109863281,309.9800109863281,4372400
2022-11-16,310.92999267578125,311.54998779296875,306.739990234375,308.760009765625,308.760009765625,2970600
2022-11-17,305.70001220703125,307.6199951171875,304.1499938964844,307.44000244140625,307.44000244140625,3062200
2022-11-18,310.54998779296875,311.20001220703125,308.6199951171875,310.760009765625,310.760009765625,3395500
2022-11-21,310.80999755859375,312.8999938964844,308.5799865722656,311.20001220703125,311.20001220703125,2862000
2022-11-22,313.0,316.55999755859375,312.04998779296875,315.760009765625,315.760009765625,3172000
2022-11-23,315.3900146484375,316.42999267578125,314.07000732421875,316.17999267578125,316.17999267578125,2684900
2022-11-25,317.5199890136719,319.1199951171875,316.17999267578125,317.42999267578125,317.42999267578125,1844900
2022-11-28,316.25,317.6400146484375,312.3299865722656,313.2699890136719,313.2699890136719,4230700
2022-11-29,311.8900146484375,315.2900085449219,311.3500061035156,315.1300048828125,315.1300048828125,3740100
2022-11-30,315.1300048828125,318.6000061035156,308.70001220703125,318.6000061035156,318.6000061035156,7919700
2022-12-01,319.0,319.55999755859375,313.29998779296875,315.8399963378906,315.8399963378906,4351600
2022-12-02,313.489990234375,316.3800048828125,312.75,316.1499938964844,316.1499938964844,3025700
2022-12-05,315.2200012207031,315.6600036621094,308.7300109863281,310.57000732421875,310.57000732421875,3835800
2022-12-06,309.95001220703125,310.2900085449219,306.3500061035156,307.7799987792969,307.7799987792969,3877400
2022-12-07,307.07000732421875,309.3800048828125,304.9200134277344,305.82000732421875,305.82000732421875,4130800
2022-12-08,306.0,307.489990234375,305.0899963378906,305.989990234375,305.989990234375,2351700
2022-12-09,305.32000732421875,308.3399963378906,304.7099914550781,306.3900146484375,306.3900146484375,3326000
2022-12-12,307.54998779296875,311.9100036621094,305.4599914550781,311.45001220703125,311.45001220703125,4366700
2022-12-13,318.3999938964844,318.9100036621094,310.82000732421875,312.3299865722656,312.3299865722656,5042800
2022-12-14,312.739990234375,316.3599853515625,308.3999938964844,309.2900085449219,309.2900085449219,4056900
2022-12-15,306.42999267578125,306.9599914550781,299.45001220703125,301.9100036621094,301.9100036621094,5103900
2022-12-16,299.04998779296875,302.4700012207031,297.760009765625,300.0,300.0,8305700
2022-12-19,300.510009765625,301.4800109863281,297.1499938964844,300.0299987792969,300.0299987792969,3842200
2022-12-20,300.0899963378906,304.19000244140625,297.0,302.0,302.0,3090700
2022-12-21,304.3800048828125,308.5400085449219,304.1600036621094,307.82000732421875,307.82000732421875,3264600
2022-12-22,306.1000061035156,306.5,297.6400146484375,302.69000244140625,302.69000244140625,3560100
2022-12-23,302.8800048828125,306.57000732421875,300.92999267578125,306.489990234375,306.489990234375,2460400
2022-12-27,306.45001220703125,308.5799865722656,304.6499938964844,305.54998779296875,305.54998779296875,2730900
2022-12-28,304.7699890136719,307.4599914550781,303.260009765625,303.42999267578125,303.42999267578125,2628200
2022-12-29,305.94000244140625,309.3800048828125,305.239990234375,309.05999755859375,309.05999755859375,2846200
2022-12-30,306.95001220703125,309.0400085449219,305.6199951171875,308.8999938964844,308.8999938964844,3298300
2023-01-03,310.07000732421875,312.3900146484375,307.3800048828125,309.9100036621094,309.9100036621094,3549900
2023-01-04,312.0,316.8900146484375,311.25,314.54998779296875,314.54998779296875,5121200
2023-01-05,313.57000732421875,314.2300109863281,310.0,312.8999938964844,312.8999938964844,3416300
2023-01-06,315.0,320.1600036621094,313.3800048828125,318.69000244140625,318.69000244140625,3647900
2023-01-09,319.0199890136719,320.5,314.75,315.5299987792969,315.5299987792969,4397400
2023-01-10,315.0,316.79998779296875,313.3399963378906,316.3500061035156,316.3500061035156,3049100
2023-01-11,318.5199890136719,320.57000732421875,316.6000061035156,320.3699951171875,320.3699951171875,2999500
2023-01-12,321.1499938964844,321.32000732421875,317.7200012207031,318.92999267578125,318.92999267578125,3070300
2023-01-13,317.489990234375,318.4200134277344,315.7900085449219,317.6400146484375,317.6400146484375,2773000
2023-01-17,318.3999938964844,318.5199890136719,314.25,314.8599853515625,314.8599853515625,3478900
2023-01-18,315.0,315.5400085449219,307.75,308.29998779296875,308.29998779296875,3406000
2023-01-19,306.1199951171875,307.239990234375,303.8599853515625,305.2300109863281,305.2300109863281,3614600
2023-01-20,305.2099914550781,310.010009765625,304.3599853515625,309.8699951171875,309.8699951171875,3770100
2023-01-23,309.6300048828125,312.7300109863281,306.8500061035156,310.4200134277344,310.4200134277344,3086700
2023-01-24,309.29998779296875,312.8299865722656,307.5,311.29998779296875,311.29998779296875,2234300
2023-01-25,308.3299865722656,312.54998779296875,307.7099914550781,311.8999938964844,311.8999938964844,2299800
2023-01-26,312.989990234375,313.67999267578125,309.5799865722656,310.95001220703125,310.95001220703125,2856600
2023-01-27,309.7900085449219,311.7300109863281,308.3399963378906,309.1700134277344,309.1700134277344,3031200
2023-01-30,307.6000061035156,309.510009765625,306.80999755859375,307.3299865722656,307.3299865722656,3474600
2023-01-31,307.739990234375,311.8599853515625,305.7900085449219,311.5199890136719,311.5199890136719,3653400
2023-02-01,309.6300048828125,312.6700134277344,306.3800048828125,310.57000732421875,310.57000732421875,3518300
2023-02-02,312.3500061035156,312.6000061035156,308.29998779296875,311.8599853515625,311.8599853515625,4421400
2023-02-03,311.0,311.54998779296875,305.9200134277344,308.510009765625,308.510009765625,5385700
2023-02-06,308.25,308.79998779296875,305.6000061035156,308.42999267578125,308.42999267578125,2973100
2023-02-07,307.29998779296875,314.1499938964844,306.6300048828125,312.9700012207031,312.9700012207031,3786700
2023-02-08,311.1199951171875,313.4100036621094,308.010009765625,308.4800109863281,308.4800109863281,3370000
2023-02-09,310.1700134277344,311.4200134277344,306.989990234375,307.2099914550781,307.2099914550781,3461200
2023-02-10,307.0799865722656,309.9800109863281,305.2799987792969,309.8900146484375,309.8900146484375,2808000
2023-02-13,310.29998779296875,313.739990234375,309.6199951171875,313.739990234375,313.739990234375,3261500
2023-02-14,313.7799987792969,314.1000061035156,309.0400085449219,310.7900085449219,310.7900085449219,2907100
2023-02-15,309.9800109863281,310.3699951171875,308.2799987792969,309.6300048828125,309.6300048828125,2410700
2023-02-16,307.5799865722656,310.20001220703125,306.8699951171875,308.17999267578125,308.17999267578125,2801700
2023-02-17,307.1499938964844,308.4100036621094,305.4800109863281,308.239990234375,308.239990234375,2720500
2023-02-21,306.1700134277344,307.29998779296875,300.5,302.7200012207031,302.7200012207031,4131100
2023-02-22,303.20001220703125,305.2699890136719,301.7699890136719,303.1600036621094,303.1600036621094,2899500
2023-02-23,305.010009765625,305.55999755859375,300.25,303.07000732421875,303.07000732421875,2736400
2023-02-24,300.3999938964844,305.6199951171875,300.010009765625,304.0199890136719,304.0199890136719,3656200
2023-02-27,304.3699951171875,305.7799987792969,302.010009765625,304.6600036621094,304.6600036621094,3652200
2023-02-28,304.8900146484375,306.1499938964844,303.4100036621094,305.17999267578125,305.17999267578125,4736800
2023-03-01,304.0199890136719,305.6199951171875,302.0799865722656,304.6199951171875,304.6199951171875,3397200
2023-03-02,303.6600036621094,308.1000061035156,301.45001220703125,307.75,307.75,3152100
2023-03-03,309.55999755859375,312.6600036621094,308.5,312.45001220703125,312.45001220703125,4493000
2023-03-06,312.82000732421875,317.2900085449219,312.42999267578125,316.9700012207031,316.9700012207031,4889800
2023-03-07,316.3900146484375,316.5,310.2300109863281,311.1199951171875,311.1199951171875,3609700
2023-03-08,310.7200012207031,312.67999267578125,309.25,311.3699951171875,311.3699951171875,2701600
2023-03-09,311.0,313.17999267578125,303.94000244140625,304.82000732421875,304.82000732421875,3929500
2023-03-10,302.95001220703125,306.7200012207031,301.9200134277344,303.6300048828125,303.6300048828125,5294800
